world,instruction,recorded_success,recomputed_success,blocking_stage,grasped_at_reset,first_grasp_env_step,first_release_env_step,timed_out,ended_holding,lost_grip_env_step,env_step_budget,object_to_receptacle_at_reset_m,release_clearance_m,xy_at_release_m,min_xy_m,min_xy_at_rest_m,xy_at_rest_m,bounce_m,z_at_rest_m,settle_gap_m,radius_m,env_steps_active,horizon_decisions,instruction_text,recording,start_distance_cap
8,put_into_bowl,True,True,,False,17,23,False,False,18,160,0.01968,0.03713,0.02715,0.0086,0.02715,0.02715,0.0,0.03713,-0.00872,0.057,24,40,put tomato into bowl,record_00.npz,
9,put_into_bowl,True,True,,False,17,69,False,False,25,160,0.01968,0.02468,0.01923,0.00861,0.01923,0.01923,0.0,0.02468,-0.02183,0.057,70,40,put tomato into bowl,record_00.npz,
10,put_into_bowl,True,True,,False,17,27,False,False,23,160,0.01968,0.04547,0.00598,0.00598,0.00641,0.00641,0.00042,0.03746,-0.0077,0.057,29,40,put tomato into bowl,record_00.npz,
11,put_into_bowl,True,True,,False,17,32,False,False,28,160,0.01968,0.07773,0.00992,0.00807,0.01718,0.01718,0.00727,0.04549,-0.00035,0.057,38,40,put tomato into bowl,record_00.npz,
12,put_into_bowl,True,True,,False,17,35,False,False,30,160,0.01968,0.07074,0.04179,0.0086,0.0409,0.0409,-0.00088,0.04566,-0.00023,0.057,39,40,put tomato into bowl,record_00.npz,
13,put_into_bowl,True,True,,False,17,47,False,False,26,160,0.01968,0.0242,0.01966,0.00861,0.01966,0.01966,0.0,0.0242,-0.02227,0.057,48,40,put tomato into bowl,record_00.npz,
14,put_into_bowl,True,True,,False,17,27,False,False,24,160,0.01968,0.0661,0.03312,0.00853,0.03513,0.03513,0.00201,0.04497,-0.00093,0.057,31,40,put tomato into bowl,record_00.npz,
15,put_into_bowl,True,True,,False,15,27,False,False,23,160,0.01968,0.06307,0.02036,0.00715,0.01126,0.01126,-0.0091,0.02463,-0.02272,0.057,53,40,put tomato into bowl,record_00.npz,
32,put_into_bowl,True,True,,False,20,22,False,False,21,160,0.01051,0.03244,0.004,0.00303,0.004,0.004,0.0,0.03244,-0.01855,0.057,23,40,put apple into bowl,record_00.npz,
33,put_into_bowl,True,True,,False,19,42,False,False,40,160,0.01051,0.09486,0.01735,0.00215,0.02428,0.02428,0.00693,0.0496,-0.00271,0.057,49,40,put apple into bowl,record_00.npz,
34,put_into_bowl,True,True,,False,19,50,False,False,34,160,0.01051,0.06154,0.02084,0.00487,0.02452,0.02452,0.00368,0.04548,-0.00683,0.057,53,40,put apple into bowl,record_00.npz,
35,put_into_bowl,True,True,,False,19,31,False,False,23,160,0.01051,0.06615,0.01583,0.00081,0.02352,0.02352,0.00769,0.04568,-0.00664,0.057,41,40,put apple into bowl,record_00.npz,
36,put_into_bowl,True,True,,False,38,131,False,False,46,160,0.01051,0.03047,0.01145,0.00166,0.01145,0.01145,0.0,0.03047,-0.02224,0.057,132,40,put apple into bowl,record_00.npz,
37,put_into_bowl,True,True,,False,19,25,False,False,24,160,0.01051,0.03064,0.00665,0.00234,0.00665,0.00665,0.0,0.03064,-0.02022,0.057,26,40,put apple into bowl,record_00.npz,
38,put_into_bowl,True,True,,False,19,22,False,False,20,160,0.01051,0.03702,0.00422,0.00422,0.00422,0.00422,0.0,0.03702,-0.01305,0.057,23,40,put apple into bowl,record_00.npz,
39,put_into_bowl,True,True,,False,26,41,False,False,39,160,0.01051,0.03006,0.00484,0.00484,0.00484,0.00484,0.0,0.03006,-0.02245,0.057,42,40,put apple into bowl,record_00.npz,
40,put_into_plate,True,True,,False,19,26,False,False,21,160,0.08043,0.05032,0.06919,0.06919,0.06919,0.06919,0.0,0.05032,-0.01217,0.091,27,40,put tomato on the plate,record_00.npz,
41,put_into_plate,True,True,,False,18,38,False,False,33,160,0.08043,0.08382,0.02649,0.0217,0.0217,0.0217,-0.00478,0.05896,-0.00354,0.091,42,40,put tomato on the plate,record_00.npz,
42,put_into_plate,True,True,,False,18,38,False,False,31,160,0.08043,0.03971,0.01436,0.01436,0.01436,0.01436,0.0,0.03971,-0.02291,0.091,39,40,put tomato on the plate,record_00.npz,
43,put_into_plate,True,True,,False,18,30,False,False,26,160,0.08043,0.06222,0.04227,0.04227,0.04227,0.04227,0.0,0.06222,-0.00027,0.091,31,40,put tomato on the plate,record_00.npz,
44,put_into_plate,False,False,no_release,False,37,-1,False,False,47,160,0.08043,nan,nan,0.07974,nan,0.10908,nan,0.05211,-0.01038,0.091,62,40,put tomato on the plate,record_00.npz,
45,put_into_plate,True,True,,False,19,36,False,False,32,160,0.08043,0.09136,0.02637,0.00612,0.00612,0.00612,-0.02025,0.05139,-0.01098,0.091,42,40,put tomato on the plate,record_00.npz,
46,put_into_plate,True,True,,False,18,25,False,False,20,160,0.08043,0.04086,0.06127,0.06127,0.06127,0.06127,0.0,0.04086,-0.02256,0.091,26,40,put tomato on the plate,record_00.npz,
47,put_into_plate,False,False,no_release,False,31,-1,True,False,35,160,0.08043,nan,nan,0.06084,nan,0.0687,nan,0.04106,-0.02164,0.091,160,40,put tomato on the plate,record_00.npz,
72,put_into_plate,False,False,no_grasp,False,-1,-1,True,False,-1,160,0.08231,nan,nan,0.0746,nan,0.0746,nan,0.04092,-0.02184,0.091,160,40,put tomato on the plate,record_00.npz,
73,put_into_plate,True,True,,False,19,30,False,False,26,160,0.08231,0.07589,0.0717,0.06916,0.06916,0.06916,-0.00254,0.05753,-0.00497,0.091,34,40,put tomato on the plate,record_00.npz,
74,put_into_plate,True,True,,False,20,33,False,False,28,160,0.08231,0.079,0.06281,0.05994,0.05994,0.05994,-0.00287,0.05384,-0.00862,0.091,37,40,put tomato on the plate,record_00.npz,
75,put_into_plate,False,False,no_grasp,False,-1,-1,True,False,-1,160,0.08231,nan,nan,0.05833,nan,0.05833,nan,0.04097,-0.02173,0.091,160,40,put tomato on the plate,record_00.npz,
76,put_into_plate,True,True,,False,19,35,False,False,29,160,0.08231,0.07482,0.06509,0.06278,0.06278,0.06278,-0.00232,0.05674,-0.00574,0.091,38,40,put tomato on the plate,record_00.npz,
77,put_into_plate,True,True,,False,20,95,False,False,24,160,0.08231,0.04092,0.06643,0.06643,0.06643,0.06643,0.0,0.04092,-0.0219,0.091,96,40,put tomato on the plate,record_00.npz,
78,put_into_plate,False,False,no_release,False,19,-1,True,False,23,160,0.08231,nan,nan,0.06833,nan,0.06833,nan,0.0408,-0.02195,0.091,160,40,put tomato on the plate,record_00.npz,
79,put_into_plate,False,False,no_release,False,19,-1,True,False,23,160,0.08231,nan,nan,0.04866,nan,0.04866,nan,0.04099,-0.02183,0.091,160,40,put tomato on the plate,record_00.npz,
88,put_into_bowl,False,False,not_settled,False,21,106,False,False,59,160,0.06362,0.11858,0.03969,0.03969,nan,0.0848,0.04512,0.0469,-0.0033,0.057,159,40,put potato into bowl,record_00.npz,
89,put_into_bowl,True,True,,False,16,100,False,False,18,160,0.06362,0.08622,0.03254,0.02905,0.04602,0.04602,0.01348,0.0493,-0.00053,0.057,142,40,put potato into bowl,record_00.npz,
90,put_into_bowl,False,False,no_release,False,20,-1,False,False,45,160,0.06362,nan,nan,0.0312,nan,0.05945,nan,0.04355,-0.0042,0.057,112,40,put potato into bowl,record_00.npz,
91,put_into_bowl,False,False,not_settled,False,22,79,True,True,79,160,0.06362,0.0919,0.01719,0.01481,nan,0.02277,0.00557,0.1133,0.06347,0.057,160,40,put potato into bowl,record_00.npz,
92,put_into_bowl,True,True,,False,45,76,False,False,46,160,0.06362,0.11263,0.03172,0.00845,0.01435,0.01435,-0.01736,0.04829,-0.00153,0.057,127,40,put potato into bowl,record_00.npz,
93,put_into_bowl,False,False,not_settled,False,17,101,True,True,18,160,0.06362,0.08968,0.04809,0.02846,nan,0.05091,0.00282,0.06781,0.01797,0.057,160,40,put potato into bowl,record_00.npz,
94,put_into_bowl,True,True,,False,17,95,False,False,19,160,0.06362,0.07524,0.04905,0.02105,0.02804,0.02804,-0.02101,0.04126,-0.00415,0.057,136,40,put potato into bowl,record_00.npz,
95,put_into_bowl,False,False,no_grasp,False,-1,-1,True,False,-1,160,0.06362,nan,nan,0.04348,nan,8.0,nan,0.00151,-0.29635,0.057,160,40,put potato into bowl,record_00.npz,
96,put_into_plate,False,False,no_release,False,17,-1,False,False,20,160,0.10071,nan,nan,0.10071,nan,0.10521,nan,0.04314,-0.02728,0.091,21,40,put apple on the plate,record_00.npz,
97,put_into_plate,False,False,no_grasp,False,-1,-1,True,False,-1,160,0.10071,nan,nan,0.09974,nan,0.12709,nan,0.02579,-0.04312,0.091,160,40,put apple on the plate,record_00.npz,
98,put_into_plate,False,False,no_grasp,False,-1,-1,True,False,-1,160,0.10071,nan,nan,0.10027,nan,0.12716,nan,0.02578,-0.04312,0.091,160,40,put apple on the plate,record_00.npz,
99,put_into_plate,False,False,no_release,False,22,-1,True,False,30,160,0.10071,nan,nan,0.07321,nan,0.07321,nan,0.04636,-0.02276,0.091,160,40,put apple on the plate,record_00.npz,
100,put_into_plate,False,False,no_grasp,False,-1,-1,True,False,-1,160,0.10071,nan,nan,0.09863,nan,0.12672,nan,0.0258,-0.04312,0.091,160,40,put apple on the plate,record_00.npz,
101,put_into_plate,False,False,no_grasp,False,-1,-1,True,False,-1,160,0.10071,nan,nan,0.10071,nan,0.12705,nan,0.02578,-0.04312,0.091,160,40,put apple on the plate,record_00.npz,
102,put_into_plate,False,False,no_release,False,17,-1,True,False,33,160,0.10071,nan,nan,0.05204,nan,0.05204,nan,0.0464,-0.02286,0.091,160,40,put apple on the plate,record_00.npz,
103,put_into_plate,False,False,no_grasp,False,-1,-1,True,False,-1,160,0.10071,nan,nan,0.09935,nan,0.12733,nan,0.02579,-0.04312,0.091,160,40,put apple on the plate,record_00.npz,
112,put_into_plate,True,True,,False,19,31,False,False,24,160,0.03588,0.05821,0.02643,0.02643,0.02643,0.02643,0.0,0.05821,-0.00395,0.091,32,40,put orange on the plate,record_00.npz,
113,put_into_plate,True,True,,False,21,68,False,False,56,160,0.03588,0.0409,0.03345,0.00407,0.03345,0.03345,0.0,0.0409,-0.02173,0.091,69,40,put orange on the plate,record_00.npz,
114,put_into_plate,True,True,,False,19,35,False,False,29,160,0.03588,0.04039,0.02495,0.02484,0.02495,0.02495,0.0,0.04039,-0.02333,0.091,36,40,put orange on the plate,record_00.npz,
115,put_into_plate,True,True,,False,19,37,False,False,32,160,0.03588,0.05078,0.02371,0.02371,0.02371,0.02371,0.0,0.05078,-0.0114,0.091,38,40,put orange on the plate,record_00.npz,
116,put_into_plate,True,True,,False,19,35,False,False,28,160,0.03588,0.05902,0.01665,0.01608,0.01665,0.01665,0.0,0.05902,-0.00305,0.091,36,40,put orange on the plate,record_00.npz,
117,put_into_plate,True,True,,False,59,79,False,False,63,160,0.03588,0.04062,0.02281,0.02281,0.02281,0.02281,0.0,0.04062,-0.02489,0.091,80,40,put orange on the plate,record_00.npz,
118,put_into_plate,True,True,,False,19,44,False,False,39,160,0.03588,0.06086,0.01006,0.00594,0.01006,0.01006,0.0,0.06086,-0.0013,0.091,45,40,put orange on the plate,record_00.npz,
119,put_into_plate,True,True,,False,20,43,False,False,38,160,0.03588,0.06884,0.00896,0.00863,0.00983,0.00983,0.00087,0.06172,-0.00046,0.091,45,40,put orange on the plate,record_00.npz,
136,put_into_plate,False,False,no_release,False,54,-1,False,False,57,160,0.06592,nan,nan,0.05802,nan,0.10467,nan,0.05956,-0.00293,0.091,63,40,put tomato on the plate,record_00.npz,
137,put_into_plate,True,True,,False,64,75,False,False,70,160,0.06592,0.04037,0.05431,0.05294,0.05431,0.05431,0.0,0.04037,-0.02875,0.091,76,40,put tomato on the plate,record_00.npz,
138,put_into_plate,False,False,no_release,False,41,-1,False,False,74,160,0.06592,nan,nan,0.05891,nan,0.12663,nan,0.05949,-0.00301,0.091,80,40,put tomato on the plate,record_00.npz,
139,put_into_plate,True,True,,False,70,91,False,False,84,160,0.06592,0.04095,0.05524,0.05524,0.05524,0.05524,0.0,0.04095,-0.02182,0.091,92,40,put tomato on the plate,record_00.npz,
140,put_into_plate,True,True,,False,86,116,False,False,112,160,0.06592,0.06478,0.0134,0.01324,0.01324,0.01324,-0.00016,0.0603,-0.00219,0.091,118,40,put tomato on the plate,record_00.npz,
141,put_into_plate,True,True,,False,118,126,False,False,119,160,0.06592,0.04054,0.05415,0.05264,0.05415,0.05415,0.0,0.04054,-0.02653,0.091,127,40,put tomato on the plate,record_00.npz,
142,put_into_plate,True,True,,False,43,57,False,False,53,160,0.06592,0.05324,0.03691,0.03691,0.03691,0.03691,0.0,0.05324,-0.00926,0.091,58,40,put tomato on the plate,record_00.npz,
143,put_into_plate,False,False,no_release,False,49,-1,False,False,50,160,0.06592,nan,nan,0.05841,nan,0.10221,nan,0.04578,-0.01668,0.091,126,40,put tomato on the plate,record_00.npz,
176,put_into_bowl,False,False,no_release,False,17,-1,False,False,38,160,0.09166,nan,nan,0.09166,nan,0.23074,nan,0.03957,-0.00601,0.057,47,40,put orange into bowl,record_00.npz,
177,put_into_bowl,False,False,no_release,False,17,-1,False,False,57,160,0.09166,nan,nan,0.09166,nan,0.32726,nan,0.04256,-0.00302,0.057,68,40,put orange into bowl,record_00.npz,
178,put_into_bowl,False,False,no_release,False,16,-1,False,False,45,160,0.09166,nan,nan,0.09166,nan,0.2695,nan,0.03132,-0.01426,0.057,58,40,put orange into bowl,record_00.npz,
179,put_into_bowl,False,False,no_release,False,17,-1,False,False,22,160,0.09166,nan,nan,0.09166,nan,0.22148,nan,0.03497,-0.01057,0.057,23,40,put orange into bowl,record_00.npz,
180,put_into_bowl,False,False,no_release,False,17,-1,False,False,33,160,0.09166,nan,nan,0.09166,nan,0.23205,nan,0.03018,-0.01541,0.057,34,40,put orange into bowl,record_00.npz,
181,put_into_bowl,False,False,no_release,False,16,-1,False,False,37,160,0.09166,nan,nan,0.09166,nan,0.25279,nan,0.03495,-0.01063,0.057,47,40,put orange into bowl,record_00.npz,
182,put_into_bowl,False,False,no_release,False,17,-1,False,False,19,160,0.09166,nan,nan,0.09166,nan,0.21647,nan,0.01395,-0.03157,0.057,20,40,put orange into bowl,record_00.npz,
183,put_into_bowl,False,False,xy_miss,False,17,41,False,False,35,160,0.09166,0.04071,0.23457,0.09166,0.23457,0.23457,0.0,0.04071,-0.00488,0.057,42,40,put orange into bowl,record_00.npz,
192,put_into_plate,True,True,,False,11,79,False,False,77,160,0.07522,0.18086,0.0664,0.04432,0.04432,0.04432,-0.02208,0.04649,-0.02243,0.091,89,40,put apple on the plate,record_00.npz,
193,put_into_plate,False,False,not_settled,False,12,63,True,False,61,160,0.07522,0.18273,0.06603,0.0427,nan,0.0427,-0.02333,0.04642,-0.02302,0.091,160,40,put apple on the plate,record_00.npz,
194,put_into_plate,True,True,,False,11,77,False,False,75,160,0.07522,0.19623,0.08445,0.0608,0.0608,0.0608,-0.02365,0.06642,-0.00249,0.091,87,40,put apple on the plate,record_00.npz,
195,put_into_plate,True,True,,False,12,80,False,False,78,160,0.07522,0.16295,0.04562,0.04022,0.04022,0.04022,-0.0054,0.04646,-0.02246,0.091,97,40,put apple on the plate,record_00.npz,
196,put_into_plate,True,True,,False,12,77,False,False,73,160,0.07522,0.15933,0.06218,0.04641,0.04641,0.04641,-0.01577,0.06263,-0.0063,0.091,86,40,put apple on the plate,record_00.npz,
197,put_into_plate,True,True,,False,12,73,False,False,71,160,0.07522,0.16778,0.06009,0.03527,0.03527,0.03527,-0.02481,0.04825,-0.02066,0.091,83,40,put apple on the plate,record_00.npz,
198,put_into_plate,True,True,,False,12,63,False,False,61,160,0.07522,0.14787,0.03515,0.03125,0.03125,0.03125,-0.0039,0.06536,-0.00355,0.091,71,40,put apple on the plate,record_00.npz,
199,put_into_plate,False,False,no_release,False,11,-1,True,False,75,160,0.07522,nan,nan,0.03974,nan,0.03974,nan,0.04646,-0.02291,0.091,160,40,put apple on the plate,record_00.npz,
200,put_into_plate,False,False,no_grasp,False,-1,-1,True,False,-1,160,0.07152,nan,nan,0.06385,nan,0.06385,nan,0.04089,-0.02188,0.091,160,40,put tomato on the plate,record_00.npz,
201,put_into_plate,False,False,no_grasp,False,-1,-1,True,False,-1,160,0.07152,nan,nan,0.06493,nan,0.06493,nan,0.04104,-0.02171,0.091,160,40,put tomato on the plate,record_00.npz,
202,put_into_plate,False,False,no_grasp,False,-1,-1,True,False,-1,160,0.07152,nan,nan,0.06341,nan,0.06341,nan,0.04085,-0.02192,0.091,160,40,put tomato on the plate,record_00.npz,
203,put_into_plate,False,False,no_grasp,False,-1,-1,True,False,-1,160,0.07152,nan,nan,0.06182,nan,0.06182,nan,0.04091,-0.02195,0.091,160,40,put tomato on the plate,record_00.npz,
204,put_into_plate,False,False,no_grasp,False,-1,-1,True,False,-1,160,0.07152,nan,nan,0.06987,nan,0.12328,nan,0.0203,-0.0422,0.091,160,40,put tomato on the plate,record_00.npz,
205,put_into_plate,False,False,no_release,False,24,-1,False,False,35,160,0.07152,nan,nan,0.06955,nan,0.11604,nan,0.06049,-0.00191,0.091,71,40,put tomato on the plate,record_00.npz,
206,put_into_plate,False,False,no_grasp,False,-1,-1,True,False,-1,160,0.07152,nan,nan,0.06935,nan,0.07576,nan,0.03984,-0.02657,0.091,160,40,put tomato on the plate,record_00.npz,
207,put_into_plate,False,False,no_grasp,False,-1,-1,True,False,-1,160,0.07152,nan,nan,0.06888,nan,0.07069,nan,0.04095,-0.02173,0.091,160,40,put tomato on the plate,record_00.npz,
208,put_into_plate,True,True,,False,20,55,False,False,45,160,0.07421,0.03895,0.00394,0.00394,0.00394,0.00394,0.0,0.03895,-0.02577,0.091,56,40,put orange on the plate,record_00.npz,
209,put_into_plate,True,True,,False,17,83,False,False,71,160,0.07421,0.07012,0.03172,0.00743,0.03226,0.03226,0.00054,0.06001,-0.00231,0.091,85,40,put orange on the plate,record_00.npz,
210,put_into_plate,True,True,,False,18,75,False,False,64,160,0.07421,0.08721,0.03022,0.01298,0.0309,0.0309,0.00068,0.058,-0.00417,0.091,78,40,put orange on the plate,record_00.npz,
211,put_into_plate,True,True,,False,17,134,False,False,40,160,0.07421,0.04089,0.02788,0.02788,0.02788,0.02788,0.0,0.04089,-0.02188,0.091,135,40,put orange on the plate,record_00.npz,
212,put_into_plate,True,True,,False,18,71,False,False,38,160,0.07421,0.04092,0.0223,0.02228,0.0223,0.0223,0.0,0.04092,-0.02198,0.091,72,40,put orange on the plate,record_00.npz,
213,put_into_plate,False,False,no_grasp,False,-1,-1,True,False,-1,160,0.07421,nan,nan,0.02011,nan,8.0,nan,0.0145,-0.27635,0.091,160,40,put orange on the plate,record_00.npz,
214,put_into_plate,True,True,,False,18,73,False,False,69,160,0.07421,0.08323,0.03159,0.0163,0.03106,0.03106,-0.00053,0.0589,-0.00329,0.091,76,40,put orange on the plate,record_00.npz,
215,put_into_plate,True,True,,False,18,70,False,False,66,160,0.07421,0.08484,0.01238,0.00824,0.00824,0.00824,-0.00415,0.05161,-0.01058,0.091,74,40,put orange on the plate,record_00.npz,
240,put_into_bowl,True,True,,False,23,38,False,False,33,160,0.00509,0.03168,0.00944,0.00509,0.00944,0.00944,0.0,0.03168,-0.0139,0.057,39,40,put orange into bowl,record_00.npz,
241,put_into_bowl,True,True,,False,23,115,False,False,80,160,0.00509,0.02489,0.01409,0.00509,0.01409,0.01409,0.0,0.02489,-0.02114,0.057,116,40,put orange into bowl,record_00.npz,
242,put_into_bowl,True,True,,False,22,29,False,False,26,160,0.00509,0.02424,0.00677,0.00509,0.00677,0.00677,0.0,0.02424,-0.02184,0.057,30,40,put orange into bowl,record_00.npz,
243,put_into_bowl,True,True,,False,22,39,False,False,35,160,0.00509,0.03164,0.01089,0.00378,0.01089,0.01089,0.0,0.03164,-0.01399,0.057,40,40,put orange into bowl,record_00.npz,
244,put_into_bowl,True,True,,False,27,44,False,False,31,160,0.00509,0.0249,0.0044,0.00247,0.0044,0.0044,0.0,0.0249,-0.02113,0.057,45,40,put orange into bowl,record_00.npz,
245,put_into_bowl,True,True,,False,22,52,False,False,30,160,0.00509,0.05007,0.00975,0.00509,0.01079,0.01079,0.00104,0.04104,-0.00454,0.057,54,40,put orange into bowl,record_00.npz,
246,put_into_bowl,True,True,,False,22,39,False,False,35,160,0.00509,0.04958,0.00966,0.00509,0.00884,0.00884,-0.00082,0.04062,-0.00496,0.057,42,40,put orange into bowl,record_00.npz,
247,put_into_bowl,False,False,no_release,False,148,-1,True,True,150,160,0.00509,nan,nan,0.00233,nan,0.01212,nan,0.02706,-0.01848,0.057,160,40,put orange into bowl,record_00.npz,
256,put_into_plate,True,True,,False,21,47,False,False,45,160,0.06005,0.11121,0.03583,0.03473,0.03507,0.03507,-0.00076,0.06489,-0.00403,0.091,53,40,put apple on the plate,record_00.npz,
257,put_into_plate,True,True,,False,16,31,False,False,29,160,0.06004,0.0771,0.03236,0.03187,0.03367,0.03367,0.00131,0.06377,-0.00515,0.091,35,40,put apple on the plate,record_00.npz,
258,put_into_plate,True,True,,False,18,42,False,False,40,160,0.06005,0.09066,0.04447,0.04446,0.04471,0.04471,0.00024,0.06853,-0.00038,0.091,46,40,put apple on the plate,record_00.npz,
259,put_into_plate,True,True,,False,26,107,False,False,31,160,0.06005,0.04632,0.00535,0.004,0.00535,0.00535,0.0,0.04632,-0.02362,0.091,108,40,put apple on the plate,record_00.npz,
260,put_into_plate,True,True,,False,18,45,False,False,42,160,0.06005,0.08312,0.02993,0.02947,0.02947,0.02947,-0.00046,0.06428,-0.00459,0.091,49,40,put apple on the plate,record_00.npz,
261,put_into_plate,True,True,,False,15,35,False,False,33,160,0.06004,0.07726,0.02755,0.02557,0.02557,0.02557,-0.00198,0.06629,-0.00262,0.091,38,40,put apple on the plate,record_00.npz,
262,put_into_plate,True,True,,False,18,39,False,False,37,160,0.06005,0.07676,0.03735,0.03559,0.04016,0.04016,0.00281,0.06159,-0.00731,0.091,42,40,put apple on the plate,record_00.npz,
263,put_into_plate,True,True,,False,18,81,False,False,46,160,0.06005,0.05468,0.01048,0.00957,0.01048,0.01048,0.0,0.05468,-0.01407,0.091,82,40,put apple on the plate,record_00.npz,
272,put_into_bowl,False,False,no_grasp,False,-1,-1,True,False,-1,160,0.08178,nan,nan,0.08178,nan,0.11807,nan,0.02671,-0.04189,0.057,160,40,put orange into bowl,record_00.npz,
273,put_into_bowl,False,False,no_grasp,False,-1,-1,True,False,-1,160,0.08178,nan,nan,0.08178,nan,0.11923,nan,0.29471,-0.04189,0.057,160,40,put orange into bowl,record_00.npz,
274,put_into_bowl,False,False,no_grasp,False,-1,-1,True,False,-1,160,0.08178,nan,nan,0.08178,nan,0.13908,nan,0.27583,-0.04189,0.057,160,40,put orange into bowl,record_00.npz,
275,put_into_bowl,False,False,no_grasp,False,-1,-1,True,False,-1,160,0.08193,nan,nan,0.08193,nan,0.1358,nan,0.00183,-0.04189,0.057,160,40,put orange into bowl,record_00.npz,
276,put_into_bowl,False,False,no_grasp,False,-1,-1,True,False,-1,160,0.08178,nan,nan,0.08178,nan,0.14696,nan,0.24577,-0.04189,0.057,160,40,put orange into bowl,record_00.npz,
277,put_into_bowl,False,False,no_grasp,False,-1,-1,True,False,-1,160,0.0819,nan,nan,0.0819,nan,0.12843,nan,0.09319,-0.04189,0.057,160,40,put orange into bowl,record_00.npz,
278,put_into_bowl,False,False,no_grasp,False,-1,-1,True,False,-1,160,0.0819,nan,nan,0.0819,nan,0.14274,nan,0.00194,-0.04189,0.057,160,40,put orange into bowl,record_00.npz,
279,put_into_bowl,False,False,no_grasp,False,-1,-1,True,False,-1,160,0.0819,nan,nan,0.0819,nan,0.15268,nan,0.26078,-0.04189,0.057,160,40,put orange into bowl,record_00.npz,
304,put_into_plate,False,False,no_release,False,28,-1,True,True,93,160,0.01345,nan,nan,0.01135,nan,0.09002,nan,0.04393,-0.01821,0.091,160,40,put orange on the plate,record_00.npz,
305,put_into_plate,False,False,no_release,False,36,-1,True,False,159,160,0.01345,nan,nan,0.01048,nan,0.0279,nan,0.11661,0.05444,0.091,160,40,put orange on the plate,record_00.npz,
306,put_into_plate,False,False,no_release,False,32,-1,True,True,-1,160,0.01345,nan,nan,0.01084,nan,0.02798,nan,0.04171,-0.02047,0.091,160,40,put orange on the plate,record_00.npz,
307,put_into_plate,True,True,,False,59,117,False,False,113,160,0.01345,0.12097,0.06995,0.00899,0.08293,0.08293,0.01298,0.06098,-0.00114,0.091,123,40,put orange on the plate,record_00.npz,
308,put_into_plate,False,False,no_release,False,31,-1,True,True,44,160,0.01345,nan,nan,0.01212,nan,0.02621,nan,0.06418,0.00201,0.091,160,40,put orange on the plate,record_00.npz,
309,put_into_plate,False,False,not_settled,False,26,98,False,False,94,160,0.01345,0.1201,0.05162,0.01284,nan,0.0912,0.03958,0.04225,-0.01983,0.091,111,40,put orange on the plate,record_00.npz,
310,put_into_plate,True,True,,False,31,108,False,False,57,160,0.01345,0.14371,0.05386,0.01221,0.08307,0.08307,0.02922,0.04937,-0.01281,0.091,122,40,put orange on the plate,record_00.npz,
311,put_into_plate,True,True,,False,30,116,False,False,112,160,0.01345,0.11729,0.06587,0.0109,0.08812,0.08812,0.02225,0.05315,-0.00894,0.091,125,40,put orange on the plate,record_00.npz,
312,put_into_plate,True,True,,False,23,51,False,False,46,160,0.07019,0.10149,0.03361,0.03174,0.03174,0.03174,-0.00186,0.0632,-0.00323,0.091,57,40,put potato on the plate,record_00.npz,
313,put_into_plate,True,True,,False,20,48,False,False,44,160,0.07019,0.10483,0.046,0.04322,0.059,0.059,0.013,0.0635,-0.00307,0.091,55,40,put potato on the plate,record_00.npz,
314,put_into_plate,True,True,,False,16,43,False,False,40,160,0.07019,0.09773,0.03065,0.03019,0.0313,0.0313,0.00065,0.05911,-0.00731,0.091,49,40,put potato on the plate,record_00.npz,
315,put_into_plate,True,True,,False,23,25,False,False,25,160,0.07019,0.0407,0.05227,0.05207,0.05227,0.05227,0.0,0.0407,-0.02715,0.091,26,40,put potato on the plate,record_00.npz,
316,put_into_plate,True,True,,False,22,35,False,False,35,160,0.07019,0.06354,0.0339,0.0339,0.0339,0.0339,0.0,0.06354,-0.00281,0.091,36,40,put potato on the plate,record_00.npz,
317,put_into_plate,True,True,,False,18,48,False,False,29,160,0.07019,0.09104,0.04349,0.03932,0.04952,0.04952,0.00602,0.06628,-0.00016,0.091,53,40,put potato on the plate,record_00.npz,
318,put_into_plate,True,True,,False,18,39,False,False,36,160,0.07019,0.0731,0.03513,0.03339,0.03339,0.03339,-0.00173,0.06366,-0.00278,0.091,43,40,put potato on the plate,record_00.npz,
319,put_into_plate,True,True,,False,20,51,False,False,48,160,0.07019,0.12502,0.05555,0.04193,0.04193,0.04193,-0.01363,0.06597,-0.00046,0.091,61,40,put potato on the plate,record_00.npz,
328,put_into_plate,True,True,,False,21,41,False,False,32,160,0.07294,0.07789,0.07038,0.06322,0.07301,0.07301,0.00263,0.06191,-0.00058,0.091,44,40,put tomato on the plate,record_00.npz,
329,put_into_plate,True,True,,False,21,38,False,False,34,160,0.07294,0.12509,0.07698,0.07246,0.08064,0.08064,0.00365,0.05913,-0.00334,0.091,47,40,put tomato on the plate,record_00.npz,
330,put_into_plate,True,True,,False,21,56,False,False,50,160,0.07294,0.09719,0.07412,0.07192,0.07192,0.07192,-0.0022,0.05259,-0.00992,0.091,60,40,put tomato on the plate,record_00.npz,
331,put_into_plate,False,False,not_settled,False,20,42,True,False,38,160,0.07294,0.10948,0.07093,0.05717,nan,0.05977,-0.01116,0.04047,-0.02534,0.091,160,40,put tomato on the plate,record_00.npz,
332,put_into_plate,True,True,,False,21,35,False,False,31,160,0.07294,0.09441,0.06825,0.06772,0.06889,0.06889,0.00064,0.05582,-0.00666,0.091,42,40,put tomato on the plate,record_00.npz,
333,put_into_plate,True,True,,False,21,39,False,False,35,160,0.07294,0.12074,0.06734,0.05915,0.05915,0.05915,-0.00819,0.05179,-0.01071,0.091,47,40,put tomato on the plate,record_00.npz,
334,put_into_plate,True,True,,False,21,36,False,False,32,160,0.07294,0.08384,0.0802,0.07102,0.08577,0.08577,0.00557,0.05251,-0.00996,0.091,41,40,put tomato on the plate,record_00.npz,
335,put_into_plate,True,True,,False,21,35,False,False,31,160,0.07294,0.11004,0.08287,0.07247,0.08867,0.08867,0.0058,0.06189,-0.00058,0.091,43,40,put tomato on the plate,record_00.npz,
336,put_into_bowl,False,False,no_grasp,False,-1,-1,True,False,-1,160,0.08287,nan,nan,0.08287,nan,0.15624,nan,0.00369,-0.04189,0.057,160,40,put orange into bowl,record_00.npz,
337,put_into_bowl,False,False,no_grasp,False,-1,-1,True,False,-1,160,0.08287,nan,nan,0.08287,nan,0.13961,nan,0.00369,-0.04189,0.057,160,40,put orange into bowl,record_00.npz,
338,put_into_bowl,False,False,no_grasp,False,-1,-1,True,False,-1,160,0.08287,nan,nan,0.08287,nan,0.16224,nan,0.00368,-0.04189,0.057,160,40,put orange into bowl,record_00.npz,
339,put_into_bowl,False,False,no_grasp,False,-1,-1,True,False,-1,160,0.08287,nan,nan,0.08287,nan,0.14985,nan,0.00369,-0.04189,0.057,160,40,put orange into bowl,record_00.npz,
340,put_into_bowl,False,False,no_grasp,False,-1,-1,True,False,-1,160,0.08287,nan,nan,0.08287,nan,0.13883,nan,0.00368,-0.04189,0.057,160,40,put orange into bowl,record_00.npz,
341,put_into_bowl,False,False,no_grasp,False,-1,-1,True,False,-1,160,0.08287,nan,nan,0.08287,nan,0.13932,nan,0.0037,-0.04189,0.057,160,40,put orange into bowl,record_00.npz,
342,put_into_bowl,False,False,no_grasp,False,-1,-1,True,False,-1,160,0.08287,nan,nan,0.08287,nan,0.13832,nan,0.00369,-0.04189,0.057,160,40,put orange into bowl,record_00.npz,
343,put_into_bowl,False,False,no_grasp,False,-1,-1,True,False,-1,160,0.08287,nan,nan,0.08287,nan,0.13786,nan,0.00369,-0.04189,0.057,160,40,put orange into bowl,record_00.npz,
352,put_into_bowl,True,True,,False,79,87,False,False,82,160,0.0091,0.0302,0.01001,0.00404,0.01001,0.01001,0.0,0.0302,-0.02366,0.057,88,40,put apple into bowl,record_00.npz,
353,put_into_bowl,False,False,no_grasp,False,-1,-1,True,False,-1,160,0.0091,nan,nan,0.00373,nan,0.00888,nan,0.0304,-0.02232,0.057,160,40,put apple into bowl,record_00.npz,
354,put_into_bowl,True,True,,False,85,125,False,False,96,160,0.0091,0.0304,0.0055,0.00095,0.0055,0.0055,0.0,0.0304,-0.02234,0.057,126,40,put apple into bowl,record_00.npz,
355,put_into_bowl,True,True,,False,42,49,False,False,47,160,0.0091,0.09033,0.02088,0.00351,0.03609,0.03609,0.01521,0.05158,-0.0007,0.057,55,40,put apple into bowl,record_00.npz,
356,put_into_bowl,False,False,no_grasp,False,-1,-1,True,False,-1,160,0.0091,nan,nan,0.00558,nan,0.01655,nan,0.03017,-0.0242,0.057,160,40,put apple into bowl,record_00.npz,
357,put_into_bowl,True,True,,False,106,116,False,False,111,160,0.0091,0.02969,0.01239,0.00481,0.01239,0.01239,0.0,0.02969,-0.02324,0.057,117,40,put apple into bowl,record_00.npz,
358,put_into_bowl,False,False,no_grasp,False,-1,-1,True,False,-1,160,0.0091,nan,nan,0.00285,nan,0.0079,nan,0.0304,-0.02233,0.057,160,40,put apple into bowl,record_00.npz,
359,put_into_bowl,True,True,,False,27,75,False,False,72,160,0.0091,0.09205,0.02228,0.00623,0.02568,0.02568,0.0034,0.05167,-0.00065,0.057,83,40,put apple into bowl,record_00.npz,
360,put_into_bowl,True,True,,False,20,108,False,False,98,160,0.01983,0.03904,0.03532,0.01034,0.03532,0.03532,0.0,0.03904,-0.00688,0.057,109,40,put tomato into bowl,record_00.npz,
361,put_into_bowl,False,False,no_release,False,20,-1,True,True,-1,160,0.01983,nan,nan,0.0055,nan,0.0149,nan,0.11574,0.06978,0.057,160,40,put tomato into bowl,record_00.npz,
362,put_into_bowl,True,True,,False,28,92,False,False,88,160,0.01983,0.06874,0.01231,0.00489,0.01691,0.01691,0.00461,0.042,-0.00389,0.057,100,40,put tomato into bowl,record_00.npz,
363,put_into_bowl,True,True,,False,23,73,False,False,69,160,0.01983,0.03035,0.01331,0.01331,0.01331,0.01331,0.0,0.03035,-0.01555,0.057,74,40,put tomato into bowl,record_00.npz,
364,put_into_bowl,False,False,not_settled,False,25,111,True,True,70,160,0.01983,0.04688,0.05852,0.01943,nan,0.08481,0.02629,0.04338,-0.00322,0.057,160,40,put tomato into bowl,record_00.npz,
365,put_into_bowl,True,True,,False,28,92,False,False,30,160,0.01983,0.04061,0.00781,0.00033,0.00781,0.00781,0.0,0.04061,-0.00528,0.057,93,40,put tomato into bowl,record_00.npz,
366,put_into_bowl,False,False,no_release,False,19,-1,True,True,-1,160,0.01983,nan,nan,0.00343,nan,0.00343,nan,0.02562,-0.02038,0.057,160,40,put tomato into bowl,record_00.npz,
367,put_into_bowl,False,False,no_release,False,36,-1,True,True,-1,160,0.01983,nan,nan,0.00249,nan,0.02261,nan,0.02066,-0.01468,0.057,160,40,put tomato into bowl,record_00.npz,
368,put_into_plate,True,True,,False,38,64,False,False,60,160,0.03071,0.04005,0.0149,0.0149,0.0149,0.0149,0.0,0.04005,-0.0223,0.091,65,40,put orange on the plate,record_00.npz,
369,put_into_plate,True,True,,False,31,60,False,False,34,160,0.03071,0.04275,0.0169,0.0169,0.0169,0.0169,0.0,0.04275,-0.01942,0.091,61,40,put orange on the plate,record_00.npz,
370,put_into_plate,True,True,,False,56,79,False,False,74,160,0.03071,0.04098,0.02469,0.02469,0.02469,0.02469,0.0,0.04098,-0.0225,0.091,80,40,put orange on the plate,record_00.npz,
371,put_into_plate,True,True,,False,40,63,False,False,60,160,0.03071,0.09108,0.01256,0.01151,0.01784,0.01784,0.00528,0.05944,-0.00275,0.091,68,40,put orange on the plate,record_00.npz,
372,put_into_plate,True,True,,False,28,39,False,False,34,160,0.03071,0.05886,0.01014,0.01014,0.01014,0.01014,0.0,0.05886,-0.0033,0.091,40,40,put orange on the plate,record_00.npz,
373,put_into_plate,True,True,,False,37,48,False,False,44,160,0.03071,0.07098,0.0312,0.02421,0.03059,0.03059,-0.00061,0.06022,-0.00192,0.091,52,40,put orange on the plate,record_00.npz,
374,put_into_plate,True,True,,False,23,38,False,False,31,160,0.03071,0.0793,0.00813,0.00317,0.00317,0.00317,-0.00496,0.06095,-0.00123,0.091,42,40,put orange on the plate,record_00.npz,
375,put_into_plate,True,True,,False,38,62,False,False,56,160,0.03071,0.07909,0.02411,0.02303,0.02313,0.02313,-0.00098,0.05563,-0.00653,0.091,65,40,put orange on the plate,record_00.npz,
376,put_into_bowl,False,False,no_grasp,False,-1,-1,True,False,-1,160,0.10596,nan,nan,0.10596,nan,0.11644,nan,0.00372,-0.04611,0.057,160,40,put potato into bowl,record_00.npz,
377,put_into_bowl,False,False,no_grasp,False,-1,-1,True,False,-1,160,0.10596,nan,nan,0.10596,nan,0.15495,nan,0.00369,-0.04611,0.057,160,40,put potato into bowl,record_00.npz,
378,put_into_bowl,False,False,no_grasp,False,-1,-1,True,False,-1,160,0.10596,nan,nan,0.09752,nan,0.11711,nan,0.00372,-0.04611,0.057,160,40,put potato into bowl,record_00.npz,
379,put_into_bowl,False,False,no_grasp,False,-1,-1,True,False,-1,160,0.10596,nan,nan,0.10596,nan,0.11693,nan,0.00373,-0.04611,0.057,160,40,put potato into bowl,record_00.npz,
380,put_into_bowl,False,False,no_grasp,False,-1,-1,True,False,-1,160,0.10596,nan,nan,0.10596,nan,0.13612,nan,0.00372,-0.04611,0.057,160,40,put potato into bowl,record_00.npz,
381,put_into_bowl,False,False,no_grasp,False,-1,-1,True,False,-1,160,0.10596,nan,nan,0.10596,nan,0.12559,nan,0.00372,-0.04611,0.057,160,40,put potato into bowl,record_00.npz,
382,put_into_bowl,False,False,no_grasp,False,-1,-1,True,False,-1,160,0.10596,nan,nan,0.10596,nan,0.12019,nan,0.00373,-0.04611,0.057,160,40,put potato into bowl,record_00.npz,
383,put_into_bowl,False,False,no_grasp,False,-1,-1,True,False,-1,160,0.10596,nan,nan,0.09885,nan,0.15117,nan,0.00372,-0.04611,0.057,160,40,put potato into bowl,record_00.npz,
384,put_into_bowl,False,False,no_grasp,False,-1,-1,True,False,-1,160,0.10154,nan,nan,0.09363,nan,0.11018,nan,0.00203,-0.04312,0.057,160,40,put apple into bowl,record_00.npz,
385,put_into_bowl,False,False,no_grasp,False,-1,-1,True,False,-1,160,0.10154,nan,nan,0.0906,nan,0.12289,nan,0.03234,-0.04312,0.057,160,40,put apple into bowl,record_00.npz,
386,put_into_bowl,False,False,no_grasp,False,-1,-1,True,False,-1,160,0.10154,nan,nan,0.06784,nan,0.12654,nan,0.00919,-0.04312,0.057,160,40,put apple into bowl,record_00.npz,
387,put_into_bowl,False,False,no_grasp,False,-1,-1,True,False,-1,160,0.10154,nan,nan,0.08264,nan,0.11195,nan,0.00924,-0.04312,0.057,160,40,put apple into bowl,record_00.npz,
388,put_into_bowl,False,False,no_grasp,False,-1,-1,True,False,-1,160,0.10154,nan,nan,0.08705,nan,0.12566,nan,0.00176,-0.04312,0.057,160,40,put apple into bowl,record_00.npz,
389,put_into_bowl,False,False,no_grasp,False,-1,-1,True,False,-1,160,0.10154,nan,nan,0.08728,nan,0.10693,nan,0.0092,-0.04312,0.057,160,40,put apple into bowl,record_00.npz,
390,put_into_bowl,False,False,no_grasp,False,-1,-1,True,False,-1,160,0.10154,nan,nan,0.06381,nan,0.14898,nan,0.00917,-0.04312,0.057,160,40,put apple into bowl,record_00.npz,
391,put_into_bowl,False,False,no_grasp,False,-1,-1,True,False,-1,160,0.10154,nan,nan,0.07058,nan,0.13544,nan,0.00922,-0.04312,0.057,160,40,put apple into bowl,record_00.npz,
400,put_into_plate,True,True,,False,51,83,False,False,79,160,0.0668,0.08813,0.04404,0.04017,0.04017,0.04017,-0.00387,0.06131,-0.00085,0.091,88,40,put orange on the plate,record_00.npz,
401,put_into_plate,True,True,,False,51,79,False,False,74,160,0.0668,0.10257,0.05018,0.04685,0.04685,0.04685,-0.00333,0.05678,-0.0054,0.091,85,40,put orange on the plate,record_00.npz,
402,put_into_plate,True,True,,False,26,86,False,False,56,160,0.0668,0.04091,0.05414,0.00528,0.05414,0.05414,0.0,0.04091,-0.02177,0.091,87,40,put orange on the plate,record_00.npz,
403,put_into_plate,False,False,no_grasp,False,-1,-1,True,False,-1,160,0.0668,nan,nan,0.05138,nan,0.06159,nan,0.04097,-0.02178,0.091,160,40,put orange on the plate,record_00.npz,
404,put_into_plate,True,True,,False,54,62,False,False,57,160,0.0668,0.04096,0.05296,0.05296,0.05296,0.05296,0.0,0.04096,-0.02187,0.091,63,40,put orange on the plate,record_00.npz,
405,put_into_plate,True,True,,False,53,79,False,False,74,160,0.0668,0.10615,0.0387,0.03511,0.03511,0.03511,-0.0036,0.05849,-0.00369,0.091,85,40,put orange on the plate,record_00.npz,
406,put_into_plate,True,True,,False,51,67,False,False,61,160,0.0668,0.04097,0.05224,0.05224,0.05224,0.05224,0.0,0.04097,-0.0225,0.091,68,40,put orange on the plate,record_00.npz,
407,put_into_plate,True,True,,False,39,77,False,False,73,160,0.0668,0.12192,0.02388,0.02098,0.02191,0.02191,-0.00197,0.05146,-0.01072,0.091,83,40,put orange on the plate,record_00.npz,
408,put_into_plate,False,False,no_grasp,False,-1,-1,True,False,-1,160,0.08905,nan,nan,0.08001,nan,0.17138,nan,0.02032,-0.04611,0.091,160,40,put potato on the plate,record_00.npz,
409,put_into_plate,False,False,no_grasp,False,-1,-1,True,False,-1,160,0.08905,nan,nan,0.07501,nan,0.1205,nan,0.03045,-0.03601,0.091,160,40,put potato on the plate,record_00.npz,
410,put_into_plate,False,False,no_grasp,False,-1,-1,True,False,-1,160,0.08905,nan,nan,0.0828,nan,0.11863,nan,0.03117,-0.03548,0.091,160,40,put potato on the plate,record_00.npz,
411,put_into_plate,False,False,no_grasp,False,-1,-1,True,False,-1,160,0.08905,nan,nan,0.07726,nan,0.12115,nan,0.02993,-0.03657,0.091,160,40,put potato on the plate,record_00.npz,
412,put_into_plate,False,False,no_grasp,False,-1,-1,True,False,-1,160,0.08905,nan,nan,0.04012,nan,0.04045,nan,0.03886,-0.03293,0.091,160,40,put potato on the plate,record_00.npz,
413,put_into_plate,False,False,no_grasp,False,-1,-1,True,False,-1,160,0.08905,nan,nan,0.05735,nan,0.05735,nan,0.04076,-0.02612,0.091,160,40,put potato on the plate,record_00.npz,
414,put_into_plate,False,False,no_grasp,False,-1,-1,True,False,-1,160,0.08905,nan,nan,0.07967,nan,0.10916,nan,0.03655,-0.03072,0.091,160,40,put potato on the plate,record_00.npz,
415,put_into_plate,False,False,no_grasp,False,-1,-1,True,False,-1,160,0.08905,nan,nan,0.07094,nan,0.11252,nan,0.03249,-0.03403,0.091,160,40,put potato on the plate,record_00.npz,
416,put_into_bowl,False,False,no_grasp,False,-1,-1,True,False,-1,160,0.084,nan,nan,0.084,nan,0.22924,nan,0.00919,-0.04312,0.057,160,40,put apple into bowl,record_00.npz,
417,put_into_bowl,False,False,no_grasp,False,-1,-1,True,False,-1,160,0.084,nan,nan,0.084,nan,0.22933,nan,0.00918,-0.04312,0.057,160,40,put apple into bowl,record_00.npz,
418,put_into_bowl,False,False,no_grasp,False,-1,-1,True,False,-1,160,0.084,nan,nan,0.084,nan,0.22929,nan,0.00919,-0.04312,0.057,160,40,put apple into bowl,record_00.npz,
419,put_into_bowl,False,False,no_grasp,False,-1,-1,True,False,-1,160,0.084,nan,nan,0.084,nan,0.23007,nan,0.00919,-0.04312,0.057,160,40,put apple into bowl,record_00.npz,
420,put_into_bowl,False,False,no_grasp,False,-1,-1,True,False,-1,160,0.084,nan,nan,0.084,nan,0.22935,nan,0.00924,-0.04312,0.057,160,40,put apple into bowl,record_00.npz,
421,put_into_bowl,False,False,no_grasp,False,-1,-1,True,False,-1,160,0.084,nan,nan,0.084,nan,0.22936,nan,0.00919,-0.04312,0.057,160,40,put apple into bowl,record_00.npz,
422,put_into_bowl,False,False,no_grasp,False,-1,-1,True,False,-1,160,0.084,nan,nan,0.084,nan,0.25298,nan,0.00919,-0.04312,0.057,160,40,put apple into bowl,record_00.npz,
423,put_into_bowl,False,False,no_grasp,False,-1,-1,True,False,-1,160,0.084,nan,nan,0.084,nan,0.22933,nan,0.0092,-0.04312,0.057,160,40,put apple into bowl,record_00.npz,
440,put_into_bowl,False,False,no_grasp,False,-1,-1,True,False,-1,160,0.05305,nan,nan,0.05305,nan,0.11607,nan,0.00636,-0.04349,0.057,160,40,put potato into bowl,record_00.npz,
441,put_into_bowl,False,False,no_grasp,False,-1,-1,True,False,-1,160,0.05305,nan,nan,0.05305,nan,0.11957,nan,0.00372,-0.04611,0.057,160,40,put potato into bowl,record_00.npz,
442,put_into_bowl,False,False,no_grasp,False,-1,-1,True,False,-1,160,0.05305,nan,nan,0.05305,nan,0.1189,nan,0.00372,-0.04611,0.057,160,40,put potato into bowl,record_00.npz,
443,put_into_bowl,False,False,no_grasp,False,-1,-1,True,False,-1,160,0.05305,nan,nan,0.05305,nan,0.11329,nan,0.00372,-0.04611,0.057,160,40,put potato into bowl,record_00.npz,
444,put_into_bowl,False,False,no_grasp,False,-1,-1,True,False,-1,160,0.05305,nan,nan,0.05305,nan,0.11288,nan,0.00372,-0.04611,0.057,160,40,put potato into bowl,record_00.npz,
445,put_into_bowl,False,False,no_release,False,35,-1,False,False,57,160,0.05305,nan,nan,0.05305,nan,0.19588,nan,0.01942,-0.03041,0.057,58,40,put potato into bowl,record_00.npz,
446,put_into_bowl,False,False,no_grasp,False,-1,-1,True,False,-1,160,0.05305,nan,nan,0.05305,nan,0.11617,nan,0.00369,-0.04611,0.057,160,40,put potato into bowl,record_00.npz,
447,put_into_bowl,False,False,no_grasp,False,-1,-1,True,False,-1,160,0.05305,nan,nan,0.05305,nan,0.10619,nan,0.00372,-0.04611,0.057,160,40,put potato into bowl,record_00.npz,
448,put_into_bowl,True,True,,False,40,47,False,False,45,160,0.02514,0.04448,0.02343,0.01165,0.02343,0.02343,0.0,0.04448,-0.00751,0.057,48,40,put apple into bowl,record_00.npz,
449,put_into_bowl,True,True,,False,40,47,False,False,45,160,0.02514,0.06762,0.01155,0.00854,0.00854,0.00854,-0.00302,0.05139,-0.00087,0.057,51,40,put apple into bowl,record_00.npz,
450,put_into_bowl,False,False,no_grasp,False,-1,-1,True,False,-1,160,0.02514,nan,nan,0.00366,nan,0.00442,nan,0.0304,-0.02232,0.057,160,40,put apple into bowl,record_00.npz,
451,put_into_bowl,False,False,no_release,False,63,-1,True,False,64,160,0.02514,nan,nan,0.00298,nan,0.01689,nan,0.03024,-0.02262,0.057,160,40,put apple into bowl,record_00.npz,
452,put_into_bowl,False,False,no_grasp,False,-1,-1,True,False,-1,160,0.02514,nan,nan,0.01145,nan,0.01421,nan,0.0304,-0.02231,0.057,160,40,put apple into bowl,record_00.npz,
453,put_into_bowl,False,False,no_grasp,False,-1,-1,True,False,-1,160,0.02514,nan,nan,0.01176,nan,0.01831,nan,0.03042,-0.02237,0.057,160,40,put apple into bowl,record_00.npz,
454,put_into_bowl,False,False,no_release,False,53,-1,False,False,69,160,0.02514,nan,nan,0.00378,nan,0.0816,nan,0.04741,-0.00482,0.057,106,40,put apple into bowl,record_00.npz,
455,put_into_bowl,False,False,no_release,False,70,-1,True,False,73,160,0.02514,nan,nan,0.01167,nan,0.01733,nan,0.03042,-0.02225,0.057,160,40,put apple into bowl,record_00.npz,
456,put_into_plate,True,True,,False,113,120,False,False,114,160,0.06113,0.0409,0.05031,0.05031,0.05031,0.05031,0.0,0.0409,-0.02202,0.091,121,40,put tomato on the plate,record_00.npz,
457,put_into_plate,True,True,,False,22,42,False,False,38,160,0.06113,0.09104,0.02901,0.02789,0.02789,0.02789,-0.00112,0.05426,-0.00824,0.091,47,40,put tomato on the plate,record_00.npz,
458,put_into_plate,True,True,,False,22,38,False,False,28,160,0.06113,0.0388,0.03901,0.03901,0.03901,0.03901,0.0,0.0388,-0.02385,0.091,39,40,put tomato on the plate,record_00.npz,
459,put_into_plate,True,True,,False,119,155,False,False,145,160,0.06113,0.04092,0.02356,0.02338,0.02356,0.02356,0.0,0.04092,-0.02213,0.091,156,40,put tomato on the plate,record_00.npz,
460,put_into_plate,True,True,,False,25,81,False,False,37,160,0.06113,0.04093,0.03348,0.03076,0.03348,0.03348,0.0,0.04093,-0.022,0.091,82,40,put tomato on the plate,record_00.npz,
461,put_into_plate,True,True,,False,24,36,False,False,33,160,0.06113,0.08682,0.0508,0.0489,0.0489,0.0489,-0.0019,0.05871,-0.00379,0.091,41,40,put tomato on the plate,record_00.npz,
462,put_into_plate,True,True,,False,24,32,False,False,26,160,0.06113,0.04497,0.04109,0.04109,0.04109,0.04109,0.0,0.04497,-0.01751,0.091,33,40,put tomato on the plate,record_00.npz,
463,put_into_plate,True,True,,False,25,33,False,False,27,160,0.06113,0.06234,0.04603,0.04603,0.04603,0.04603,0.0,0.06234,-5e-05,0.091,34,40,put tomato on the plate,record_00.npz,
472,put_into_bowl,True,True,,False,34,81,False,False,73,160,0.0538,0.12814,0.0471,0.03594,0.04362,0.04362,-0.00348,0.04952,-0.00036,0.057,90,40,put potato into bowl,record_00.npz,
473,put_into_bowl,False,False,no_release,False,43,-1,True,True,60,160,0.0538,nan,nan,0.00213,nan,0.01725,nan,0.0573,0.00746,0.057,160,40,put potato into bowl,record_00.npz,
474,put_into_bowl,True,True,,False,45,103,False,False,62,160,0.0538,0.1026,0.01431,0.01059,0.01059,0.01059,-0.00372,0.04968,-0.0002,0.057,109,40,put potato into bowl,record_00.npz,
475,put_into_bowl,True,True,,False,44,91,False,False,59,160,0.0538,0.07525,0.00523,0.00184,0.0104,0.0104,0.00517,0.04167,-0.00816,0.057,95,40,put potato into bowl,record_00.npz,
476,put_into_bowl,True,True,,False,26,60,False,False,54,160,0.0538,0.08079,0.01758,0.00721,0.01939,0.01939,0.00181,0.04289,-0.00694,0.057,67,40,put potato into bowl,record_00.npz,
477,put_into_bowl,True,True,,False,41,67,False,False,56,160,0.0538,0.12815,0.02117,0.01385,0.01385,0.01385,-0.00732,0.0486,-0.00125,0.057,73,40,put potato into bowl,record_00.npz,
478,put_into_bowl,True,True,,False,32,38,False,False,33,160,0.0538,0.06169,0.03514,0.0332,0.0332,0.0332,-0.00193,0.04916,-0.00063,0.057,42,40,put potato into bowl,record_00.npz,
479,put_into_bowl,False,False,no_release,False,38,-1,True,True,53,160,0.0538,nan,nan,0.00392,nan,0.01346,nan,0.04106,-0.00609,0.057,160,40,put potato into bowl,record_00.npz,
480,put_into_plate,True,True,,False,13,53,False,False,51,160,0.00695,0.11514,0.02061,0.00106,0.02469,0.02469,0.00408,0.06739,-0.00152,0.091,59,40,put apple on the plate,record_00.npz,
481,put_into_plate,True,True,,False,13,87,False,False,55,160,0.00695,0.09625,0.00871,0.00695,0.01503,0.01503,0.00632,0.05911,-0.00979,0.091,92,40,put apple on the plate,record_00.npz,
482,put_into_plate,True,True,,False,13,49,False,False,46,160,0.00695,0.11551,0.00937,0.00186,0.00426,0.00426,-0.00511,0.05697,-0.01193,0.091,55,40,put apple on the plate,record_00.npz,
483,put_into_plate,True,True,,False,13,86,False,False,78,160,0.00695,0.08622,0.02116,0.00695,0.02298,0.02298,0.00181,0.05865,-0.01027,0.091,90,40,put apple on the plate,record_00.npz,
484,put_into_plate,True,True,,False,13,46,False,False,26,160,0.00695,0.12304,0.02931,0.00695,0.02245,0.02245,-0.00685,0.06653,-0.00239,0.091,55,40,put apple on the plate,record_00.npz,
485,put_into_plate,True,True,,False,12,62,False,False,60,160,0.00695,0.12317,0.02649,0.00695,0.03687,0.03687,0.01038,0.04642,-0.02317,0.091,112,40,put apple on the plate,record_00.npz,
486,put_into_plate,True,True,,False,13,58,False,False,56,160,0.00695,0.11291,0.01415,0.00695,0.02738,0.02738,0.01323,0.046,-0.02694,0.091,105,40,put apple on the plate,record_00.npz,
487,put_into_plate,True,True,,False,13,42,False,False,39,160,0.00695,0.12308,0.01459,0.00586,0.02822,0.02822,0.01363,0.05721,-0.0117,0.091,50,40,put apple on the plate,record_00.npz,
488,put_into_plate,True,True,,False,26,50,False,False,46,160,0.06665,0.09407,0.04084,0.03676,0.03676,0.03676,-0.00408,0.0526,-0.0099,0.091,55,40,put tomato on the plate,record_00.npz,
489,put_into_plate,True,True,,False,23,46,False,False,42,160,0.06665,0.13009,0.03913,0.01972,0.02314,0.02314,-0.01599,0.04597,-0.01651,0.091,57,40,put tomato on the plate,record_00.npz,
490,put_into_plate,True,True,,False,27,55,False,False,51,160,0.06665,0.08706,0.03529,0.03061,0.03061,0.03061,-0.00468,0.06141,-0.00108,0.091,61,40,put tomato on the plate,record_00.npz,
491,put_into_plate,True,True,,False,29,74,False,False,42,160,0.06665,0.14915,0.03422,0.00471,0.00471,0.00471,-0.02952,0.04684,-0.01567,0.091,85,40,put tomato on the plate,record_00.npz,
492,put_into_plate,True,True,,False,22,53,False,False,49,160,0.06665,0.11395,0.04734,0.04519,0.04521,0.04521,-0.00214,0.05283,-0.00966,0.091,61,40,put tomato on the plate,record_00.npz,
493,put_into_plate,True,True,,False,29,62,False,False,59,160,0.06665,0.09391,0.03054,0.02928,0.03125,0.03125,0.00071,0.04082,-0.02182,0.091,69,40,put tomato on the plate,record_00.npz,
494,put_into_plate,True,True,,False,27,75,False,False,71,160,0.06665,0.13845,0.02967,0.02807,0.03755,0.03755,0.00788,0.04771,-0.01476,0.091,84,40,put tomato on the plate,record_00.npz,
495,put_into_plate,True,True,,False,23,94,False,False,90,160,0.06665,0.1255,0.01622,0.01196,0.01196,0.01196,-0.00426,0.05613,-0.00634,0.091,102,40,put tomato on the plate,record_00.npz,
504,put_into_bowl,False,False,no_release,False,18,-1,False,False,21,160,0.10673,nan,nan,0.10673,nan,0.11214,nan,0.00366,-0.04601,0.057,22,40,put potato into bowl,record_00.npz,
505,put_into_bowl,False,False,xy_miss,False,83,97,False,False,97,160,0.10673,0.00416,0.12745,0.10673,0.12745,0.12745,0.0,0.00416,-0.04508,0.057,98,40,put potato into bowl,record_00.npz,
506,put_into_bowl,False,False,no_release,False,25,-1,True,True,-1,160,0.10673,nan,nan,0.10589,nan,0.11087,nan,0.00962,-0.03939,0.057,160,40,put potato into bowl,record_00.npz,
507,put_into_bowl,False,False,no_release,False,52,-1,False,False,90,160,0.10673,nan,nan,0.10673,nan,0.14355,nan,0.00444,-0.04539,0.057,91,40,put potato into bowl,record_00.npz,
508,put_into_bowl,False,False,no_release,False,49,-1,False,False,63,160,0.10673,nan,nan,0.10673,nan,0.12687,nan,0.0106,-0.03719,0.057,64,40,put potato into bowl,record_00.npz,
509,put_into_bowl,False,False,no_release,False,24,-1,False,False,29,160,0.10673,nan,nan,0.10673,nan,0.11291,nan,0.01174,-0.037,0.057,30,40,put potato into bowl,record_00.npz,
510,put_into_bowl,False,False,no_release,False,36,-1,False,False,66,160,0.10673,nan,nan,0.10673,nan,0.12221,nan,0.0393,-0.00063,0.057,67,40,put potato into bowl,record_00.npz,
511,put_into_bowl,False,False,no_grasp,False,-1,-1,True,False,-1,160,0.10673,nan,nan,0.10673,nan,0.16856,nan,0.00373,-0.04611,0.057,160,40,put potato into bowl,record_00.npz,
0,put_into_plate,False,False,no_release,False,20,-1,True,False,95,160,0.00838,nan,nan,0.00288,nan,0.06575,nan,0.04644,-0.02282,0.091,160,40,put apple on the plate,record_01.npz,
1,put_into_plate,False,False,no_release,False,124,-1,True,True,-1,160,0.00838,nan,nan,0.0011,nan,0.02306,nan,0.07919,0.01028,0.091,160,40,put apple on the plate,record_01.npz,
2,put_into_plate,True,True,,False,19,44,False,False,42,160,0.00838,0.12005,0.04519,0.00296,0.05006,0.05006,0.00487,0.06543,-0.00346,0.091,53,40,put apple on the plate,record_01.npz,
3,put_into_plate,False,False,no_release,False,139,-1,True,True,-1,160,0.00838,nan,nan,0.0022,nan,0.01834,nan,0.06147,-0.00741,0.091,160,40,put apple on the plate,record_01.npz,
4,put_into_plate,False,False,not_settled,False,20,46,True,False,43,160,0.00838,0.11424,0.03711,0.00212,nan,0.03861,0.00149,0.04638,-0.02304,0.091,160,40,put apple on the plate,record_01.npz,
5,put_into_plate,False,False,not_settled,False,21,38,True,False,36,160,0.00838,0.11019,0.03572,0.00374,nan,0.05322,0.0175,0.04648,-0.02287,0.091,160,40,put apple on the plate,record_01.npz,
6,put_into_plate,False,False,no_release,False,19,-1,True,False,76,160,0.00838,nan,nan,0.00489,nan,0.05489,nan,0.04637,-0.02284,0.091,160,40,put apple on the plate,record_01.npz,
7,put_into_plate,True,True,,False,21,42,False,False,40,160,0.00838,0.12105,0.0282,0.00325,0.03933,0.03933,0.01113,0.0561,-0.0128,0.091,50,40,put apple on the plate,record_01.npz,
40,put_into_plate,False,False,no_release,False,24,-1,True,False,36,160,0.02673,nan,nan,0.00708,nan,0.05436,nan,0.04103,-0.02177,0.091,160,40,put tomato on the plate,record_01.npz,
41,put_into_plate,False,False,no_release,False,21,-1,True,False,45,160,0.02673,nan,nan,0.00281,nan,0.07091,nan,0.04094,-0.02173,0.091,160,40,put tomato on the plate,record_01.npz,
42,put_into_plate,False,False,no_grasp,False,-1,-1,True,False,-1,160,0.02673,nan,nan,0.02514,nan,0.03086,nan,0.04091,-0.02213,0.091,160,40,put tomato on the plate,record_01.npz,
43,put_into_plate,True,True,,False,23,158,False,False,37,160,0.02673,0.04091,0.03185,0.00693,0.03185,0.03185,0.0,0.04091,-0.02208,0.091,159,40,put tomato on the plate,record_01.npz,
44,put_into_plate,True,True,,False,25,55,False,False,32,160,0.02673,0.04091,0.05578,0.01119,0.05578,0.05578,0.0,0.04091,-0.02201,0.091,56,40,put tomato on the plate,record_01.npz,
45,put_into_plate,False,False,no_grasp,False,-1,-1,True,False,-1,160,0.02673,nan,nan,0.01085,nan,0.01187,nan,0.04092,-0.02215,0.091,160,40,put tomato on the plate,record_01.npz,
46,put_into_plate,False,False,no_release,False,21,-1,True,False,37,160,0.02673,nan,nan,0.00768,nan,0.04564,nan,0.04094,-0.0219,0.091,160,40,put tomato on the plate,record_01.npz,
47,put_into_plate,True,True,,False,23,94,False,False,32,160,0.02673,0.0409,0.02998,0.01919,0.02998,0.02998,0.0,0.0409,-0.02215,0.091,95,40,put tomato on the plate,record_01.npz,
48,put_into_plate,True,True,,False,23,146,False,False,141,160,0.01766,0.07884,0.05548,0.01073,0.05725,0.05725,0.00176,0.05658,-0.0056,0.091,149,40,put orange on the plate,record_01.npz,
49,put_into_plate,True,True,,False,21,56,False,False,52,160,0.01766,0.0712,0.03839,0.01073,0.03774,0.03774,-0.00066,0.05824,-0.00392,0.091,59,40,put orange on the plate,record_01.npz,
50,put_into_plate,True,True,,False,21,132,False,False,128,160,0.01766,0.06301,0.03009,0.01074,0.02854,0.02854,-0.00155,0.05351,-0.00864,0.091,134,40,put orange on the plate,record_01.npz,
51,put_into_plate,True,True,,False,21,99,False,False,91,160,0.01766,0.05194,0.02698,0.01072,0.02698,0.02698,0.0,0.05194,-0.01024,0.091,100,40,put orange on the plate,record_01.npz,
52,put_into_plate,True,True,,False,21,69,False,False,54,160,0.01766,0.05279,0.0504,0.01072,0.0504,0.0504,0.0,0.05279,-0.0094,0.091,70,40,put orange on the plate,record_01.npz,
53,put_into_plate,False,False,no_release,False,22,-1,True,True,-1,160,0.01766,nan,nan,0.01084,nan,0.03503,nan,0.04101,-0.02703,0.091,160,40,put orange on the plate,record_01.npz,
54,put_into_plate,True,True,,False,21,130,False,False,126,160,0.01766,0.06357,0.02701,0.01075,0.0251,0.0251,-0.00192,0.05542,-0.00673,0.091,132,40,put orange on the plate,record_01.npz,
55,put_into_plate,True,True,,False,22,148,False,False,140,160,0.01766,0.11415,0.07879,0.01073,0.06255,0.06255,-0.01624,0.04832,-0.01385,0.091,155,40,put orange on the plate,record_01.npz,
64,put_into_bowl,False,False,not_settled,False,36,123,False,False,121,160,0.02527,0.10989,0.06277,0.01652,nan,0.07582,0.01305,0.0485,-0.00511,0.057,156,40,put apple into bowl,record_01.npz,
65,put_into_bowl,False,False,not_settled,False,42,135,True,True,132,160,0.02527,0.14742,0.07481,0.0165,nan,0.10011,0.02531,0.08245,0.03014,0.057,160,40,put apple into bowl,record_01.npz,
66,put_into_bowl,False,False,no_release,False,55,-1,True,True,58,160,0.02527,nan,nan,0.01652,nan,0.05678,nan,0.07789,0.02558,0.057,160,40,put apple into bowl,record_01.npz,
67,put_into_bowl,True,True,,False,36,58,False,False,56,160,0.02527,0.05276,0.03982,0.01651,0.03881,0.03881,-0.00101,0.04905,-0.00343,0.057,60,40,put apple into bowl,record_01.npz,
68,put_into_bowl,False,False,no_release,False,40,-1,True,True,90,160,0.02527,nan,nan,0.01653,nan,0.05711,nan,0.04985,0.00019,0.057,160,40,put apple into bowl,record_01.npz,
69,put_into_bowl,False,False,no_release,False,52,-1,True,False,102,160,0.02527,nan,nan,0.0165,nan,0.02095,nan,0.02996,-0.02387,0.057,160,40,put apple into bowl,record_01.npz,
70,put_into_bowl,True,True,,False,61,137,False,False,68,160,0.02527,0.04234,0.03128,0.00364,0.03128,0.03128,0.0,0.04234,-0.01016,0.057,138,40,put apple into bowl,record_01.npz,
71,put_into_bowl,True,True,,False,42,46,False,False,44,160,0.02527,0.04855,0.03581,0.01652,0.03581,0.03581,0.0,0.04855,-0.00394,0.057,47,40,put apple into bowl,record_01.npz,
72,put_into_plate,True,True,,False,71,79,False,False,75,160,0.02159,0.052,0.02671,0.0147,0.02671,0.02671,0.0,0.052,-0.01049,0.091,80,40,put tomato on the plate,record_01.npz,
73,put_into_plate,True,True,,False,79,86,False,False,82,160,0.02159,0.04083,0.03841,0.01511,0.03841,0.03841,0.0,0.04083,-0.02239,0.091,87,40,put tomato on the plate,record_01.npz,
74,put_into_plate,True,True,,False,51,59,False,False,57,160,0.02159,0.04064,0.01289,0.01156,0.01289,0.01289,0.0,0.04064,-0.02173,0.091,60,40,put tomato on the plate,record_01.npz,
75,put_into_plate,True,True,,False,112,146,False,False,118,160,0.02159,0.04091,0.01051,0.01051,0.01051,0.01051,0.0,0.04091,-0.02224,0.091,147,40,put tomato on the plate,record_01.npz,
76,put_into_plate,True,True,,False,93,137,False,False,101,160,0.02159,0.04096,0.04506,0.00571,0.04506,0.04506,0.0,0.04096,-0.02202,0.091,138,40,put tomato on the plate,record_01.npz,
77,put_into_plate,True,True,,False,82,92,False,False,86,160,0.02159,0.04099,0.0266,0.01413,0.0266,0.0266,0.0,0.04099,-0.0219,0.091,93,40,put tomato on the plate,record_01.npz,
78,put_into_plate,True,True,,False,60,101,False,False,94,160,0.02159,0.06477,0.03218,0.00564,0.03159,0.03159,-0.00059,0.04963,-0.01284,0.091,103,40,put tomato on the plate,record_01.npz,
79,put_into_plate,False,False,no_grasp,False,-1,-1,True,False,-1,160,0.02159,nan,nan,0.01185,nan,0.01992,nan,0.04098,-0.0219,0.091,160,40,put tomato on the plate,record_01.npz,
112,put_into_plate,False,False,no_grasp,False,-1,-1,True,False,-1,160,0.07323,nan,nan,0.04602,nan,0.04602,nan,0.04079,-0.02184,0.091,160,40,put orange on the plate,record_01.npz,
113,put_into_plate,False,False,no_release,False,86,-1,True,True,87,160,0.07323,nan,nan,0.07138,nan,0.08801,nan,0.05109,-0.01109,0.091,160,40,put orange on the plate,record_01.npz,
114,put_into_plate,False,False,xy_miss,False,112,137,False,False,132,160,0.07324,0.06565,0.11845,0.071,0.11985,0.11985,0.0014,0.05932,-0.00285,0.091,139,40,put orange on the plate,record_01.npz,
115,put_into_plate,False,False,no_grasp,False,-1,-1,True,False,-1,160,0.07324,nan,nan,0.0712,nan,0.08756,nan,0.0408,-0.02153,0.091,160,40,put orange on the plate,record_01.npz,
116,put_into_plate,False,False,no_release,False,63,-1,False,False,95,160,0.07324,nan,nan,0.07103,nan,0.12108,nan,0.04732,-0.01479,0.091,96,40,put orange on the plate,record_01.npz,
117,put_into_plate,False,False,no_grasp,False,-1,-1,True,False,-1,160,0.07324,nan,nan,0.07049,nan,0.08199,nan,0.04078,-0.02168,0.091,160,40,put orange on the plate,record_01.npz,
118,put_into_plate,True,True,,False,58,68,False,False,64,160,0.07324,0.04417,0.08987,0.07129,0.08987,0.08987,0.0,0.04417,-0.01801,0.091,69,40,put orange on the plate,record_01.npz,
119,put_into_plate,False,False,no_grasp,False,-1,-1,True,False,-1,160,0.07324,nan,nan,0.07117,nan,0.14296,nan,0.02094,-0.04189,0.091,160,40,put orange on the plate,record_01.npz,
136,put_into_plate,False,False,no_grasp,False,-1,-1,True,False,-1,160,0.01411,nan,nan,0.00298,nan,0.01743,nan,0.04091,-0.02218,0.091,160,40,put tomato on the plate,record_01.npz,
137,put_into_plate,True,True,,False,72,78,False,False,74,160,0.01411,0.04097,0.04304,0.01173,0.04304,0.04304,0.0,0.04097,-0.02199,0.091,79,40,put tomato on the plate,record_01.npz,
138,put_into_plate,True,True,,False,112,132,False,False,128,160,0.01411,0.07543,0.01152,0.01152,0.02276,0.02276,0.01124,0.06042,-0.00205,0.091,137,40,put tomato on the plate,record_01.npz,
139,put_into_plate,True,True,,False,115,137,False,False,120,160,0.01411,0.04049,0.02521,0.0137,0.02521,0.02521,0.0,0.04049,-0.02301,0.091,138,40,put tomato on the plate,record_01.npz,
140,put_into_plate,True,True,,False,20,33,False,False,24,160,0.01411,0.0408,0.02383,0.01381,0.02383,0.02383,0.0,0.0408,-0.02269,0.091,34,40,put tomato on the plate,record_01.npz,
141,put_into_plate,True,True,,False,46,120,False,False,51,160,0.01411,0.04092,0.03891,0.01378,0.03891,0.03891,0.0,0.04092,-0.022,0.091,121,40,put tomato on the plate,record_01.npz,
142,put_into_plate,True,True,,False,102,139,False,False,115,160,0.01411,0.04092,0.02279,0.01245,0.02279,0.02279,0.0,0.04092,-0.02214,0.091,140,40,put tomato on the plate,record_01.npz,
143,put_into_plate,True,True,,False,48,58,False,False,54,160,0.01411,0.06451,0.00805,0.00802,0.00824,0.00824,0.00019,0.06087,-0.00162,0.091,60,40,put tomato on the plate,record_01.npz,
144,put_into_plate,False,False,not_settled,False,27,73,False,False,69,160,0.07072,0.11236,0.04431,0.04073,nan,0.09164,0.04733,0.03978,-0.02239,0.091,83,40,put orange on the plate,record_01.npz,
145,put_into_plate,True,True,,False,28,55,False,False,51,160,0.07072,0.09564,0.03532,0.03044,0.03044,0.03044,-0.00487,0.05283,-0.00936,0.091,61,40,put orange on the plate,record_01.npz,
146,put_into_plate,True,True,,False,24,42,False,False,31,160,0.07072,0.04344,0.0646,0.06344,0.0646,0.0646,0.0,0.04344,-0.01871,0.091,43,40,put orange on the plate,record_01.npz,
147,put_into_plate,True,True,,False,44,73,False,False,65,160,0.07072,0.06739,0.05414,0.05407,0.05431,0.05431,0.00017,0.05568,-0.00641,0.091,75,40,put orange on the plate,record_01.npz,
148,put_into_plate,True,True,,False,31,61,False,False,57,160,0.07072,0.07823,0.02238,0.01824,0.01824,0.01824,-0.00414,0.05223,-0.00994,0.091,65,40,put orange on the plate,record_01.npz,
149,put_into_plate,True,True,,False,24,31,False,False,26,160,0.07072,0.04037,0.05806,0.05806,0.05806,0.05806,0.0,0.04037,-0.02193,0.091,32,40,put orange on the plate,record_01.npz,
150,put_into_plate,True,True,,False,23,41,False,False,37,160,0.07072,0.10465,0.03653,0.02888,0.02888,0.02888,-0.00765,0.0571,-0.00508,0.091,48,40,put orange on the plate,record_01.npz,
151,put_into_plate,True,True,,False,32,53,False,False,34,160,0.07072,0.08444,0.03657,0.03195,0.03195,0.03195,-0.00462,0.05606,-0.00613,0.091,58,40,put orange on the plate,record_01.npz,
160,put_into_plate,True,True,,False,12,45,False,False,14,160,0.07187,0.0447,0.06801,0.06718,0.06801,0.06801,0.0,0.0447,-0.02484,0.091,46,40,put apple on the plate,record_01.npz,
161,put_into_plate,False,False,no_release,False,14,-1,True,False,97,160,0.07187,nan,nan,0.04878,nan,0.04878,nan,0.0463,-0.02297,0.091,160,40,put apple on the plate,record_01.npz,
162,put_into_plate,False,False,no_release,False,12,-1,True,False,69,160,0.07187,nan,nan,0.02388,nan,0.02388,nan,0.04641,-0.02301,0.091,160,40,put apple on the plate,record_01.npz,
163,put_into_plate,False,False,no_release,False,15,-1,False,False,53,160,0.07187,nan,nan,0.07187,nan,0.13391,nan,0.05788,-0.01103,0.091,64,40,put apple on the plate,record_01.npz,
164,put_into_plate,False,False,no_grasp,False,-1,-1,True,False,-1,160,0.07187,nan,nan,0.05677,nan,0.05677,nan,0.04645,-0.02293,0.091,160,40,put apple on the plate,record_01.npz,
165,put_into_plate,True,True,,False,15,133,False,False,81,160,0.07187,0.04644,0.04591,0.04591,0.04591,0.04591,0.0,0.04644,-0.02303,0.091,134,40,put apple on the plate,record_01.npz,
166,put_into_plate,False,False,no_release,False,15,-1,False,False,64,160,0.07187,nan,nan,0.07187,nan,0.13863,nan,0.06245,-0.00647,0.091,75,40,put apple on the plate,record_01.npz,
167,put_into_plate,False,False,no_grasp,False,-1,-1,True,False,-1,160,0.07187,nan,nan,0.07187,nan,0.08361,nan,0.04618,-0.02279,0.091,160,40,put apple on the plate,record_01.npz,
168,put_into_bowl,False,False,no_release,False,39,-1,False,False,51,160,0.1003,nan,nan,0.1003,nan,0.18438,nan,0.02385,-0.02205,0.057,74,40,put tomato into bowl,record_01.npz,
169,put_into_bowl,False,False,no_release,False,33,-1,False,False,65,160,0.1003,nan,nan,0.1003,nan,0.15279,nan,0.0398,-0.00609,0.057,70,40,put tomato into bowl,record_01.npz,
170,put_into_bowl,False,False,xy_miss,False,42,86,False,False,79,160,0.1003,0.0545,0.22325,0.09073,0.22546,0.22546,0.00221,0.03959,-0.0063,0.057,88,40,put tomato into bowl,record_01.npz,
171,put_into_bowl,False,False,no_release,False,47,-1,False,False,52,160,0.1003,nan,nan,0.1003,nan,0.11758,nan,0.03024,-0.01564,0.057,53,40,put tomato into bowl,record_01.npz,
172,put_into_bowl,False,False,not_settled,False,47,87,False,False,82,160,0.1003,0.06646,0.19065,0.1003,nan,0.1965,0.00586,0.04003,-0.00587,0.057,92,40,put tomato into bowl,record_01.npz,
173,put_into_bowl,False,False,no_grasp,False,-1,-1,True,False,-1,160,0.1003,nan,nan,0.1003,nan,8.0,nan,0.01507,-0.25771,0.057,160,40,put tomato into bowl,record_01.npz,
174,put_into_bowl,False,False,no_grasp,False,-1,-1,True,False,-1,160,0.1003,nan,nan,0.09084,nan,0.09128,nan,0.0037,-0.0422,0.057,160,40,put tomato into bowl,record_01.npz,
175,put_into_bowl,False,False,no_release,False,43,-1,False,False,55,160,0.1003,nan,nan,0.1003,nan,0.15558,nan,0.03866,-0.00723,0.057,63,40,put tomato into bowl,record_01.npz,
176,put_into_bowl,False,False,no_grasp,False,-1,-1,True,False,-1,160,0.09364,nan,nan,0.0755,nan,0.07676,nan,0.02342,-0.04192,0.057,160,40,put orange into bowl,record_01.npz,
177,put_into_bowl,False,False,no_grasp,False,-1,-1,True,False,-1,160,0.09364,nan,nan,0.05422,nan,0.05468,nan,0.02975,-0.04192,0.057,160,40,put orange into bowl,record_01.npz,
178,put_into_bowl,False,False,no_grasp,False,-1,-1,True,False,-1,160,0.09363,nan,nan,0.0545,nan,0.05457,nan,0.03179,-0.04191,0.057,160,40,put orange into bowl,record_01.npz,
179,put_into_bowl,False,False,no_grasp,False,-1,-1,True,False,-1,160,0.09364,nan,nan,0.06986,nan,0.07112,nan,0.0241,-0.04192,0.057,160,40,put orange into bowl,record_01.npz,
180,put_into_bowl,False,False,no_grasp,False,-1,-1,True,False,-1,160,0.09363,nan,nan,0.08516,nan,0.08703,nan,0.01864,-0.04192,0.057,160,40,put orange into bowl,record_01.npz,
181,put_into_bowl,False,False,no_grasp,False,-1,-1,True,False,-1,160,0.09364,nan,nan,0.09067,nan,0.09588,nan,0.00374,-0.04189,0.057,160,40,put orange into bowl,record_01.npz,
182,put_into_bowl,False,False,no_grasp,False,-1,-1,True,False,-1,160,0.09363,nan,nan,0.07299,nan,0.07422,nan,0.02264,-0.04192,0.057,160,40,put orange into bowl,record_01.npz,
183,put_into_bowl,False,False,no_grasp,False,-1,-1,True,False,-1,160,0.09364,nan,nan,0.08595,nan,0.08769,nan,0.01922,-0.04192,0.057,160,40,put orange into bowl,record_01.npz,
192,put_into_plate,False,False,no_release,False,24,-1,False,False,36,160,0.00711,nan,nan,0.00711,nan,0.09354,nan,0.04853,-0.02039,0.091,45,40,put apple on the plate,record_01.npz,
193,put_into_plate,True,True,,False,21,42,False,False,34,160,0.00711,0.04734,0.0701,0.00711,0.0701,0.0701,0.0,0.04734,-0.02157,0.091,43,40,put apple on the plate,record_01.npz,
194,put_into_plate,False,False,no_release,False,26,-1,True,True,34,160,0.00711,nan,nan,0.00711,nan,0.06049,nan,0.04626,-0.02499,0.091,160,40,put apple on the plate,record_01.npz,
195,put_into_plate,False,False,no_release,False,21,-1,False,False,41,160,0.00711,nan,nan,0.00711,nan,0.15098,nan,0.05595,-0.01294,0.091,53,40,put apple on the plate,record_01.npz,
196,put_into_plate,False,False,no_release,False,76,-1,True,False,104,160,0.00711,nan,nan,0.00711,nan,0.04072,nan,0.04616,-0.02431,0.091,160,40,put apple on the plate,record_01.npz,
197,put_into_plate,False,False,no_release,False,23,-1,False,False,41,160,0.00711,nan,nan,0.00711,nan,0.14819,nan,0.0586,-0.01028,0.091,52,40,put apple on the plate,record_01.npz,
198,put_into_plate,False,False,no_release,False,20,-1,True,False,36,160,0.00711,nan,nan,0.00711,nan,0.0716,nan,0.04646,-0.02274,0.091,160,40,put apple on the plate,record_01.npz,
199,put_into_plate,False,False,no_release,False,25,-1,False,False,47,160,0.00711,nan,nan,0.00711,nan,0.10154,nan,0.0684,-0.00049,0.091,53,40,put apple on the plate,record_01.npz,
200,put_into_bowl,False,False,no_grasp,False,-1,-1,True,False,-1,160,0.08409,nan,nan,0.08409,nan,0.09181,nan,0.00369,-0.0422,0.057,160,40,put tomato into bowl,record_01.npz,
201,put_into_bowl,False,False,no_grasp,False,-1,-1,True,False,-1,160,0.08409,nan,nan,0.08409,nan,0.11133,nan,0.01692,-0.0422,0.057,160,40,put tomato into bowl,record_01.npz,
202,put_into_bowl,False,False,no_grasp,False,-1,-1,True,False,-1,160,0.08409,nan,nan,0.08409,nan,0.09579,nan,0.01672,-0.0422,0.057,160,40,put tomato into bowl,record_01.npz,
203,put_into_bowl,False,False,no_grasp,False,-1,-1,True,False,-1,160,0.08409,nan,nan,0.08409,nan,0.10303,nan,0.01635,-0.0422,0.057,160,40,put tomato into bowl,record_01.npz,
204,put_into_bowl,False,False,no_grasp,False,-1,-1,True,False,-1,160,0.08409,nan,nan,0.08409,nan,0.10882,nan,0.01711,-0.0422,0.057,160,40,put tomato into bowl,record_01.npz,
205,put_into_bowl,False,False,no_grasp,False,-1,-1,True,False,-1,160,0.08409,nan,nan,0.08409,nan,0.09926,nan,0.00369,-0.0422,0.057,160,40,put tomato into bowl,record_01.npz,
206,put_into_bowl,False,False,no_grasp,False,-1,-1,True,False,-1,160,0.08409,nan,nan,0.08409,nan,0.096,nan,0.01557,-0.0422,0.057,160,40,put tomato into bowl,record_01.npz,
207,put_into_bowl,False,False,no_grasp,False,-1,-1,True,False,-1,160,0.08409,nan,nan,0.08409,nan,0.10608,nan,0.01498,-0.0422,0.057,160,40,put tomato into bowl,record_01.npz,
208,put_into_bowl,False,False,no_grasp,False,-1,-1,True,False,-1,160,0.02397,nan,nan,0.00747,nan,0.01621,nan,0.0226,-0.01198,0.057,160,40,put orange into bowl,record_01.npz,
209,put_into_bowl,False,False,no_grasp,False,-1,-1,True,False,-1,160,0.02397,nan,nan,0.01625,nan,0.02026,nan,0.0246,-0.02312,0.057,160,40,put orange into bowl,record_01.npz,
210,put_into_bowl,False,False,no_grasp,False,-1,-1,True,False,-1,160,0.02397,nan,nan,0.01521,nan,0.02022,nan,0.02493,-0.02104,0.057,160,40,put orange into bowl,record_01.npz,
211,put_into_bowl,False,False,no_grasp,False,-1,-1,True,False,-1,160,0.02397,nan,nan,0.00687,nan,0.03305,nan,0.01885,-0.01369,0.057,160,40,put orange into bowl,record_01.npz,
212,put_into_bowl,False,False,no_release,False,132,-1,True,True,-1,160,0.02397,nan,nan,0.01067,nan,0.01067,nan,0.02883,-0.01674,0.057,160,40,put orange into bowl,record_01.npz,
213,put_into_bowl,False,False,no_grasp,False,-1,-1,True,False,-1,160,0.02397,nan,nan,0.0066,nan,0.0146,nan,0.02491,-0.02109,0.057,160,40,put orange into bowl,record_01.npz,
214,put_into_bowl,False,False,no_grasp,False,-1,-1,True,False,-1,160,0.02397,nan,nan,0.0117,nan,0.01763,nan,0.02484,-0.02146,0.057,160,40,put orange into bowl,record_01.npz,
215,put_into_bowl,True,True,,False,47,59,False,False,50,160,0.02397,0.03395,0.03388,0.0146,0.03388,0.03388,0.0,0.03395,-0.01105,0.057,60,40,put orange into bowl,record_01.npz,
224,put_into_plate,True,True,,False,16,60,False,False,19,160,0.00775,0.07206,0.01424,0.00775,0.01507,0.01507,0.00083,0.06657,-0.00233,0.091,62,40,put apple on the plate,record_01.npz,
225,put_into_plate,True,True,,False,16,27,False,False,19,160,0.00775,0.05513,0.0128,0.00775,0.0128,0.0128,0.0,0.05513,-0.01375,0.091,28,40,put apple on the plate,record_01.npz,
226,put_into_plate,True,True,,False,16,52,False,False,50,160,0.00775,0.11096,0.03023,0.00303,0.04361,0.04361,0.01338,0.05848,-0.01043,0.091,60,40,put apple on the plate,record_01.npz,
227,put_into_plate,True,True,,False,16,27,False,False,19,160,0.00775,0.04967,0.00968,0.00775,0.00968,0.00968,0.0,0.04967,-0.01921,0.091,28,40,put apple on the plate,record_01.npz,
228,put_into_plate,True,True,,False,15,33,False,False,31,160,0.00775,0.08764,0.00522,0.00519,0.00708,0.00708,0.00186,0.06791,-0.001,0.091,38,40,put apple on the plate,record_01.npz,
229,put_into_plate,True,True,,False,17,61,False,False,59,160,0.00775,0.12182,0.02687,0.00687,0.03177,0.03177,0.0049,0.04371,-0.02648,0.091,70,40,put apple on the plate,record_01.npz,
230,put_into_plate,True,True,,False,15,43,False,False,41,160,0.00775,0.1002,0.02186,0.00109,0.03638,0.03638,0.01452,0.06871,-0.0002,0.091,49,40,put apple on the plate,record_01.npz,
231,put_into_plate,False,False,no_release,False,15,-1,True,True,20,160,0.00775,nan,nan,0.00775,nan,0.06256,nan,0.1322,0.06329,0.091,160,40,put apple on the plate,record_01.npz,
248,put_into_plate,False,False,no_grasp,False,-1,-1,True,False,-1,160,0.00719,nan,nan,0.00719,nan,0.15961,nan,0.02031,-0.04611,0.091,160,40,put potato on the plate,record_01.npz,
249,put_into_plate,False,False,no_grasp,False,-1,-1,True,False,-1,160,0.00719,nan,nan,0.00719,nan,0.15224,nan,0.02032,-0.04611,0.091,160,40,put potato on the plate,record_01.npz,
250,put_into_plate,False,False,xy_miss,False,88,100,False,False,91,160,0.0072,0.11429,0.1259,0.0072,0.11349,0.11349,-0.01241,0.06154,-0.00491,0.091,131,40,put potato on the plate,record_01.npz,
251,put_into_plate,False,False,xy_miss,False,85,102,False,False,100,160,0.0072,0.12337,0.1249,0.0072,0.12065,0.12065,-0.00426,0.0655,-0.00094,0.091,149,40,put potato on the plate,record_01.npz,
252,put_into_plate,False,False,xy_miss,False,90,110,False,False,102,160,0.00719,0.15602,0.12544,0.00719,0.11714,0.11714,-0.00831,0.03828,-0.02816,0.091,156,40,put potato on the plate,record_01.npz,
253,put_into_plate,False,False,not_settled,False,84,141,True,False,128,160,0.0072,0.18879,0.1864,0.0072,nan,0.18073,-0.00567,0.17831,0.11188,0.091,160,40,put potato on the plate,record_01.npz,
254,put_into_plate,False,False,xy_miss,False,80,109,False,False,102,160,0.00719,0.15074,0.12292,0.00719,0.10225,0.10225,-0.02067,0.06459,-0.00185,0.091,140,40,put potato on the plate,record_01.npz,
255,put_into_plate,False,False,no_grasp,False,-1,-1,True,False,-1,160,0.00719,nan,nan,0.00719,nan,0.14226,nan,0.0203,-0.04611,0.091,160,40,put potato on the plate,record_01.npz,
256,put_into_bowl,False,False,xy_miss,False,12,111,False,False,109,160,0.0863,0.13446,0.42315,0.0863,0.45566,0.45566,0.03251,0.03613,-0.01618,0.057,119,40,put apple into bowl,record_01.npz,
257,put_into_bowl,False,False,not_settled,False,11,102,False,False,99,160,0.08594,0.17138,0.45307,0.08594,nan,0.44989,-0.00318,0.04857,-0.00374,0.057,113,40,put apple into bowl,record_01.npz,
258,put_into_bowl,False,False,not_settled,False,13,98,False,False,95,160,0.08594,0.14342,0.26384,0.08594,nan,0.24829,-0.01556,0.04611,-0.0062,0.057,107,40,put apple into bowl,record_01.npz,
259,put_into_bowl,True,True,,False,11,119,False,False,114,160,0.08594,0.09965,0.06619,0.05595,0.05595,0.05595,-0.01025,0.04916,-0.00325,0.057,124,40,put apple into bowl,record_01.npz,
260,put_into_bowl,False,False,no_release,False,11,-1,False,False,114,160,0.0863,nan,nan,0.0863,nan,0.23262,nan,0.04724,-0.00507,0.057,117,40,put apple into bowl,record_01.npz,
261,put_into_bowl,False,False,no_release,False,13,-1,True,True,-1,160,0.0863,nan,nan,0.0863,nan,0.22956,nan,0.06445,0.01214,0.057,160,40,put apple into bowl,record_01.npz,
262,put_into_bowl,False,False,not_settled,False,12,87,False,False,85,160,0.08594,0.15445,0.32112,0.08594,nan,0.33006,0.00894,0.04752,-0.00479,0.057,96,40,put apple into bowl,record_01.npz,
263,put_into_bowl,False,False,no_release,False,12,-1,True,True,-1,160,0.0863,nan,nan,0.0863,nan,0.31237,nan,0.1016,0.04924,0.057,160,40,put apple into bowl,record_01.npz,
264,put_into_bowl,False,False,xy_miss,False,19,69,False,False,60,160,0.08673,0.06315,0.06641,0.06362,0.06362,0.06362,-0.00279,0.0447,-0.00127,0.057,72,40,put tomato into bowl,record_01.npz,
265,put_into_bowl,False,False,not_settled,False,17,80,False,False,75,160,0.08672,0.13512,0.1146,0.08672,nan,0.11028,-0.00432,0.0327,-0.0132,0.057,88,40,put tomato into bowl,record_01.npz,
266,put_into_bowl,False,False,no_release,False,18,-1,False,False,30,160,0.08673,nan,nan,0.08673,nan,0.11584,nan,0.03371,-0.01219,0.057,31,40,put tomato into bowl,record_01.npz,
267,put_into_bowl,True,True,,False,17,58,False,False,51,160,0.08673,0.04402,0.04036,0.04036,0.04036,0.04036,0.0,0.04402,-0.00198,0.057,59,40,put tomato into bowl,record_01.npz,
268,put_into_bowl,False,False,no_release,False,19,-1,False,False,34,160,0.08673,nan,nan,0.08673,nan,0.12045,nan,0.01684,-0.02906,0.057,35,40,put tomato into bowl,record_01.npz,
269,put_into_bowl,False,False,no_release,False,20,-1,False,False,54,160,0.08673,nan,nan,0.07075,nan,0.07075,nan,0.04515,-0.00074,0.057,58,40,put tomato into bowl,record_01.npz,
270,put_into_bowl,False,False,no_release,False,18,-1,False,False,26,160,0.08673,nan,nan,0.08673,nan,0.11979,nan,0.02711,-0.01879,0.057,27,40,put tomato into bowl,record_01.npz,
271,put_into_bowl,True,True,,False,19,60,False,False,57,160,0.08673,0.05086,0.03573,0.03272,0.03272,0.03272,-0.00301,0.04433,-0.00156,0.057,62,40,put tomato into bowl,record_01.npz,
280,put_into_bowl,False,False,no_grasp,False,-1,-1,True,False,-1,160,0.10386,nan,nan,0.10386,nan,0.20792,nan,0.00382,-0.04611,0.057,160,40,put potato into bowl,record_01.npz,
281,put_into_bowl,False,False,no_grasp,False,-1,-1,True,False,-1,160,0.10386,nan,nan,0.10386,nan,0.20784,nan,0.00372,-0.04611,0.057,160,40,put potato into bowl,record_01.npz,
282,put_into_bowl,False,False,no_grasp,False,-1,-1,True,False,-1,160,0.10386,nan,nan,0.10386,nan,0.20959,nan,0.00344,-0.04639,0.057,160,40,put potato into bowl,record_01.npz,
283,put_into_bowl,False,False,no_grasp,False,-1,-1,True,False,-1,160,0.10387,nan,nan,0.10387,nan,0.2079,nan,0.00373,-0.04611,0.057,160,40,put potato into bowl,record_01.npz,
284,put_into_bowl,False,False,no_release,False,130,-1,False,False,137,160,0.10386,nan,nan,0.10386,nan,0.21423,nan,0.00451,-0.04532,0.057,138,40,put potato into bowl,record_01.npz,
285,put_into_bowl,False,False,no_grasp,False,-1,-1,True,False,-1,160,0.10386,nan,nan,0.10386,nan,0.20791,nan,0.00372,-0.04611,0.057,160,40,put potato into bowl,record_01.npz,
286,put_into_bowl,False,False,no_grasp,False,-1,-1,True,False,-1,160,0.10386,nan,nan,0.10386,nan,0.20782,nan,0.00373,-0.04611,0.057,160,40,put potato into bowl,record_01.npz,
287,put_into_bowl,False,False,no_release,False,119,-1,False,False,142,160,0.10386,nan,nan,0.10386,nan,0.21333,nan,0.00347,-0.04636,0.057,143,40,put potato into bowl,record_01.npz,
288,put_into_plate,True,True,,False,72,114,False,False,73,160,0.06147,0.0465,0.02922,0.02922,0.02922,0.02922,0.0,0.0465,-0.02358,0.091,115,40,put apple on the plate,record_01.npz,
289,put_into_plate,True,True,,False,68,115,False,False,74,160,0.06147,0.04608,0.02709,0.02566,0.02709,0.02709,0.0,0.04608,-0.02776,0.091,116,40,put apple on the plate,record_01.npz,
290,put_into_plate,False,False,no_release,False,43,-1,True,True,57,160,0.06147,nan,nan,0.00569,nan,0.00642,nan,0.04888,-0.01998,0.091,160,40,put apple on the plate,record_01.npz,
291,put_into_plate,True,True,,False,72,84,False,False,81,160,0.06147,0.04642,0.03597,0.03425,0.03597,0.03597,0.0,0.04642,-0.02331,0.091,85,40,put apple on the plate,record_01.npz,
292,put_into_plate,True,True,,False,93,103,False,False,95,160,0.06147,0.04627,0.02512,0.02493,0.02512,0.02512,0.0,0.04627,-0.02592,0.091,104,40,put apple on the plate,record_01.npz,
293,put_into_plate,True,True,,False,135,145,False,False,142,160,0.06147,0.04589,0.02812,0.01614,0.02812,0.02812,0.0,0.04589,-0.02293,0.091,146,40,put apple on the plate,record_01.npz,
294,put_into_plate,True,True,,False,41,60,False,False,50,160,0.06147,0.04641,0.02482,0.02077,0.02482,0.02482,0.0,0.04641,-0.02514,0.091,61,40,put apple on the plate,record_01.npz,
295,put_into_plate,False,False,no_release,False,125,-1,True,False,132,160,0.06147,nan,nan,0.01776,nan,0.02104,nan,0.04643,-0.02307,0.091,160,40,put apple on the plate,record_01.npz,
344,put_into_plate,False,False,xy_miss,False,23,55,False,False,51,160,0.09336,0.1039,0.14099,0.09006,0.14907,0.14907,0.00807,0.0651,-0.00134,0.091,61,40,put potato on the plate,record_01.npz,
345,put_into_plate,False,False,xy_miss,False,17,113,False,False,71,160,0.09336,0.11367,0.14758,0.08397,0.14092,0.14092,-0.00666,0.05146,-0.01496,0.091,120,40,put potato on the plate,record_01.npz,
346,put_into_plate,False,False,no_release,False,17,-1,False,False,73,160,0.09336,nan,nan,0.08444,nan,0.14869,nan,0.06289,-0.00352,0.091,94,40,put potato on the plate,record_01.npz,
347,put_into_plate,False,False,xy_miss,False,23,58,False,False,54,160,0.09336,0.13403,0.15557,0.08843,0.16668,0.16668,0.01111,0.05232,-0.0141,0.091,67,40,put potato on the plate,record_01.npz,
348,put_into_plate,False,False,not_settled,False,17,72,False,False,58,160,0.09336,0.10385,0.12656,0.08853,nan,0.13126,0.0047,0.05574,-0.01065,0.091,79,40,put potato on the plate,record_01.npz,
349,put_into_plate,False,False,no_release,False,16,-1,False,False,63,160,0.09336,nan,nan,0.08686,nan,0.12691,nan,0.06269,-0.00372,0.091,79,40,put potato on the plate,record_01.npz,
350,put_into_plate,True,True,,False,19,40,False,False,38,160,0.09336,0.09772,0.05364,0.05226,0.06809,0.06809,0.01445,0.06191,-0.0045,0.091,50,40,put potato on the plate,record_01.npz,
351,put_into_plate,False,False,not_settled,False,19,70,False,False,66,160,0.09336,0.13615,0.17087,0.08561,nan,0.17761,0.00674,0.05877,-0.00765,0.091,79,40,put potato on the plate,record_01.npz,
352,put_into_bowl,False,False,xy_miss,False,12,79,False,False,77,160,0.09408,0.23297,0.1156,0.09408,0.13189,0.13189,0.01629,0.03592,-0.0164,0.057,96,40,put apple into bowl,record_01.npz,
353,put_into_bowl,False,False,xy_miss,False,11,54,False,False,52,160,0.09406,0.145,0.10696,0.08415,0.08415,0.08415,-0.02281,0.04827,-0.00402,0.057,63,40,put apple into bowl,record_01.npz,
354,put_into_bowl,False,False,not_settled,False,12,54,False,False,52,160,0.09406,0.18802,0.11946,0.09406,nan,0.10597,-0.0135,0.03306,-0.01926,0.057,69,40,put apple into bowl,record_01.npz,
355,put_into_bowl,False,False,xy_miss,False,11,55,False,False,53,160,0.09406,0.16038,0.13978,0.09406,0.12005,0.12005,-0.01973,0.03789,-0.01442,0.057,66,40,put apple into bowl,record_01.npz,
356,put_into_bowl,False,False,xy_miss,False,11,45,False,False,43,160,0.09406,0.1671,0.1162,0.09406,0.12453,0.12453,0.00832,0.04919,-0.00312,0.057,56,40,put apple into bowl,record_01.npz,
357,put_into_bowl,False,False,xy_miss,False,11,53,False,False,51,160,0.09406,0.17954,0.158,0.09406,0.14008,0.14008,-0.01792,0.0351,-0.01721,0.057,67,40,put apple into bowl,record_01.npz,
358,put_into_bowl,False,False,xy_miss,False,12,41,False,False,39,160,0.09406,0.15384,0.11924,0.09406,0.11254,0.11254,-0.00669,0.04275,-0.00956,0.057,54,40,put apple into bowl,record_01.npz,
359,put_into_bowl,False,False,xy_miss,False,11,83,False,False,81,160,0.09406,0.20129,0.09443,0.08905,0.11188,0.11188,0.01745,0.03636,-0.01596,0.057,95,40,put apple into bowl,record_01.npz,
360,put_into_bowl,False,False,no_release,False,159,-1,True,True,-1,160,0.02536,nan,nan,0.00903,nan,0.02142,nan,0.02538,-0.02055,0.057,160,40,put tomato into bowl,record_01.npz,
361,put_into_bowl,False,False,no_grasp,False,-1,-1,True,False,-1,160,0.02536,nan,nan,0.00388,nan,0.01301,nan,0.02448,-0.02405,0.057,160,40,put tomato into bowl,record_01.npz,
362,put_into_bowl,False,False,no_grasp,False,-1,-1,True,False,-1,160,0.02536,nan,nan,0.01099,nan,0.0226,nan,0.0252,-0.01987,0.057,160,40,put tomato into bowl,record_01.npz,
363,put_into_bowl,True,True,,False,19,53,False,False,29,160,0.02536,0.02489,0.01895,0.01029,0.01895,0.01895,0.0,0.02489,-0.02151,0.057,54,40,put tomato into bowl,record_01.npz,
364,put_into_bowl,True,True,,False,26,55,False,False,31,160,0.02536,0.02489,0.02714,0.01559,0.02714,0.02714,0.0,0.02489,-0.0214,0.057,56,40,put tomato into bowl,record_01.npz,
365,put_into_bowl,True,True,,False,20,58,False,False,42,160,0.02536,0.02635,0.01622,0.01392,0.01622,0.01622,0.0,0.02635,-0.01955,0.057,59,40,put tomato into bowl,record_01.npz,
366,put_into_bowl,False,False,no_grasp,False,-1,-1,True,False,-1,160,0.02536,nan,nan,0.0156,nan,0.02261,nan,0.02492,-0.02135,0.057,160,40,put tomato into bowl,record_01.npz,
367,put_into_bowl,True,True,,False,17,59,False,False,35,160,0.02536,0.04055,0.04438,0.01559,0.04438,0.04438,0.0,0.04055,-0.00546,0.057,60,40,put tomato into bowl,record_01.npz,
368,put_into_bowl,False,False,no_grasp,False,-1,-1,True,False,-1,160,0.08437,nan,nan,0.08437,nan,0.0925,nan,0.00369,-0.04189,0.057,160,40,put orange into bowl,record_01.npz,
369,put_into_bowl,False,False,no_grasp,False,-1,-1,True,False,-1,160,0.08437,nan,nan,0.08437,nan,0.10522,nan,0.00043,-0.04189,0.057,160,40,put orange into bowl,record_01.npz,
370,put_into_bowl,False,False,no_grasp,False,-1,-1,True,False,-1,160,0.08437,nan,nan,0.08437,nan,0.19492,nan,0.00642,-0.04189,0.057,160,40,put orange into bowl,record_01.npz,
371,put_into_bowl,False,False,no_grasp,False,-1,-1,True,False,-1,160,0.08437,nan,nan,0.08437,nan,0.13539,nan,0.00367,-0.04189,0.057,160,40,put orange into bowl,record_01.npz,
372,put_into_bowl,False,False,no_grasp,False,-1,-1,True,False,-1,160,0.08437,nan,nan,0.08437,nan,0.12759,nan,0.00365,-0.04189,0.057,160,40,put orange into bowl,record_01.npz,
373,put_into_bowl,False,False,no_grasp,False,-1,-1,True,False,-1,160,0.08437,nan,nan,0.08437,nan,0.11876,nan,0.00271,-0.04189,0.057,160,40,put orange into bowl,record_01.npz,
374,put_into_bowl,False,False,no_grasp,False,-1,-1,True,False,-1,160,0.08437,nan,nan,0.08437,nan,0.09956,nan,0.00369,-0.04189,0.057,160,40,put orange into bowl,record_01.npz,
375,put_into_bowl,False,False,no_grasp,False,-1,-1,True,False,-1,160,0.08437,nan,nan,0.08437,nan,0.09294,nan,0.00369,-0.04189,0.057,160,40,put orange into bowl,record_01.npz,
384,put_into_bowl,False,False,no_release,False,13,-1,False,False,65,160,0.01734,nan,nan,0.0034,nan,0.06463,nan,0.0501,-0.00234,0.057,71,40,put apple into bowl,record_01.npz,
385,put_into_bowl,False,False,no_release,False,12,-1,False,False,82,160,0.01734,nan,nan,0.00339,nan,0.0616,nan,0.05106,-0.00125,0.057,89,40,put apple into bowl,record_01.npz,
386,put_into_bowl,False,False,no_release,False,13,-1,False,False,54,160,0.01734,nan,nan,0.00338,nan,0.07056,nan,0.04982,-0.0024,0.057,64,40,put apple into bowl,record_01.npz,
387,put_into_bowl,False,False,no_release,False,13,-1,False,False,53,160,0.01734,nan,nan,0.00336,nan,0.08065,nan,0.05027,-0.00204,0.057,63,40,put apple into bowl,record_01.npz,
388,put_into_bowl,False,False,no_release,False,13,-1,False,False,44,160,0.01734,nan,nan,0.0034,nan,0.0886,nan,0.04863,-0.00277,0.057,51,40,put apple into bowl,record_01.npz,
389,put_into_bowl,False,False,no_release,False,13,-1,False,False,64,160,0.01734,nan,nan,0.00337,nan,0.07217,nan,0.04889,-0.00341,0.057,73,40,put apple into bowl,record_01.npz,
390,put_into_bowl,False,False,no_release,False,14,-1,False,False,43,160,0.01734,nan,nan,0.00338,nan,0.06489,nan,0.05069,-0.00169,0.057,50,40,put apple into bowl,record_01.npz,
391,put_into_bowl,False,False,no_release,False,13,-1,False,False,52,160,0.01734,nan,nan,0.00338,nan,0.05939,nan,0.0503,-0.00179,0.057,62,40,put apple into bowl,record_01.npz,
400,put_into_bowl,True,True,,False,52,69,False,False,65,160,0.01668,0.04528,0.01763,0.01668,0.01763,0.01763,0.0,0.04528,-0.00056,0.057,70,40,put orange into bowl,record_01.npz,
401,put_into_bowl,True,True,,False,46,85,False,False,47,160,0.01668,0.0249,0.01534,0.01509,0.01534,0.01534,0.0,0.0249,-0.02125,0.057,86,40,put orange into bowl,record_01.npz,
402,put_into_bowl,True,True,,False,55,122,False,False,77,160,0.01668,0.04587,0.03116,0.00075,0.03536,0.03536,0.0042,0.04125,-0.00442,0.057,124,40,put orange into bowl,record_01.npz,
403,put_into_bowl,True,True,,False,26,43,False,False,38,160,0.01668,0.03516,0.01831,0.01668,0.01831,0.01831,0.0,0.03516,-0.0102,0.057,44,40,put orange into bowl,record_01.npz,
404,put_into_bowl,True,True,,False,30,39,False,False,35,160,0.01668,0.02611,0.02041,0.01668,0.02041,0.02041,0.0,0.02611,-0.01926,0.057,40,40,put orange into bowl,record_01.npz,
405,put_into_bowl,True,True,,False,26,109,False,False,102,160,0.01668,0.05155,0.01099,0.00462,0.01553,0.01553,0.00454,0.03781,-0.00778,0.057,112,40,put orange into bowl,record_01.npz,
406,put_into_bowl,True,True,,False,27,127,False,False,122,160,0.01668,0.0237,0.02383,0.00079,0.02383,0.02383,0.0,0.0237,-0.02207,0.057,128,40,put orange into bowl,record_01.npz,
407,put_into_bowl,True,True,,False,26,96,False,False,89,160,0.01668,0.02351,0.00737,0.00542,0.00737,0.00737,0.0,0.02351,-0.02284,0.057,97,40,put orange into bowl,record_01.npz,
408,put_into_bowl,False,False,not_settled,False,104,131,False,False,108,160,0.02355,0.06076,0.06446,0.01855,nan,0.0661,0.00163,0.04853,-0.00131,0.057,141,40,put potato into bowl,record_01.npz,
409,put_into_bowl,True,True,,False,82,111,False,False,87,160,0.02355,0.03946,0.04465,0.01857,0.04465,0.04465,0.0,0.03946,-0.00648,0.057,112,40,put potato into bowl,record_01.npz,
410,put_into_bowl,True,True,,False,93,101,False,False,94,160,0.02355,0.05011,0.03449,0.01844,0.03229,0.03229,-0.0022,0.04973,-9e-05,0.057,104,40,put potato into bowl,record_01.npz,
411,put_into_bowl,True,True,,False,90,103,False,False,96,160,0.02355,0.06666,0.03683,0.01462,0.05299,0.05299,0.01616,0.04975,-7e-05,0.057,137,40,put potato into bowl,record_01.npz,
412,put_into_bowl,False,False,no_release,False,43,-1,False,False,45,160,0.02355,nan,nan,0.0182,nan,0.06934,nan,0.04824,-0.0015,0.057,46,40,put potato into bowl,record_01.npz,
413,put_into_bowl,False,False,no_grasp,False,-1,-1,True,False,-1,160,0.02355,nan,nan,0.01824,nan,0.05906,nan,0.05037,0.00053,0.057,160,40,put potato into bowl,record_01.npz,
414,put_into_bowl,False,False,no_grasp,False,-1,-1,True,False,-1,160,0.02355,nan,nan,0.01814,nan,0.14161,nan,0.00378,-0.04611,0.057,160,40,put potato into bowl,record_01.npz,
415,put_into_bowl,False,False,not_settled,False,41,52,False,False,42,160,0.02355,0.09986,0.0289,0.0166,nan,0.06522,0.03632,0.04303,-0.00261,0.057,109,40,put potato into bowl,record_01.npz,
416,put_into_plate,True,True,,False,36,46,False,False,43,160,0.01764,0.04627,0.00753,0.00753,0.00753,0.00753,0.0,0.04627,-0.02374,0.091,47,40,put apple on the plate,record_01.npz,
417,put_into_plate,True,True,,False,46,111,False,False,79,160,0.01764,0.04591,0.08441,0.01186,0.08441,0.08441,0.0,0.04591,-0.02384,0.091,112,40,put apple on the plate,record_01.npz,
418,put_into_plate,True,True,,False,72,125,False,False,110,160,0.01764,0.04642,0.02127,0.00299,0.02127,0.02127,0.0,0.04642,-0.02313,0.091,126,40,put apple on the plate,record_01.npz,
419,put_into_plate,True,True,,False,19,34,False,False,22,160,0.01764,0.05972,0.03564,0.01166,0.03564,0.03564,0.0,0.05972,-0.00915,0.091,35,40,put apple on the plate,record_01.npz,
420,put_into_plate,True,True,,False,36,39,False,False,37,160,0.01764,0.04642,0.02658,0.01198,0.02658,0.02658,0.0,0.04642,-0.02322,0.091,40,40,put apple on the plate,record_01.npz,
421,put_into_plate,True,True,,False,24,27,False,False,25,160,0.01764,0.05318,0.02121,0.01191,0.02121,0.02121,0.0,0.05318,-0.01565,0.091,28,40,put apple on the plate,record_01.npz,
422,put_into_plate,True,True,,False,17,32,False,False,23,160,0.01764,0.047,0.04991,0.01187,0.04991,0.04991,0.0,0.047,-0.02188,0.091,33,40,put apple on the plate,record_01.npz,
423,put_into_plate,True,True,,False,17,29,False,False,26,160,0.01764,0.07712,0.03683,0.0119,0.03996,0.03996,0.00313,0.06798,-0.00093,0.091,32,40,put apple on the plate,record_01.npz,
424,put_into_bowl,False,False,no_grasp,False,-1,-1,True,False,-1,160,0.09663,nan,nan,0.09496,nan,0.09541,nan,0.01533,-0.04224,0.057,160,40,put tomato into bowl,record_01.npz,
425,put_into_bowl,False,False,no_grasp,False,-1,-1,True,False,-1,160,0.09663,nan,nan,0.09593,nan,0.1043,nan,0.00369,-0.0422,0.057,160,40,put tomato into bowl,record_01.npz,
426,put_into_bowl,False,False,no_grasp,False,-1,-1,True,False,-1,160,0.09663,nan,nan,0.09663,nan,0.10307,nan,0.00369,-0.0422,0.057,160,40,put tomato into bowl,record_01.npz,
427,put_into_bowl,False,False,no_grasp,False,-1,-1,True,False,-1,160,0.09663,nan,nan,0.09663,nan,0.12402,nan,0.00369,-0.0422,0.057,160,40,put tomato into bowl,record_01.npz,
428,put_into_bowl,False,False,no_grasp,False,-1,-1,True,False,-1,160,0.09663,nan,nan,0.09663,nan,0.11509,nan,0.00369,-0.0422,0.057,160,40,put tomato into bowl,record_01.npz,
429,put_into_bowl,False,False,no_grasp,False,-1,-1,True,False,-1,160,0.09663,nan,nan,0.09663,nan,0.10275,nan,0.0037,-0.0422,0.057,160,40,put tomato into bowl,record_01.npz,
430,put_into_bowl,False,False,no_grasp,False,-1,-1,True,False,-1,160,0.09663,nan,nan,0.09487,nan,0.10763,nan,0.00369,-0.0422,0.057,160,40,put tomato into bowl,record_01.npz,
431,put_into_bowl,False,False,no_grasp,False,-1,-1,True,False,-1,160,0.09663,nan,nan,0.09663,nan,0.10794,nan,0.00369,-0.0422,0.057,160,40,put tomato into bowl,record_01.npz,
432,put_into_bowl,False,False,no_grasp,False,-1,-1,True,False,-1,160,0.09802,nan,nan,0.09802,nan,0.13267,nan,0.0037,-0.04189,0.057,160,40,put orange into bowl,record_01.npz,
433,put_into_bowl,False,False,no_grasp,False,-1,-1,True,False,-1,160,0.09803,nan,nan,0.09803,nan,0.12334,nan,0.00369,-0.04189,0.057,160,40,put orange into bowl,record_01.npz,
434,put_into_bowl,False,False,no_grasp,False,-1,-1,True,False,-1,160,0.09803,nan,nan,0.09803,nan,0.12017,nan,0.0037,-0.04189,0.057,160,40,put orange into bowl,record_01.npz,
435,put_into_bowl,False,False,no_grasp,False,-1,-1,True,False,-1,160,0.09803,nan,nan,0.09803,nan,0.14342,nan,0.00376,-0.04189,0.057,160,40,put orange into bowl,record_01.npz,
436,put_into_bowl,False,False,no_grasp,False,-1,-1,True,False,-1,160,0.09803,nan,nan,0.09803,nan,0.13822,nan,0.00746,-0.02189,0.057,160,40,put orange into bowl,record_01.npz,
437,put_into_bowl,False,False,no_grasp,False,-1,-1,True,False,-1,160,0.09803,nan,nan,0.09803,nan,0.12394,nan,0.0037,-0.04189,0.057,160,40,put orange into bowl,record_01.npz,
438,put_into_bowl,False,False,no_grasp,False,-1,-1,True,False,-1,160,0.09803,nan,nan,0.09803,nan,0.14706,nan,0.0037,-0.04189,0.057,160,40,put orange into bowl,record_01.npz,
439,put_into_bowl,False,False,no_grasp,False,-1,-1,True,False,-1,160,0.09802,nan,nan,0.09802,nan,0.11723,nan,0.00369,-0.04189,0.057,160,40,put orange into bowl,record_01.npz,
448,put_into_plate,False,False,no_release,False,45,-1,True,True,-1,160,0.03372,nan,nan,0.00946,nan,0.05898,nan,0.06001,-0.0089,0.091,160,40,put apple on the plate,record_01.npz,
449,put_into_plate,True,True,,False,41,46,False,False,42,160,0.03372,0.04643,0.01006,0.00999,0.01006,0.01006,0.0,0.04643,-0.0227,0.091,47,40,put apple on the plate,record_01.npz,
450,put_into_plate,True,True,,False,38,54,False,False,52,160,0.03372,0.07195,0.03133,0.00366,0.03102,0.03102,-0.00031,0.06749,-0.00142,0.091,56,40,put apple on the plate,record_01.npz,
451,put_into_plate,True,True,,False,47,51,False,False,48,160,0.03372,0.04644,0.01799,0.01161,0.01799,0.01799,0.0,0.04644,-0.0252,0.091,52,40,put apple on the plate,record_01.npz,
452,put_into_plate,True,True,,False,40,87,False,False,84,160,0.03372,0.04618,0.03285,0.01227,0.03285,0.03285,0.0,0.04618,-0.0237,0.091,88,40,put apple on the plate,record_01.npz,
453,put_into_plate,True,True,,False,38,53,False,False,49,160,0.03372,0.04639,0.02574,0.01427,0.02574,0.02574,0.0,0.04639,-0.02371,0.091,54,40,put apple on the plate,record_01.npz,
454,put_into_plate,True,True,,False,24,30,False,False,28,160,0.03372,0.06936,0.00722,0.00613,0.00613,0.00613,-0.00109,0.06733,-0.00156,0.091,33,40,put apple on the plate,record_01.npz,
455,put_into_plate,True,True,,False,48,58,False,False,55,160,0.03372,0.04649,0.01645,0.01443,0.01645,0.01645,0.0,0.04649,-0.02254,0.091,59,40,put apple on the plate,record_01.npz,
480,put_into_plate,False,False,not_settled,False,13,31,True,False,29,160,0.07832,0.13187,0.03664,0.03302,nan,0.04801,0.01137,0.04642,-0.02301,0.091,160,40,put apple on the plate,record_01.npz,
481,put_into_plate,True,True,,False,13,35,False,False,33,160,0.07832,0.10084,0.05712,0.02599,0.02599,0.02599,-0.03113,0.06089,-0.00817,0.091,49,40,put apple on the plate,record_01.npz,
482,put_into_plate,True,True,,False,15,64,False,False,30,160,0.07832,0.09128,0.01049,0.00587,0.00587,0.00587,-0.00462,0.06606,-0.00282,0.091,68,40,put apple on the plate,record_01.npz,
483,put_into_plate,True,True,,False,12,41,False,False,15,160,0.07832,0.0843,0.02579,0.02579,0.02657,0.02657,0.00078,0.06329,-0.00563,0.091,44,40,put apple on the plate,record_01.npz,
484,put_into_plate,False,False,no_release,False,16,-1,True,False,50,160,0.07832,nan,nan,0.0044,nan,0.00545,nan,0.0464,-0.02328,0.091,160,40,put apple on the plate,record_01.npz,
485,put_into_plate,True,True,,False,13,43,False,False,41,160,0.07832,0.1119,0.01518,0.00372,0.0097,0.0097,-0.00548,0.05007,-0.01884,0.091,58,40,put apple on the plate,record_01.npz,
486,put_into_plate,True,True,,False,14,27,False,False,24,160,0.07832,0.08703,0.07222,0.04192,0.04192,0.04192,-0.0303,0.06882,-0.0001,0.091,35,40,put apple on the plate,record_01.npz,
487,put_into_plate,True,True,,False,15,45,False,False,42,160,0.07832,0.07019,0.03257,0.03018,0.03018,0.03018,-0.0024,0.0612,-0.00771,0.091,47,40,put apple on the plate,record_01.npz,
496,put_into_bowl,True,True,,False,23,74,False,False,70,160,0.10105,0.09989,0.05772,0.04128,0.04128,0.04128,-0.01644,0.04241,-0.00356,0.057,80,40,put orange into bowl,record_01.npz,
497,put_into_bowl,True,True,,False,17,99,False,False,95,160,0.10105,0.14716,0.06491,0.05696,0.05696,0.05696,-0.00795,0.04095,-0.00479,0.057,108,40,put orange into bowl,record_01.npz,
498,put_into_bowl,False,False,xy_miss,False,18,91,False,False,85,160,0.10105,0.14977,0.08992,0.08244,0.09038,0.09038,0.00046,0.03114,-0.01466,0.057,100,40,put orange into bowl,record_01.npz,
499,put_into_bowl,False,False,xy_miss,False,20,88,False,False,84,160,0.10105,0.07434,0.1059,0.10105,0.10658,0.10658,0.00068,0.03604,-0.00955,0.057,92,40,put orange into bowl,record_01.npz,
500,put_into_bowl,False,False,not_settled,False,20,91,False,False,86,160,0.10105,0.12067,0.10021,0.1002,nan,0.10097,0.00076,0.03942,-0.00617,0.057,97,40,put orange into bowl,record_01.npz,
501,put_into_bowl,False,False,no_release,False,18,-1,False,False,97,160,0.10105,nan,nan,0.09099,nan,0.09153,nan,0.04454,-0.00104,0.057,109,40,put orange into bowl,record_01.npz,
502,put_into_bowl,False,False,no_release,False,18,-1,False,False,19,160,0.10105,nan,nan,0.10105,nan,0.10509,nan,0.00679,-0.03879,0.057,20,40,put orange into bowl,record_01.npz,
503,put_into_bowl,False,False,no_release,False,22,-1,True,True,-1,160,0.10105,nan,nan,0.10105,nan,0.16541,nan,0.03726,-0.00833,0.057,160,40,put orange into bowl,record_01.npz,
0,put_into_plate,True,True,,False,31,89,False,False,77,160,0.02061,0.04602,0.01275,0.00421,0.01275,0.01275,0.0,0.04602,-0.02289,0.091,90,40,put apple on the plate,record_02.npz,
1,put_into_plate,True,True,,False,18,30,False,False,28,160,0.02061,0.08166,0.02084,0.01116,0.02699,0.02699,0.00615,0.0636,-0.00531,0.091,35,40,put apple on the plate,record_02.npz,
2,put_into_plate,True,True,,False,16,22,False,False,19,160,0.02061,0.055,0.0088,0.0088,0.0088,0.0088,0.0,0.055,-0.01391,0.091,23,40,put apple on the plate,record_02.npz,
3,put_into_plate,True,True,,False,17,41,False,False,31,160,0.02061,0.04629,0.01141,0.0073,0.01141,0.01141,0.0,0.04629,-0.02403,0.091,42,40,put apple on the plate,record_02.npz,
4,put_into_plate,True,True,,False,18,31,False,False,29,160,0.02061,0.09595,0.00785,0.00785,0.03567,0.03567,0.02783,0.06157,-0.00733,0.091,40,40,put apple on the plate,record_02.npz,
5,put_into_plate,True,True,,False,18,36,False,False,33,160,0.02061,0.08485,0.02833,0.01387,0.02938,0.02938,0.00106,0.06426,-0.00466,0.091,40,40,put apple on the plate,record_02.npz,
6,put_into_plate,True,True,,False,21,38,False,False,36,160,0.02061,0.07817,0.021,0.00826,0.02371,0.02371,0.00272,0.06478,-0.00407,0.091,41,40,put apple on the plate,record_02.npz,
7,put_into_plate,True,True,,False,18,33,False,False,28,160,0.02061,0.05453,0.00583,0.00583,0.00583,0.00583,0.0,0.05453,-0.01438,0.091,34,40,put apple on the plate,record_02.npz,
8,put_into_bowl,False,False,no_grasp,False,-1,-1,True,False,-1,160,0.08574,nan,nan,0.08574,nan,0.13127,nan,0.00368,-0.0422,0.057,160,40,put tomato into bowl,record_02.npz,
9,put_into_bowl,False,False,no_grasp,False,-1,-1,True,False,-1,160,0.08575,nan,nan,0.08575,nan,0.11413,nan,0.00369,-0.0422,0.057,160,40,put tomato into bowl,record_02.npz,
10,put_into_bowl,False,False,no_grasp,False,-1,-1,True,False,-1,160,0.08574,nan,nan,0.08574,nan,0.12441,nan,0.00369,-0.0422,0.057,160,40,put tomato into bowl,record_02.npz,
11,put_into_bowl,False,False,no_release,False,17,-1,False,False,26,160,0.08574,nan,nan,0.08574,nan,0.09532,nan,0.01166,-0.03416,0.057,27,40,put tomato into bowl,record_02.npz,
12,put_into_bowl,False,False,no_grasp,False,-1,-1,True,False,-1,160,0.08574,nan,nan,0.08574,nan,0.11993,nan,0.00369,-0.0422,0.057,160,40,put tomato into bowl,record_02.npz,
13,put_into_bowl,False,False,no_release,False,17,-1,False,False,18,160,0.08574,nan,nan,0.08574,nan,0.10788,nan,0.00773,-0.03816,0.057,19,40,put tomato into bowl,record_02.npz,
14,put_into_bowl,False,False,no_grasp,False,-1,-1,True,False,-1,160,0.08574,nan,nan,0.08574,nan,0.31774,nan,0.00369,-0.0422,0.057,160,40,put tomato into bowl,record_02.npz,
15,put_into_bowl,False,False,no_release,False,17,-1,False,False,19,160,0.08575,nan,nan,0.08575,nan,0.11006,nan,0.00647,-0.03942,0.057,20,40,put tomato into bowl,record_02.npz,
24,put_into_plate,True,True,,False,30,45,False,False,42,160,0.03192,0.06564,0.02654,0.01727,0.02654,0.02654,0.0,0.06564,-0.00079,0.091,46,40,put potato on the plate,record_02.npz,
25,put_into_plate,True,True,,False,57,63,False,False,61,160,0.03192,0.04075,0.06208,0.03163,0.06208,0.06208,0.0,0.04075,-0.02668,0.091,64,40,put potato on the plate,record_02.npz,
26,put_into_plate,True,True,,False,35,62,False,False,43,160,0.03192,0.07848,0.03392,0.03163,0.03362,0.03362,-0.0003,0.06,-0.0064,0.091,67,40,put potato on the plate,record_02.npz,
27,put_into_plate,True,True,,False,46,59,False,False,58,160,0.03192,0.06371,0.02604,0.02353,0.02604,0.02604,0.0,0.06371,-0.00271,0.091,60,40,put potato on the plate,record_02.npz,
28,put_into_plate,True,True,,False,30,39,False,False,38,160,0.03192,0.05738,0.02576,0.02258,0.02576,0.02576,0.0,0.05738,-0.00891,0.091,40,40,put potato on the plate,record_02.npz,
29,put_into_plate,True,True,,False,31,67,False,False,64,160,0.03192,0.06579,0.02926,0.02659,0.02926,0.02926,0.0,0.06579,-0.00061,0.091,68,40,put potato on the plate,record_02.npz,
30,put_into_plate,True,True,,False,46,55,False,False,55,160,0.03192,0.05656,0.02445,0.02445,0.02445,0.02445,0.0,0.05656,-0.00987,0.091,56,40,put potato on the plate,record_02.npz,
31,put_into_plate,True,True,,False,38,55,False,False,55,160,0.03192,0.09235,0.01875,0.01495,0.01495,0.01495,-0.0038,0.06029,-0.00613,0.091,62,40,put potato on the plate,record_02.npz,
40,put_into_bowl,True,True,,False,23,77,False,False,27,160,0.02024,0.02491,0.01821,0.0075,0.01821,0.01821,0.0,0.02491,-0.02158,0.057,78,40,put tomato into bowl,record_02.npz,
41,put_into_bowl,True,True,,False,103,134,False,False,114,160,0.02024,0.02491,0.02111,0.00408,0.02111,0.02111,0.0,0.02491,-0.02101,0.057,135,40,put tomato into bowl,record_02.npz,
42,put_into_bowl,True,True,,False,40,55,False,False,51,160,0.02024,0.02498,0.01469,0.00772,0.01469,0.01469,0.0,0.02498,-0.02177,0.057,56,40,put tomato into bowl,record_02.npz,
43,put_into_bowl,True,True,,False,44,55,False,False,52,160,0.02024,0.02461,0.01647,0.00756,0.01647,0.01647,0.0,0.02461,-0.02077,0.057,56,40,put tomato into bowl,record_02.npz,
44,put_into_bowl,False,False,no_release,False,48,-1,True,True,62,160,0.02024,nan,nan,0.00689,nan,0.02211,nan,0.02238,-0.01523,0.057,160,40,put tomato into bowl,record_02.npz,
45,put_into_bowl,True,True,,False,28,36,False,False,32,160,0.02024,0.03541,0.01702,0.00752,0.01702,0.01702,0.0,0.03541,-0.01031,0.057,37,40,put tomato into bowl,record_02.npz,
46,put_into_bowl,False,False,no_release,False,88,-1,True,True,92,160,0.02024,nan,nan,0.00773,nan,0.02206,nan,0.0386,-0.00393,0.057,160,40,put tomato into bowl,record_02.npz,
47,put_into_bowl,True,True,,False,28,78,False,False,32,160,0.02024,0.03705,0.02934,0.00768,0.02934,0.02934,0.0,0.03705,-0.00855,0.057,79,40,put tomato into bowl,record_02.npz,
56,put_into_plate,False,False,no_grasp,False,-1,-1,True,False,-1,160,0.08049,nan,nan,0.02913,nan,0.0599,nan,0.04086,-0.02597,0.091,160,40,put potato on the plate,record_02.npz,
57,put_into_plate,False,False,no_grasp,False,-1,-1,True,False,-1,160,0.08049,nan,nan,0.02971,nan,0.12113,nan,0.03013,-0.03637,0.091,160,40,put potato on the plate,record_02.npz,
58,put_into_plate,False,False,no_release,False,29,-1,True,False,30,160,0.08049,nan,nan,0.02228,nan,0.07526,nan,0.04086,-0.02587,0.091,160,40,put potato on the plate,record_02.npz,
59,put_into_plate,False,False,no_grasp,False,-1,-1,True,False,-1,160,0.08049,nan,nan,0.02611,nan,0.11951,nan,0.03018,-0.03629,0.091,160,40,put potato on the plate,record_02.npz,
60,put_into_plate,False,False,no_release,False,30,-1,False,False,31,160,0.08049,nan,nan,0.02805,nan,0.09235,nan,0.05124,-0.0152,0.091,78,40,put potato on the plate,record_02.npz,
61,put_into_plate,False,False,no_release,False,43,-1,True,False,45,160,0.08049,nan,nan,0.0322,nan,0.04416,nan,0.04088,-0.02601,0.091,160,40,put potato on the plate,record_02.npz,
62,put_into_plate,False,False,no_grasp,False,-1,-1,True,False,-1,160,0.08049,nan,nan,0.02932,nan,0.13133,nan,0.02694,-0.03948,0.091,160,40,put potato on the plate,record_02.npz,
63,put_into_plate,False,False,no_grasp,False,-1,-1,True,False,-1,160,0.08049,nan,nan,0.02804,nan,0.12073,nan,0.02983,-0.03663,0.091,160,40,put potato on the plate,record_02.npz,
64,put_into_bowl,True,True,,False,13,62,False,False,60,160,0.09799,0.09776,0.06186,0.04914,0.04914,0.04914,-0.01272,0.04901,-0.0034,0.057,70,40,put apple into bowl,record_02.npz,
65,put_into_bowl,True,True,,False,13,75,False,False,73,160,0.09798,0.09225,0.04752,0.04055,0.04055,0.04055,-0.00697,0.04735,-0.00533,0.057,83,40,put apple into bowl,record_02.npz,
66,put_into_bowl,True,True,,False,13,78,False,False,75,160,0.09798,0.10011,0.03995,0.03465,0.04515,0.04515,0.0052,0.04966,-0.00293,0.057,84,40,put apple into bowl,record_02.npz,
67,put_into_bowl,False,False,no_release,False,13,-1,False,False,62,160,0.09799,nan,nan,0.08619,nan,0.10505,nan,0.04783,-0.00453,0.057,63,40,put apple into bowl,record_02.npz,
68,put_into_bowl,False,False,xy_miss,False,13,70,False,False,68,160,0.09799,0.05053,0.08524,0.0812,0.08851,0.08851,0.00327,0.04261,-0.0049,0.057,74,40,put apple into bowl,record_02.npz,
69,put_into_bowl,True,True,,False,13,78,False,False,76,160,0.09799,0.07406,0.0609,0.05478,0.05478,0.05478,-0.00613,0.05081,-0.00166,0.057,82,40,put apple into bowl,record_02.npz,
70,put_into_bowl,False,False,no_release,False,14,-1,True,True,-1,160,0.09799,nan,nan,0.09677,nan,0.22508,nan,0.02624,-0.02608,0.057,160,40,put apple into bowl,record_02.npz,
71,put_into_bowl,True,True,,False,12,73,False,False,70,160,0.09799,0.0954,0.05426,0.04668,0.04668,0.04668,-0.00758,0.05219,-0.00012,0.057,79,40,put apple into bowl,record_02.npz,
72,put_into_bowl,False,False,no_release,False,151,-1,True,True,-1,160,0.09278,nan,nan,0.08237,nan,0.09314,nan,0.00312,-0.04276,0.057,160,40,put tomato into bowl,record_02.npz,
73,put_into_bowl,False,False,no_release,False,131,-1,False,False,141,160,0.09278,nan,nan,0.08969,nan,0.12286,nan,0.0034,-0.04249,0.057,142,40,put tomato into bowl,record_02.npz,
74,put_into_bowl,False,False,no_grasp,False,-1,-1,True,False,-1,160,0.09278,nan,nan,0.08537,nan,0.10548,nan,0.0037,-0.0422,0.057,160,40,put tomato into bowl,record_02.npz,
75,put_into_bowl,False,False,no_grasp,False,-1,-1,True,False,-1,160,0.09278,nan,nan,0.08644,nan,0.09209,nan,0.00361,-0.04225,0.057,160,40,put tomato into bowl,record_02.npz,
76,put_into_bowl,False,False,no_grasp,False,-1,-1,True,False,-1,160,0.09278,nan,nan,0.08782,nan,0.09309,nan,0.00369,-0.0422,0.057,160,40,put tomato into bowl,record_02.npz,
77,put_into_bowl,False,False,no_grasp,False,-1,-1,True,False,-1,160,0.09278,nan,nan,0.08295,nan,0.09324,nan,0.0037,-0.0422,0.057,160,40,put tomato into bowl,record_02.npz,
78,put_into_bowl,False,False,no_grasp,False,-1,-1,True,False,-1,160,0.09278,nan,nan,0.08332,nan,0.10555,nan,0.0037,-0.0422,0.057,160,40,put tomato into bowl,record_02.npz,
79,put_into_bowl,False,False,no_grasp,False,-1,-1,True,False,-1,160,0.09278,nan,nan,0.08713,nan,0.09704,nan,0.00672,-0.0422,0.057,160,40,put tomato into bowl,record_02.npz,
104,put_into_bowl,False,False,no_grasp,False,-1,-1,True,False,-1,160,0.01259,nan,nan,0.01151,nan,0.02364,nan,0.0248,-0.02137,0.057,160,40,put tomato into bowl,record_02.npz,
105,put_into_bowl,True,True,,False,35,41,False,False,37,160,0.01258,0.03028,0.00882,0.00823,0.00882,0.00882,0.0,0.03028,-0.01561,0.057,42,40,put tomato into bowl,record_02.npz,
106,put_into_bowl,False,False,no_grasp,False,-1,-1,True,False,-1,160,0.01258,nan,nan,0.00814,nan,0.01902,nan,0.02487,-0.02247,0.057,160,40,put tomato into bowl,record_02.npz,
107,put_into_bowl,True,True,,False,68,120,False,False,82,160,0.01258,0.02659,0.02691,0.00997,0.02691,0.02691,0.0,0.02659,-0.01927,0.057,121,40,put tomato into bowl,record_02.npz,
108,put_into_bowl,True,True,,False,56,76,False,False,59,160,0.01259,0.02391,0.02926,0.01088,0.02926,0.02926,0.0,0.02391,-0.01896,0.057,77,40,put tomato into bowl,record_02.npz,
109,put_into_bowl,False,False,no_grasp,False,-1,-1,True,False,-1,160,0.01258,nan,nan,0.00682,nan,0.02163,nan,0.02488,-0.02343,0.057,160,40,put tomato into bowl,record_02.npz,
110,put_into_bowl,True,True,,False,67,75,False,False,73,160,0.01259,0.02491,0.0134,0.00345,0.0134,0.0134,0.0,0.02491,-0.02083,0.057,76,40,put tomato into bowl,record_02.npz,
111,put_into_bowl,True,True,,False,34,51,False,False,48,160,0.01259,0.05517,0.01275,0.01116,0.01405,0.01405,0.00131,0.04182,-0.00407,0.057,54,40,put tomato into bowl,record_02.npz,
136,put_into_plate,False,False,no_release,False,17,-1,False,False,69,160,0.08358,nan,nan,0.0818,nan,0.12019,nan,0.06201,-0.00048,0.091,82,40,put tomato on the plate,record_02.npz,
137,put_into_plate,False,False,not_settled,False,17,80,True,True,76,160,0.08358,0.14788,0.05573,0.0465,nan,0.04766,-0.00807,0.04042,-0.02647,0.091,160,40,put tomato on the plate,record_02.npz,
138,put_into_plate,True,True,,False,16,154,False,False,63,160,0.08358,0.04067,0.03467,0.03467,0.03467,0.03467,0.0,0.04067,-0.02488,0.091,155,40,put tomato on the plate,record_02.npz,
139,put_into_plate,True,True,,False,17,76,False,False,63,160,0.08358,0.13705,0.05432,0.03763,0.03763,0.03763,-0.01669,0.04984,-0.01266,0.091,83,40,put tomato on the plate,record_02.npz,
140,put_into_plate,False,False,no_release,False,17,-1,False,False,71,160,0.08358,nan,nan,0.08034,nan,0.16229,nan,0.06206,-0.00034,0.091,81,40,put tomato on the plate,record_02.npz,
141,put_into_plate,True,True,,False,17,67,False,False,64,160,0.08358,0.1391,0.04411,0.0297,0.0297,0.0297,-0.01441,0.04721,-0.01524,0.091,74,40,put tomato on the plate,record_02.npz,
142,put_into_plate,False,False,no_release,False,17,-1,True,True,78,160,0.08358,nan,nan,0.00224,nan,0.04653,nan,0.18172,0.11925,0.091,160,40,put tomato on the plate,record_02.npz,
143,put_into_plate,True,True,,False,17,92,False,False,66,160,0.08358,0.04092,0.01497,0.01496,0.01497,0.01497,0.0,0.04092,-0.02211,0.091,93,40,put tomato on the plate,record_02.npz,
152,put_into_plate,False,False,no_release,False,49,-1,False,False,79,160,0.06821,nan,nan,0.0607,nan,0.12822,nan,0.05153,-0.01487,0.091,80,40,put potato on the plate,record_02.npz,
153,put_into_plate,False,False,xy_miss,False,64,89,False,False,85,160,0.06821,0.10702,0.08634,0.05252,0.09194,0.09194,0.0056,0.06545,-0.00098,0.091,94,40,put potato on the plate,record_02.npz,
154,put_into_plate,False,False,no_release,False,38,-1,False,False,100,160,0.06821,nan,nan,0.06118,nan,0.12936,nan,0.0415,-0.02491,0.091,135,40,put potato on the plate,record_02.npz,
155,put_into_plate,False,False,no_grasp,False,-1,-1,True,False,-1,160,0.06821,nan,nan,0.05092,nan,0.06948,nan,0.0407,-0.02615,0.091,160,40,put potato on the plate,record_02.npz,
156,put_into_plate,False,False,no_release,False,28,-1,False,False,102,160,0.06821,nan,nan,0.06202,nan,0.1818,nan,0.04334,-0.02304,0.091,119,40,put potato on the plate,record_02.npz,
157,put_into_plate,True,True,,False,61,68,False,False,68,160,0.06821,0.11939,0.08484,0.05313,0.07768,0.07768,-0.00715,0.0518,-0.01462,0.091,82,40,put potato on the plate,record_02.npz,
158,put_into_plate,False,False,no_grasp,False,-1,-1,True,False,-1,160,0.06821,nan,nan,0.05476,nan,0.12316,nan,0.02031,-0.04611,0.091,160,40,put potato on the plate,record_02.npz,
159,put_into_plate,True,True,,False,38,50,False,False,46,160,0.06821,0.05809,0.05769,0.0548,0.05769,0.05769,0.0,0.05809,-0.00848,0.091,51,40,put potato on the plate,record_02.npz,
160,put_into_plate,True,True,,False,15,43,False,False,41,160,0.00474,0.13349,0.03043,0.00378,0.04436,0.04436,0.01393,0.05931,-0.0096,0.091,53,40,put apple on the plate,record_02.npz,
161,put_into_plate,True,True,,False,14,49,False,False,47,160,0.00474,0.12516,0.05951,0.00379,0.06424,0.06424,0.00473,0.0463,-0.02296,0.091,67,40,put apple on the plate,record_02.npz,
162,put_into_plate,True,True,,False,15,34,False,False,32,160,0.00474,0.10086,0.02262,0.00379,0.04017,0.04017,0.01756,0.05666,-0.01222,0.091,44,40,put apple on the plate,record_02.npz,
163,put_into_plate,True,True,,False,16,47,False,False,44,160,0.00474,0.10208,0.02247,0.00377,0.01847,0.01847,-0.004,0.06551,-0.00341,0.091,52,40,put apple on the plate,record_02.npz,
164,put_into_plate,True,True,,False,14,46,False,False,44,160,0.00474,0.10965,0.06058,0.00377,0.05191,0.05191,-0.00867,0.06579,-0.00312,0.091,55,40,put apple on the plate,record_02.npz,
165,put_into_plate,True,True,,False,14,51,False,False,50,160,0.00474,0.1361,0.03653,0.00377,0.06265,0.06265,0.02611,0.05812,-0.01078,0.091,62,40,put apple on the plate,record_02.npz,
166,put_into_plate,True,True,,False,15,25,False,False,21,160,0.00474,0.0612,0.0108,0.00379,0.0108,0.0108,0.0,0.0612,-0.0076,0.091,26,40,put apple on the plate,record_02.npz,
167,put_into_plate,True,True,,False,15,39,False,False,31,160,0.00474,0.0616,0.02299,0.00379,0.02299,0.02299,0.0,0.0616,-0.00731,0.091,40,40,put apple on the plate,record_02.npz,
168,put_into_plate,False,False,no_release,False,23,-1,False,False,62,160,0.07543,nan,nan,0.07543,nan,0.12851,nan,0.05311,-0.00933,0.091,77,40,put tomato on the plate,record_02.npz,
169,put_into_plate,False,False,no_release,False,30,-1,False,False,58,160,0.07543,nan,nan,0.07543,nan,0.13643,nan,0.05169,-0.01071,0.091,71,40,put tomato on the plate,record_02.npz,
170,put_into_plate,False,False,no_release,False,31,-1,False,False,34,160,0.07543,nan,nan,0.07543,nan,0.09722,nan,0.05282,-0.00966,0.091,35,40,put tomato on the plate,record_02.npz,
171,put_into_plate,False,False,no_release,False,53,-1,False,False,62,160,0.07543,nan,nan,0.07543,nan,0.13647,nan,0.05552,-0.00697,0.091,72,40,put tomato on the plate,record_02.npz,
172,put_into_plate,True,True,,False,19,31,False,False,26,160,0.07543,0.04094,0.08263,0.07543,0.08263,0.08263,0.0,0.04094,-0.02165,0.091,32,40,put tomato on the plate,record_02.npz,
173,put_into_plate,False,False,no_release,False,40,-1,False,False,45,160,0.07543,nan,nan,0.07543,nan,0.10215,nan,0.06218,-0.00025,0.091,52,40,put tomato on the plate,record_02.npz,
174,put_into_plate,False,False,no_grasp,False,-1,-1,True,False,-1,160,0.07543,nan,nan,0.07543,nan,0.12244,nan,0.02025,-0.0422,0.091,160,40,put tomato on the plate,record_02.npz,
175,put_into_plate,False,False,no_release,False,36,-1,False,False,46,160,0.07543,nan,nan,0.07543,nan,0.10663,nan,0.05691,-0.0055,0.091,55,40,put tomato on the plate,record_02.npz,
184,put_into_plate,True,True,,False,30,46,False,False,31,160,0.01073,0.05073,0.04633,0.00947,0.04633,0.04633,0.0,0.05073,-0.01566,0.091,47,40,put potato on the plate,record_02.npz,
185,put_into_plate,True,True,,False,29,40,False,False,33,160,0.01073,0.04743,0.05182,0.0087,0.05182,0.05182,0.0,0.04743,-0.01896,0.091,41,40,put potato on the plate,record_02.npz,
186,put_into_plate,False,False,not_settled,False,26,48,True,False,40,160,0.01073,0.08075,0.04024,0.00444,nan,0.01219,-0.02805,0.04078,-0.02638,0.091,160,40,put potato on the plate,record_02.npz,
187,put_into_plate,True,True,,False,42,63,False,False,47,160,0.01073,0.10236,0.04844,0.00947,0.03167,0.03167,-0.01677,0.06632,-0.00011,0.091,119,40,put potato on the plate,record_02.npz,
188,put_into_plate,False,False,not_settled,False,46,98,True,False,67,160,0.01073,0.09706,0.03938,0.00947,nan,0.01285,-0.02653,0.08422,0.01781,0.091,160,40,put potato on the plate,record_02.npz,
189,put_into_plate,False,False,not_settled,False,41,121,True,False,49,160,0.01073,0.09579,0.03727,0.00947,nan,0.04727,0.01,0.08053,0.01409,0.091,160,40,put potato on the plate,record_02.npz,
190,put_into_plate,False,False,not_settled,False,36,94,True,False,61,160,0.01073,0.07451,0.0608,0.00947,nan,0.03558,-0.02522,0.06626,-9e-05,0.091,160,40,put potato on the plate,record_02.npz,
191,put_into_plate,False,False,not_settled,False,29,57,True,False,42,160,0.01073,0.11623,0.02942,0.00851,nan,0.05126,0.02184,0.04111,-0.02564,0.091,160,40,put potato on the plate,record_02.npz,
192,put_into_bowl,False,False,not_settled,False,18,86,False,False,84,160,0.09747,0.15452,0.15857,0.09747,nan,0.15664,-0.00193,0.03671,-0.01559,0.057,98,40,put apple into bowl,record_02.npz,
193,put_into_bowl,False,False,not_settled,False,16,67,False,False,64,160,0.09747,0.1461,0.16458,0.09747,nan,0.17127,0.00669,0.05185,-0.00047,0.057,78,40,put apple into bowl,record_02.npz,
194,put_into_bowl,False,False,no_release,False,19,-1,False,False,26,160,0.09746,nan,nan,0.09746,nan,0.14536,nan,0.02272,-0.02959,0.057,27,40,put apple into bowl,record_02.npz,
195,put_into_bowl,False,False,not_settled,False,18,66,False,False,64,160,0.09746,0.14956,0.15881,0.09746,nan,0.18889,0.03008,0.04405,-0.00826,0.057,76,40,put apple into bowl,record_02.npz,
196,put_into_bowl,False,False,no_release,False,26,-1,False,False,91,160,0.09746,nan,nan,0.09746,nan,0.15349,nan,0.00884,-0.04347,0.057,155,40,put apple into bowl,record_02.npz,
197,put_into_bowl,False,False,not_settled,False,18,42,False,False,39,160,0.09746,0.12407,0.13479,0.09746,nan,0.12486,-0.00993,0.03295,-0.01936,0.057,53,40,put apple into bowl,record_02.npz,
198,put_into_bowl,False,False,xy_miss,False,18,76,False,False,74,160,0.09746,0.11947,0.07545,0.07075,0.07075,0.07075,-0.00471,0.04864,-0.003,0.057,84,40,put apple into bowl,record_02.npz,
199,put_into_bowl,False,False,not_settled,False,17,63,False,False,60,160,0.09746,0.13542,0.11699,0.09746,nan,0.15249,0.0355,0.03766,-0.01465,0.057,74,40,put apple into bowl,record_02.npz,
200,put_into_plate,False,False,no_release,False,32,-1,True,False,83,160,0.06405,nan,nan,0.05031,nan,0.05031,nan,0.04088,-0.02194,0.091,160,40,put tomato on the plate,record_02.npz,
201,put_into_plate,False,False,no_grasp,False,-1,-1,True,False,-1,160,0.06406,nan,nan,0.04965,nan,0.04965,nan,0.041,-0.02185,0.091,160,40,put tomato on the plate,record_02.npz,
202,put_into_plate,False,False,no_grasp,False,-1,-1,True,False,-1,160,0.06406,nan,nan,0.05606,nan,0.05606,nan,0.04084,-0.02202,0.091,160,40,put tomato on the plate,record_02.npz,
203,put_into_plate,True,True,,False,39,67,False,False,51,160,0.06406,0.04092,0.05988,0.05118,0.05988,0.05988,0.0,0.04092,-0.0219,0.091,68,40,put tomato on the plate,record_02.npz,
204,put_into_plate,False,False,no_grasp,False,-1,-1,True,False,-1,160,0.06406,nan,nan,0.05345,nan,0.05345,nan,0.04093,-0.02207,0.091,160,40,put tomato on the plate,record_02.npz,
205,put_into_plate,False,False,no_grasp,False,-1,-1,True,False,-1,160,0.06405,nan,nan,0.05832,nan,0.06345,nan,0.04091,-0.02206,0.091,160,40,put tomato on the plate,record_02.npz,
206,put_into_plate,True,True,,False,40,45,False,False,41,160,0.06406,0.04097,0.04476,0.04451,0.04476,0.04476,0.0,0.04097,-0.02247,0.091,46,40,put tomato on the plate,record_02.npz,
207,put_into_plate,True,True,,False,24,37,False,False,27,160,0.06406,0.04095,0.05958,0.0559,0.05958,0.05958,0.0,0.04095,-0.02182,0.091,38,40,put tomato on the plate,record_02.npz,
224,put_into_plate,True,True,,False,12,45,False,False,43,160,0.08887,0.13039,0.06337,0.03967,0.03967,0.03967,-0.0237,0.05976,-0.00914,0.091,53,40,put apple on the plate,record_02.npz,
225,put_into_plate,True,True,,False,12,42,False,False,40,160,0.08887,0.14564,0.07955,0.05305,0.05305,0.05305,-0.0265,0.06208,-0.00684,0.091,53,40,put apple on the plate,record_02.npz,
226,put_into_plate,True,True,,False,12,46,False,False,44,160,0.08887,0.15729,0.06876,0.03466,0.03466,0.03466,-0.0341,0.06349,-0.00542,0.091,58,40,put apple on the plate,record_02.npz,
227,put_into_plate,True,True,,False,12,40,False,False,38,160,0.08887,0.12768,0.06062,0.0382,0.0382,0.0382,-0.02242,0.05351,-0.0154,0.091,48,40,put apple on the plate,record_02.npz,
228,put_into_plate,True,True,,False,12,45,False,False,43,160,0.08887,0.12446,0.04075,0.02336,0.02336,0.02336,-0.01739,0.05423,-0.01468,0.091,53,40,put apple on the plate,record_02.npz,
229,put_into_plate,True,True,,False,11,48,False,False,46,160,0.08887,0.13521,0.0377,0.02245,0.02245,0.02245,-0.01524,0.05264,-0.01627,0.091,56,40,put apple on the plate,record_02.npz,
230,put_into_plate,True,True,,False,13,56,False,False,54,160,0.08887,0.11925,0.00827,0.00827,0.0258,0.0258,0.01753,0.06806,-0.00086,0.091,63,40,put apple on the plate,record_02.npz,
231,put_into_plate,True,True,,False,12,46,False,False,45,160,0.08887,0.1518,0.06578,0.03821,0.03821,0.03821,-0.02757,0.05029,-0.01858,0.091,58,40,put apple on the plate,record_02.npz,
232,put_into_plate,False,False,no_grasp,False,-1,-1,True,False,-1,160,0.06965,nan,nan,0.04039,nan,0.04039,nan,0.04036,-0.02872,0.091,160,40,put tomato on the plate,record_02.npz,
233,put_into_plate,True,True,,False,25,34,False,False,30,160,0.06965,0.06375,0.05787,0.05723,0.05723,0.05723,-0.00064,0.05826,-0.00412,0.091,36,40,put tomato on the plate,record_02.npz,
234,put_into_plate,False,False,no_grasp,False,-1,-1,True,False,-1,160,0.06965,nan,nan,0.06209,nan,0.06209,nan,0.04096,-0.02176,0.091,160,40,put tomato on the plate,record_02.npz,
235,put_into_plate,True,True,,False,25,35,False,False,31,160,0.06965,0.06357,0.06088,0.05999,0.05999,0.05999,-0.00088,0.05892,-0.00358,0.091,37,40,put tomato on the plate,record_02.npz,
236,put_into_plate,False,False,no_grasp,False,-1,-1,True,False,-1,160,0.06965,nan,nan,0.06087,nan,0.06088,nan,0.04091,-0.022,0.091,160,40,put tomato on the plate,record_02.npz,
237,put_into_plate,False,False,no_grasp,False,-1,-1,True,False,-1,160,0.06965,nan,nan,0.05756,nan,0.05756,nan,0.04089,-0.02201,0.091,160,40,put tomato on the plate,record_02.npz,
238,put_into_plate,False,False,no_grasp,False,-1,-1,True,False,-1,160,0.06965,nan,nan,0.05686,nan,0.05689,nan,0.04091,-0.02201,0.091,160,40,put tomato on the plate,record_02.npz,
239,put_into_plate,False,False,no_grasp,False,-1,-1,True,False,-1,160,0.06965,nan,nan,0.05977,nan,0.05977,nan,0.04089,-0.02185,0.091,160,40,put tomato on the plate,record_02.npz,
248,put_into_plate,True,True,,False,48,62,False,False,55,160,0.07375,0.15654,0.05238,0.02459,0.03726,0.03726,-0.01512,0.05698,-0.00945,0.091,85,40,put potato on the plate,record_02.npz,
249,put_into_plate,True,True,,False,36,50,False,False,37,160,0.07375,0.14596,0.07035,0.03536,0.05495,0.05495,-0.0154,0.04423,-0.02294,0.091,81,40,put potato on the plate,record_02.npz,
250,put_into_plate,False,False,no_grasp,False,-1,-1,True,False,-1,160,0.07375,nan,nan,0.00722,nan,0.03023,nan,0.0408,-0.02627,0.091,160,40,put potato on the plate,record_02.npz,
251,put_into_plate,False,False,no_grasp,False,-1,-1,True,False,-1,160,0.07375,nan,nan,0.00423,nan,0.01256,nan,0.04065,-0.02652,0.091,160,40,put potato on the plate,record_02.npz,
252,put_into_plate,True,True,,False,37,42,False,False,38,160,0.07375,0.16201,0.08041,0.04767,0.05202,0.05202,-0.0284,0.05601,-0.01036,0.091,80,40,put potato on the plate,record_02.npz,
253,put_into_plate,False,False,no_grasp,False,-1,-1,True,False,-1,160,0.07375,nan,nan,0.01394,nan,0.07352,nan,0.04089,-0.02588,0.091,160,40,put potato on the plate,record_02.npz,
254,put_into_plate,False,False,no_grasp,False,-1,-1,True,False,-1,160,0.07375,nan,nan,0.00131,nan,0.04426,nan,0.04044,-0.02659,0.091,160,40,put potato on the plate,record_02.npz,
255,put_into_plate,False,False,no_grasp,False,-1,-1,True,False,-1,160,0.07375,nan,nan,0.00823,nan,0.05293,nan,0.04062,-0.02637,0.091,160,40,put potato on the plate,record_02.npz,
256,put_into_plate,False,False,no_release,False,19,-1,True,False,84,160,0.09038,nan,nan,0.01224,nan,0.02203,nan,0.17465,0.10575,0.091,160,40,put apple on the plate,record_02.npz,
257,put_into_plate,True,True,,False,18,115,False,False,103,160,0.09038,0.10551,0.03381,0.03025,0.03025,0.03025,-0.00357,0.06281,-0.0061,0.091,121,40,put apple on the plate,record_02.npz,
258,put_into_plate,False,False,no_release,False,20,-1,True,False,90,160,0.09038,nan,nan,0.01098,nan,0.01328,nan,0.17445,0.10554,0.091,160,40,put apple on the plate,record_02.npz,
259,put_into_plate,False,False,no_release,False,16,-1,True,True,119,160,0.09038,nan,nan,0.01172,nan,0.01768,nan,0.16617,0.09729,0.091,160,40,put apple on the plate,record_02.npz,
260,put_into_plate,False,False,no_release,False,16,-1,True,False,94,160,0.09038,nan,nan,0.00588,nan,0.02468,nan,0.18075,0.11193,0.091,160,40,put apple on the plate,record_02.npz,
261,put_into_plate,False,False,no_release,False,17,-1,False,False,23,160,0.09038,nan,nan,0.09038,nan,0.106,nan,0.04297,-0.02821,0.091,24,40,put apple on the plate,record_02.npz,
262,put_into_plate,False,False,no_release,False,15,-1,True,False,76,160,0.09038,nan,nan,0.00981,nan,0.01554,nan,0.1717,0.10287,0.091,160,40,put apple on the plate,record_02.npz,
263,put_into_plate,False,False,no_release,False,14,-1,True,False,67,160,0.09038,nan,nan,0.01361,nan,0.01361,nan,0.1785,0.10958,0.091,160,40,put apple on the plate,record_02.npz,
288,put_into_plate,True,True,,False,15,71,False,False,46,160,0.07274,0.0465,0.04281,0.03974,0.04281,0.04281,0.0,0.0465,-0.02284,0.091,72,40,put apple on the plate,record_02.npz,
289,put_into_plate,False,False,no_release,False,17,-1,True,False,48,160,0.07274,nan,nan,0.06828,nan,0.08379,nan,0.04646,-0.02268,0.091,160,40,put apple on the plate,record_02.npz,
290,put_into_plate,False,False,no_release,False,17,-1,True,False,61,160,0.07274,nan,nan,0.02143,nan,0.04454,nan,0.04648,-0.0228,0.091,160,40,put apple on the plate,record_02.npz,
291,put_into_plate,True,True,,False,16,87,False,False,52,160,0.07274,0.04641,0.02508,0.02422,0.02508,0.02508,0.0,0.04641,-0.02314,0.091,88,40,put apple on the plate,record_02.npz,
292,put_into_plate,False,False,no_release,False,18,-1,True,False,84,160,0.07274,nan,nan,0.01285,nan,0.06711,nan,0.04644,-0.02279,0.091,160,40,put apple on the plate,record_02.npz,
293,put_into_plate,False,False,no_release,False,17,-1,True,False,63,160,0.07274,nan,nan,0.02921,nan,0.06565,nan,0.04644,-0.02274,0.091,160,40,put apple on the plate,record_02.npz,
294,put_into_plate,False,False,no_grasp,False,-1,-1,True,False,-1,160,0.07274,nan,nan,0.055,nan,0.055,nan,0.04654,-0.02277,0.091,160,40,put apple on the plate,record_02.npz,
295,put_into_plate,False,False,no_release,False,18,-1,True,False,67,160,0.07274,nan,nan,0.0281,nan,0.08496,nan,0.04642,-0.02273,0.091,160,40,put apple on the plate,record_02.npz,
296,put_into_plate,False,False,xy_miss,False,27,52,False,False,48,160,0.06741,0.11572,0.07495,0.06661,0.10876,0.10876,0.03381,0.0622,-0.00021,0.091,62,40,put tomato on the plate,record_02.npz,
297,put_into_plate,False,False,no_release,False,29,-1,False,False,69,160,0.06741,nan,nan,0.06653,nan,0.09858,nan,0.05123,-0.01126,0.091,79,40,put tomato on the plate,record_02.npz,
298,put_into_plate,True,True,,False,27,51,False,False,47,160,0.06741,0.09382,0.0697,0.06652,0.06778,0.06778,-0.00192,0.05166,-0.01083,0.091,56,40,put tomato on the plate,record_02.npz,
299,put_into_plate,True,True,,False,25,50,False,False,39,160,0.06741,0.09551,0.08066,0.0663,0.08676,0.08676,0.0061,0.05302,-0.00948,0.091,56,40,put tomato on the plate,record_02.npz,
300,put_into_plate,True,True,,False,27,48,False,False,41,160,0.06741,0.09497,0.06471,0.06471,0.06601,0.06601,0.00129,0.05581,-0.00666,0.091,54,40,put tomato on the plate,record_02.npz,
301,put_into_plate,True,True,,False,28,57,False,False,51,160,0.06741,0.10593,0.07295,0.06615,0.0768,0.0768,0.00385,0.05264,-0.0098,0.091,63,40,put tomato on the plate,record_02.npz,
302,put_into_plate,False,False,no_release,False,28,-1,False,False,56,160,0.06741,nan,nan,0.06643,nan,0.10216,nan,0.06109,-0.0014,0.091,67,40,put tomato on the plate,record_02.npz,
303,put_into_plate,False,False,no_release,False,30,-1,False,False,59,160,0.06741,nan,nan,0.06659,nan,0.10527,nan,0.06232,-0.00013,0.091,71,40,put tomato on the plate,record_02.npz,
312,put_into_bowl,False,False,no_grasp,False,-1,-1,True,False,-1,160,0.10649,nan,nan,0.08625,nan,0.12598,nan,0.00363,-0.04611,0.057,160,40,put potato into bowl,record_02.npz,
313,put_into_bowl,False,False,no_grasp,False,-1,-1,True,False,-1,160,0.1065,nan,nan,0.10112,nan,0.10426,nan,0.01827,0.09263,0.057,160,40,put potato into bowl,record_02.npz,
314,put_into_bowl,False,False,no_grasp,False,-1,-1,True,False,-1,160,0.1065,nan,nan,0.09697,nan,0.11983,nan,0.00345,-0.04614,0.057,160,40,put potato into bowl,record_02.npz,
315,put_into_bowl,False,False,no_grasp,False,-1,-1,True,False,-1,160,0.1065,nan,nan,0.1022,nan,0.10249,nan,0.02433,0.07622,0.057,160,40,put potato into bowl,record_02.npz,
316,put_into_bowl,False,False,no_grasp,False,-1,-1,True,False,-1,160,0.1065,nan,nan,0.09929,nan,0.09929,nan,0.03507,0.08023,0.057,160,40,put potato into bowl,record_02.npz,
317,put_into_bowl,False,False,no_grasp,False,-1,-1,True,False,-1,160,0.1065,nan,nan,0.10243,nan,0.10708,nan,0.00146,0.00957,0.057,160,40,put potato into bowl,record_02.npz,
318,put_into_bowl,False,False,no_grasp,False,-1,-1,True,False,-1,160,0.1065,nan,nan,0.09198,nan,0.10554,nan,0.02443,-0.01799,0.057,160,40,put potato into bowl,record_02.npz,
319,put_into_bowl,False,False,no_grasp,False,-1,-1,True,False,-1,160,0.1065,nan,nan,0.10192,nan,0.11066,nan,0.01544,0.02449,0.057,160,40,put potato into bowl,record_02.npz,
320,put_into_plate,True,True,,False,22,44,False,False,42,160,0.05989,0.05428,0.03935,0.03935,0.03935,0.03935,0.0,0.05428,-0.01459,0.091,45,40,put apple on the plate,record_02.npz,
321,put_into_plate,True,True,,False,28,65,False,False,29,160,0.05989,0.04626,0.04485,0.04485,0.04485,0.04485,0.0,0.04626,-0.02429,0.091,66,40,put apple on the plate,record_02.npz,
322,put_into_plate,True,True,,False,22,52,False,False,50,160,0.05989,0.04618,0.03814,0.03814,0.03814,0.03814,0.0,0.04618,-0.02353,0.091,53,40,put apple on the plate,record_02.npz,
323,put_into_plate,True,True,,False,27,40,False,False,33,160,0.05989,0.04647,0.05167,0.05167,0.05167,0.05167,0.0,0.04647,-0.02284,0.091,41,40,put apple on the plate,record_02.npz,
324,put_into_plate,True,True,,False,12,31,False,False,14,160,0.05989,0.0667,0.04014,0.04014,0.04014,0.04014,0.0,0.0667,-0.00221,0.091,32,40,put apple on the plate,record_02.npz,
325,put_into_plate,True,True,,False,13,20,False,False,17,160,0.05989,0.07122,0.06303,0.05539,0.06308,0.06308,5e-05,0.06824,-0.00067,0.091,22,40,put apple on the plate,record_02.npz,
326,put_into_plate,True,True,,False,14,26,False,False,24,160,0.05989,0.08742,0.04566,0.03386,0.03386,0.03386,-0.0118,0.06877,-0.00014,0.091,31,40,put apple on the plate,record_02.npz,
327,put_into_plate,True,True,,False,12,16,False,False,13,160,0.05989,0.04831,0.0624,0.05559,0.0624,0.0624,0.0,0.04831,-0.02058,0.091,17,40,put apple on the plate,record_02.npz,
328,put_into_plate,True,True,,False,17,40,False,False,36,160,0.09743,0.07501,0.05656,0.05323,0.05323,0.05323,-0.00332,0.06239,-3e-05,0.091,43,40,put tomato on the plate,record_02.npz,
329,put_into_plate,True,True,,False,17,47,False,False,43,160,0.09743,0.09875,0.05128,0.04394,0.04394,0.04394,-0.00734,0.0546,-0.0079,0.091,52,40,put tomato on the plate,record_02.npz,
330,put_into_plate,False,False,no_release,False,17,-1,True,False,50,160,0.09743,nan,nan,0.02384,nan,0.02592,nan,0.04091,-0.02212,0.091,160,40,put tomato on the plate,record_02.npz,
331,put_into_plate,True,True,,False,17,36,False,False,32,160,0.09743,0.07271,0.06515,0.06206,0.06206,0.06206,-0.00309,0.05838,-0.00406,0.091,39,40,put tomato on the plate,record_02.npz,
332,put_into_plate,True,True,,False,17,45,False,False,40,160,0.09743,0.07551,0.05305,0.0486,0.0486,0.0486,-0.00445,0.05613,-0.00635,0.091,48,40,put tomato on the plate,record_02.npz,
333,put_into_plate,True,True,,False,17,42,False,False,33,160,0.09743,0.06682,0.05947,0.0588,0.0588,0.0588,-0.00067,0.05698,-0.0055,0.091,44,40,put tomato on the plate,record_02.npz,
334,put_into_plate,True,True,,False,17,47,False,False,43,160,0.09743,0.11867,0.0425,0.0372,0.0372,0.0372,-0.00531,0.05854,-0.00396,0.091,54,40,put tomato on the plate,record_02.npz,
335,put_into_plate,True,True,,False,17,157,False,False,59,160,0.09743,0.04086,0.0368,0.02926,0.0368,0.0368,0.0,0.04086,-0.02208,0.091,158,40,put tomato on the plate,record_02.npz,
336,put_into_bowl,False,False,no_grasp,False,-1,-1,True,False,-1,160,0.09035,nan,nan,0.09035,nan,0.13589,nan,0.00374,-0.04189,0.057,160,40,put orange into bowl,record_02.npz,
337,put_into_bowl,False,False,no_release,False,146,-1,True,True,-1,160,0.09036,nan,nan,0.09036,nan,0.14734,nan,0.00328,-0.04231,0.057,160,40,put orange into bowl,record_02.npz,
338,put_into_bowl,False,False,no_grasp,False,-1,-1,True,False,-1,160,0.09035,nan,nan,0.09035,nan,0.13215,nan,0.00338,-0.04221,0.057,160,40,put orange into bowl,record_02.npz,
339,put_into_bowl,False,False,no_grasp,False,-1,-1,True,False,-1,160,0.09035,nan,nan,0.09035,nan,0.12524,nan,0.0037,-0.04189,0.057,160,40,put orange into bowl,record_02.npz,
340,put_into_bowl,False,False,no_grasp,False,-1,-1,True,False,-1,160,0.09035,nan,nan,0.09035,nan,0.13721,nan,0.0037,-0.04189,0.057,160,40,put orange into bowl,record_02.npz,
341,put_into_bowl,False,False,no_release,False,149,-1,True,True,-1,160,0.09035,nan,nan,0.09035,nan,0.14865,nan,0.00327,-0.04231,0.057,160,40,put orange into bowl,record_02.npz,
342,put_into_bowl,False,False,no_grasp,False,-1,-1,True,False,-1,160,0.09035,nan,nan,0.09035,nan,0.13102,nan,0.0037,-0.04189,0.057,160,40,put orange into bowl,record_02.npz,
343,put_into_bowl,False,False,no_grasp,False,-1,-1,True,False,-1,160,0.09035,nan,nan,0.09035,nan,0.13701,nan,0.0037,-0.04189,0.057,160,40,put orange into bowl,record_02.npz,
344,put_into_plate,True,True,,False,13,55,False,False,50,160,0.08267,0.12734,0.02044,0.00658,0.01293,0.01293,-0.00751,0.05354,-0.01284,0.091,65,40,put potato on the plate,record_02.npz,
345,put_into_plate,True,True,,False,14,73,False,False,69,160,0.08267,0.12278,0.0202,0.01101,0.01101,0.01101,-0.00919,0.06272,-0.00371,0.091,80,40,put potato on the plate,record_02.npz,
346,put_into_plate,False,False,no_release,False,15,-1,True,False,157,160,0.08267,nan,nan,0.05646,nan,0.05646,nan,0.13233,0.0659,0.091,160,40,put potato on the plate,record_02.npz,
347,put_into_plate,False,False,not_settled,False,15,120,False,False,115,160,0.08267,0.19406,0.10012,0.07606,nan,0.09315,-0.00697,0.06301,-0.00342,0.091,130,40,put potato on the plate,record_02.npz,
348,put_into_plate,False,False,no_release,False,14,-1,True,True,-1,160,0.08267,nan,nan,0.05857,nan,0.09237,nan,0.11975,0.05338,0.091,160,40,put potato on the plate,record_02.npz,
349,put_into_plate,False,False,not_settled,False,14,83,True,True,80,160,0.08267,0.15558,0.08884,0.06448,nan,0.07975,-0.00909,0.04162,-0.02601,0.091,160,40,put potato on the plate,record_02.npz,
350,put_into_plate,True,True,,False,13,90,False,False,86,160,0.08267,0.11218,0.07305,0.06858,0.06858,0.06858,-0.00448,0.05772,-0.00871,0.091,96,40,put potato on the plate,record_02.npz,
351,put_into_plate,False,False,not_settled,False,13,82,False,False,75,160,0.08267,0.1119,0.13827,0.07608,nan,0.12879,-0.00948,0.05491,-0.01152,0.091,91,40,put potato on the plate,record_02.npz,
384,put_into_plate,True,True,,False,13,109,False,False,107,160,0.01778,0.13233,0.0409,0.00758,0.01941,0.01941,-0.02149,0.05404,-0.01479,0.091,118,40,put apple on the plate,record_02.npz,
385,put_into_plate,True,True,,False,12,19,False,False,17,160,0.01778,0.07281,0.01218,0.00827,0.01417,0.01417,0.00199,0.06836,-0.00054,0.091,23,40,put apple on the plate,record_02.npz,
386,put_into_plate,False,False,not_settled,False,13,99,True,False,96,160,0.01778,0.10752,0.06911,0.00913,nan,0.06011,-0.009,0.04636,-0.02294,0.091,160,40,put apple on the plate,record_02.npz,
387,put_into_plate,True,True,,False,15,24,False,False,22,160,0.01778,0.06271,0.03799,0.00843,0.03799,0.03799,0.0,0.06271,-0.0062,0.091,25,40,put apple on the plate,record_02.npz,
388,put_into_plate,False,False,xy_miss,False,13,83,False,False,81,160,0.01778,0.08982,0.16038,0.01005,0.15656,0.15656,-0.00381,0.06021,-0.0087,0.091,88,40,put apple on the plate,record_02.npz,
389,put_into_plate,True,True,,False,28,112,False,False,56,160,0.01778,0.04611,0.07274,0.00998,0.07274,0.07274,0.0,0.04611,-0.02624,0.091,113,40,put apple on the plate,record_02.npz,
390,put_into_plate,False,False,xy_miss,False,13,87,False,False,85,160,0.01778,0.08535,0.15822,0.0105,0.15767,0.15767,-0.00055,0.06518,-0.00374,0.091,91,40,put apple on the plate,record_02.npz,
391,put_into_plate,True,True,,False,17,23,False,False,21,160,0.01778,0.06119,0.0179,0.00536,0.0179,0.0179,0.0,0.06119,-0.00757,0.091,24,40,put apple on the plate,record_02.npz,
424,put_into_bowl,False,False,no_grasp,False,-1,-1,True,False,-1,160,0.04288,nan,nan,0.01156,nan,0.0984,nan,0.00362,-0.04228,0.057,160,40,put tomato into bowl,record_02.npz,
425,put_into_bowl,False,False,no_grasp,False,-1,-1,True,False,-1,160,0.04288,nan,nan,0.01149,nan,0.0921,nan,0.01487,-0.04224,0.057,160,40,put tomato into bowl,record_02.npz,
426,put_into_bowl,False,False,no_grasp,False,-1,-1,True,False,-1,160,0.04288,nan,nan,0.01161,nan,0.1282,nan,0.00369,-0.0422,0.057,160,40,put tomato into bowl,record_02.npz,
427,put_into_bowl,False,False,no_grasp,False,-1,-1,True,False,-1,160,0.04288,nan,nan,0.01152,nan,0.05647,nan,0.02773,-0.04223,0.057,160,40,put tomato into bowl,record_02.npz,
428,put_into_bowl,False,False,no_grasp,False,-1,-1,True,False,-1,160,0.04288,nan,nan,0.01157,nan,0.06617,nan,0.02636,-0.04228,0.057,160,40,put tomato into bowl,record_02.npz,
429,put_into_bowl,False,False,no_grasp,False,-1,-1,True,False,-1,160,0.04288,nan,nan,0.01156,nan,0.07017,nan,0.0271,-0.04227,0.057,160,40,put tomato into bowl,record_02.npz,
430,put_into_bowl,False,False,no_grasp,False,-1,-1,True,False,-1,160,0.04288,nan,nan,0.01147,nan,0.09169,nan,0.00369,-0.0422,0.057,160,40,put tomato into bowl,record_02.npz,
431,put_into_bowl,False,False,no_grasp,False,-1,-1,True,False,-1,160,0.04288,nan,nan,0.01154,nan,0.07027,nan,0.03356,-0.04261,0.057,160,40,put tomato into bowl,record_02.npz,
432,put_into_plate,False,False,no_release,False,55,-1,False,False,80,160,0.01378,nan,nan,0.0107,nan,0.10388,nan,0.05618,-0.00601,0.091,90,40,put orange on the plate,record_02.npz,
433,put_into_plate,True,True,,False,44,93,False,False,62,160,0.01379,0.04091,0.02024,0.00881,0.02024,0.02024,0.0,0.04091,-0.02201,0.091,94,40,put orange on the plate,record_02.npz,
434,put_into_plate,True,True,,False,40,103,False,False,75,160,0.01378,0.04086,0.05033,0.0107,0.05033,0.05033,0.0,0.04086,-0.02177,0.091,104,40,put orange on the plate,record_02.npz,
435,put_into_plate,False,False,no_release,False,47,-1,True,False,91,160,0.01378,nan,nan,0.00909,nan,0.06027,nan,0.04089,-0.02167,0.091,160,40,put orange on the plate,record_02.npz,
436,put_into_plate,False,False,no_grasp,False,-1,-1,True,False,-1,160,0.01378,nan,nan,0.0107,nan,0.02509,nan,0.04087,-0.02303,0.091,160,40,put orange on the plate,record_02.npz,
437,put_into_plate,False,False,no_release,False,38,-1,True,False,71,160,0.01378,nan,nan,0.0107,nan,0.03732,nan,0.04098,-0.02171,0.091,160,40,put orange on the plate,record_02.npz,
438,put_into_plate,True,True,,False,40,134,False,False,68,160,0.01379,0.04094,0.05651,0.01071,0.05651,0.05651,0.0,0.04094,-0.02153,0.091,135,40,put orange on the plate,record_02.npz,
439,put_into_plate,True,True,,False,44,143,False,False,83,160,0.01378,0.0409,0.08172,0.01068,0.08172,0.08172,0.0,0.0409,-0.0217,0.091,144,40,put orange on the plate,record_02.npz,
440,put_into_bowl,False,False,no_grasp,False,-1,-1,True,False,-1,160,0.09019,nan,nan,0.07934,nan,0.11762,nan,0.00372,-0.04611,0.057,160,40,put potato into bowl,record_02.npz,
441,put_into_bowl,False,False,no_grasp,False,-1,-1,True,False,-1,160,0.09019,nan,nan,0.08322,nan,0.12333,nan,0.00372,-0.04611,0.057,160,40,put potato into bowl,record_02.npz,
442,put_into_bowl,False,False,no_grasp,False,-1,-1,True,False,-1,160,0.09019,nan,nan,0.08041,nan,0.10232,nan,0.00373,-0.04611,0.057,160,40,put potato into bowl,record_02.npz,
443,put_into_bowl,False,False,no_grasp,False,-1,-1,True,False,-1,160,0.09019,nan,nan,0.08043,nan,0.09624,nan,0.00372,-0.04611,0.057,160,40,put potato into bowl,record_02.npz,
444,put_into_bowl,False,False,no_grasp,False,-1,-1,True,False,-1,160,0.09019,nan,nan,0.09019,nan,0.10406,nan,0.0037,-0.04611,0.057,160,40,put potato into bowl,record_02.npz,
445,put_into_bowl,False,False,no_grasp,False,-1,-1,True,False,-1,160,0.09019,nan,nan,0.08301,nan,0.11764,nan,0.00372,-0.04611,0.057,160,40,put potato into bowl,record_02.npz,
446,put_into_bowl,False,False,no_grasp,False,-1,-1,True,False,-1,160,0.09019,nan,nan,0.07434,nan,0.10321,nan,0.00372,-0.04611,0.057,160,40,put potato into bowl,record_02.npz,
447,put_into_bowl,False,False,no_grasp,False,-1,-1,True,False,-1,160,0.09019,nan,nan,0.08355,nan,0.10706,nan,0.00373,-0.04611,0.057,160,40,put potato into bowl,record_02.npz,
448,put_into_plate,False,False,no_grasp,False,-1,-1,True,False,-1,160,0.07121,nan,nan,0.05727,nan,0.06458,nan,0.0464,-0.02285,0.091,160,40,put apple on the plate,record_02.npz,
449,put_into_plate,False,False,no_release,False,47,-1,False,False,71,160,0.07121,nan,nan,0.06124,nan,0.0952,nan,0.06257,-0.00632,0.091,77,40,put apple on the plate,record_02.npz,
450,put_into_plate,False,False,no_grasp,False,-1,-1,True,False,-1,160,0.07121,nan,nan,0.06053,nan,0.06053,nan,0.04637,-0.02297,0.091,160,40,put apple on the plate,record_02.npz,
451,put_into_plate,False,False,no_release,False,68,-1,True,False,82,160,0.07121,nan,nan,0.05977,nan,0.08576,nan,0.0464,-0.02267,0.091,160,40,put apple on the plate,record_02.npz,
452,put_into_plate,False,False,no_grasp,False,-1,-1,True,False,-1,160,0.07121,nan,nan,0.05197,nan,0.06516,nan,0.04637,-0.02319,0.091,160,40,put apple on the plate,record_02.npz,
453,put_into_plate,False,False,no_grasp,False,-1,-1,True,False,-1,160,0.07121,nan,nan,0.05877,nan,0.07162,nan,0.0464,-0.02272,0.091,160,40,put apple on the plate,record_02.npz,
454,put_into_plate,False,False,no_grasp,False,-1,-1,True,False,-1,160,0.07121,nan,nan,0.05472,nan,0.05472,nan,0.04634,-0.02287,0.091,160,40,put apple on the plate,record_02.npz,
455,put_into_plate,False,False,no_grasp,False,-1,-1,True,False,-1,160,0.07121,nan,nan,0.05795,nan,0.07056,nan,0.04642,-0.02278,0.091,160,40,put apple on the plate,record_02.npz,
464,put_into_plate,True,True,,False,20,58,False,False,54,160,0.0578,0.13419,0.06403,0.04153,0.04153,0.04153,-0.0225,0.05723,-0.00486,0.091,66,40,put orange on the plate,record_02.npz,
465,put_into_plate,True,True,,False,19,37,False,False,34,160,0.0578,0.1053,0.04663,0.0431,0.0431,0.0431,-0.00353,0.05479,-0.00739,0.091,44,40,put orange on the plate,record_02.npz,
466,put_into_plate,False,False,xy_miss,False,19,57,False,False,52,160,0.0578,0.13068,0.06952,0.0551,0.11168,0.11168,0.04216,0.04602,-0.01613,0.091,66,40,put orange on the plate,record_02.npz,
467,put_into_plate,False,False,not_settled,False,20,51,True,False,42,160,0.0578,0.13146,0.06523,0.04484,nan,0.04484,-0.0204,0.04099,-0.02166,0.091,160,40,put orange on the plate,record_02.npz,
468,put_into_plate,True,True,,False,19,108,False,False,103,160,0.0578,0.16082,0.05613,0.00525,0.00538,0.00538,-0.05075,0.05578,-0.00635,0.091,119,40,put orange on the plate,record_02.npz,
469,put_into_plate,True,True,,False,21,79,False,False,70,160,0.0578,0.13709,0.07592,0.05427,0.07599,0.07599,7e-05,0.04709,-0.01505,0.091,86,40,put orange on the plate,record_02.npz,
470,put_into_plate,True,True,,False,19,91,False,False,87,160,0.0578,0.15002,0.06005,0.04324,0.04324,0.04324,-0.01681,0.05137,-0.01078,0.091,101,40,put orange on the plate,record_02.npz,
471,put_into_plate,True,True,,False,17,56,False,False,33,160,0.0578,0.108,0.04202,0.03745,0.04418,0.04418,0.00216,0.054,-0.00818,0.091,62,40,put orange on the plate,record_02.npz,
472,put_into_plate,False,False,no_release,False,38,-1,False,False,41,160,0.10396,nan,nan,0.0632,nan,0.09155,nan,0.04369,-0.02213,0.091,87,40,put potato on the plate,record_02.npz,
473,put_into_plate,False,False,no_release,False,28,-1,True,False,33,160,0.10396,nan,nan,0.06183,nan,0.07766,nan,0.04079,-0.02605,0.091,160,40,put potato on the plate,record_02.npz,
474,put_into_plate,False,False,no_release,False,30,-1,False,False,31,160,0.10396,nan,nan,0.0631,nan,0.09367,nan,0.04347,-0.02294,0.091,85,40,put potato on the plate,record_02.npz,
475,put_into_plate,False,False,no_release,False,30,-1,False,False,33,160,0.10396,nan,nan,0.06804,nan,0.09213,nan,0.04414,-0.02207,0.091,86,40,put potato on the plate,record_02.npz,
476,put_into_plate,False,False,no_release,False,25,-1,False,False,26,160,0.10396,nan,nan,0.10396,nan,0.12017,nan,0.049,-0.01735,0.091,27,40,put potato on the plate,record_02.npz,
477,put_into_plate,False,False,no_release,False,38,-1,False,False,40,160,0.10396,nan,nan,0.08912,nan,0.10941,nan,0.05727,-0.00907,0.091,83,40,put potato on the plate,record_02.npz,
478,put_into_plate,False,False,no_release,False,27,-1,False,False,28,160,0.10396,nan,nan,0.10396,nan,0.12667,nan,0.06271,-0.00373,0.091,29,40,put potato on the plate,record_02.npz,
479,put_into_plate,False,False,no_release,False,28,-1,False,False,29,160,0.10396,nan,nan,0.09498,nan,0.11492,nan,0.04893,-0.0175,0.091,82,40,put potato on the plate,record_02.npz,
504,put_into_bowl,False,False,no_release,False,119,-1,True,False,145,160,0.02831,nan,nan,0.00352,nan,0.01225,nan,0.03036,-0.01956,0.057,160,40,put potato into bowl,record_02.npz,
505,put_into_bowl,True,True,,False,76,82,False,False,78,160,0.02831,0.03221,0.01072,0.01032,0.01072,0.01072,0.0,0.03221,-0.01998,0.057,83,40,put potato into bowl,record_02.npz,
506,put_into_bowl,True,True,,False,101,122,False,False,116,160,0.02831,0.0314,0.00438,0.00355,0.00438,0.00438,0.0,0.0314,-0.01892,0.057,123,40,put potato into bowl,record_02.npz,
507,put_into_bowl,True,True,,False,66,67,False,False,67,160,0.02831,0.03159,0.01173,0.01173,0.01173,0.01173,0.0,0.03159,-0.01807,0.057,68,40,put potato into bowl,record_02.npz,
508,put_into_bowl,True,True,,False,32,52,False,False,46,160,0.02831,0.09982,0.02279,0.01803,0.0275,0.0275,0.00472,0.04366,-0.00609,0.057,58,40,put potato into bowl,record_02.npz,
509,put_into_bowl,True,True,,False,37,45,False,False,41,160,0.02831,0.07003,0.03325,0.01803,0.04243,0.04243,0.00918,0.04442,-0.00689,0.057,51,40,put potato into bowl,record_02.npz,
510,put_into_bowl,True,True,,False,74,77,False,False,77,160,0.02831,0.02868,0.00673,0.00237,0.00673,0.00673,0.0,0.02868,-0.02354,0.057,78,40,put potato into bowl,record_02.npz,
511,put_into_bowl,True,True,,False,43,48,False,False,45,160,0.02831,0.07726,0.01535,0.01278,0.01298,0.01298,-0.00238,0.04323,-0.00612,0.057,54,40,put potato into bowl,record_02.npz,
