world,instruction,recorded_success,recomputed_success,blocking_stage,grasped_at_reset,first_grasp_env_step,first_release_env_step,timed_out,ended_holding,lost_grip_env_step,env_step_budget,object_to_receptacle_at_reset_m,release_clearance_m,xy_at_release_m,min_xy_m,min_xy_at_rest_m,xy_at_rest_m,bounce_m,z_at_rest_m,settle_gap_m,radius_m,env_steps_active,horizon_decisions,instruction_text,recording,start_distance_cap
8,put_into_bowl,True,True,,False,18,53,False,False,48,160,0.01968,0.04389,0.00355,0.00355,0.00355,0.00355,0.0,0.04389,-0.00201,0.057,54,40,put tomato into bowl,record_00.npz,
9,put_into_bowl,True,True,,False,18,60,False,False,42,160,0.01968,0.02413,0.0148,0.00166,0.0148,0.0148,0.0,0.02413,-0.02286,0.057,61,40,put tomato into bowl,record_00.npz,
10,put_into_bowl,True,True,,False,18,39,False,False,35,160,0.01968,0.06801,0.01281,0.00852,0.00944,0.00944,-0.00337,0.04104,-0.00484,0.057,44,40,put tomato into bowl,record_00.npz,
11,put_into_bowl,True,True,,False,17,44,False,False,40,160,0.01968,0.0708,0.01007,0.00851,0.00901,0.00901,-0.00106,0.04499,-0.0009,0.057,48,40,put tomato into bowl,record_00.npz,
12,put_into_bowl,True,True,,False,17,53,False,False,49,160,0.01968,0.03708,0.01117,0.00856,0.01117,0.01117,0.0,0.03708,-0.00881,0.057,54,40,put tomato into bowl,record_00.npz,
13,put_into_bowl,True,True,,False,18,51,False,False,47,160,0.01968,0.0645,0.00401,0.00371,0.00407,0.00407,6e-05,0.04484,-0.00105,0.057,54,40,put tomato into bowl,record_00.npz,
14,put_into_bowl,True,True,,False,18,37,False,False,33,160,0.01968,0.08052,0.00814,0.00085,0.00136,0.00136,-0.00678,0.04348,-0.0024,0.057,44,40,put tomato into bowl,record_00.npz,
15,put_into_bowl,True,True,,False,18,47,False,False,43,160,0.01968,0.06815,0.00815,0.0063,0.0063,0.0063,-0.00185,0.04012,-0.00577,0.057,51,40,put tomato into bowl,record_00.npz,
32,put_into_bowl,False,False,no_release,False,26,-1,True,False,155,160,0.01053,nan,nan,0.00461,nan,0.03528,nan,0.04695,-0.00546,0.057,160,40,put apple into bowl,record_00.npz,
33,put_into_bowl,True,True,,False,33,94,False,False,64,160,0.01053,0.03046,0.01161,0.00679,0.01161,0.01161,0.0,0.03046,-0.02195,0.057,95,40,put apple into bowl,record_00.npz,
34,put_into_bowl,True,True,,False,25,54,False,False,42,160,0.01053,0.0466,0.01525,0.00552,0.01525,0.01525,0.0,0.0466,-0.00571,0.057,55,40,put apple into bowl,record_00.npz,
35,put_into_bowl,True,True,,False,23,47,False,False,45,160,0.01054,0.04934,0.02462,0.00635,0.02462,0.02462,0.0,0.04934,-0.00297,0.057,48,40,put apple into bowl,record_00.npz,
36,put_into_bowl,True,True,,False,27,69,False,False,61,160,0.01053,0.04387,0.02546,0.00333,0.02546,0.02546,0.0,0.04387,-0.00833,0.057,70,40,put apple into bowl,record_00.npz,
37,put_into_bowl,True,True,,False,25,53,False,False,51,160,0.01053,0.076,0.01959,0.00765,0.02662,0.02662,0.00703,0.04732,-0.00499,0.057,58,40,put apple into bowl,record_00.npz,
38,put_into_bowl,True,True,,False,23,73,False,False,70,160,0.01053,0.06765,0.0249,0.0083,0.02837,0.02837,0.00346,0.04643,-0.00589,0.057,77,40,put apple into bowl,record_00.npz,
39,put_into_bowl,True,True,,False,22,51,False,False,48,160,0.01053,0.04555,0.0232,0.0045,0.0232,0.0232,0.0,0.04555,-0.00677,0.057,52,40,put apple into bowl,record_00.npz,
40,put_into_plate,True,True,,False,17,51,False,False,46,160,0.08042,0.10551,0.00413,0.0039,0.00529,0.00529,0.00116,0.06113,-0.00137,0.091,56,40,put tomato on the plate,record_00.npz,
41,put_into_plate,True,True,,False,16,37,False,False,32,160,0.08042,0.05499,0.04535,0.04535,0.04535,0.04535,0.0,0.05499,-0.00748,0.091,38,40,put tomato on the plate,record_00.npz,
42,put_into_plate,True,True,,False,15,41,False,False,34,160,0.08042,0.05761,0.00827,0.00711,0.00827,0.00827,0.0,0.05761,-0.00489,0.091,42,40,put tomato on the plate,record_00.npz,
43,put_into_plate,True,True,,False,16,40,False,False,36,160,0.08042,0.09361,0.0169,0.01593,0.01593,0.01593,-0.00097,0.061,-0.00148,0.091,45,40,put tomato on the plate,record_00.npz,
44,put_into_plate,True,True,,False,16,42,False,False,38,160,0.08042,0.0988,0.02379,0.01372,0.01372,0.01372,-0.01006,0.05578,-0.00671,0.091,47,40,put tomato on the plate,record_00.npz,
45,put_into_plate,True,True,,False,16,41,False,False,37,160,0.08042,0.08453,0.00952,0.00786,0.00818,0.00818,-0.00135,0.0522,-0.01028,0.091,45,40,put tomato on the plate,record_00.npz,
46,put_into_plate,True,True,,False,16,47,False,False,41,160,0.08042,0.08815,0.0247,0.01722,0.03338,0.03338,0.00868,0.05147,-0.01101,0.091,51,40,put tomato on the plate,record_00.npz,
47,put_into_plate,True,True,,False,16,41,False,False,36,160,0.08042,0.07783,0.01203,0.0102,0.0102,0.0102,-0.00183,0.06162,-0.00088,0.091,45,40,put tomato on the plate,record_00.npz,
72,put_into_plate,True,True,,False,20,74,False,False,37,160,0.08231,0.04091,0.05562,0.05562,0.05562,0.05562,0.0,0.04091,-0.02194,0.091,75,40,put tomato on the plate,record_00.npz,
73,put_into_plate,False,False,no_grasp,False,-1,-1,True,False,-1,160,0.08231,nan,nan,0.06739,nan,0.06739,nan,0.041,-0.02144,0.091,160,40,put tomato on the plate,record_00.npz,
74,put_into_plate,True,True,,False,28,74,False,False,41,160,0.08231,0.04098,0.03434,0.03434,0.03434,0.03434,0.0,0.04098,-0.0219,0.091,75,40,put tomato on the plate,record_00.npz,
75,put_into_plate,False,False,no_grasp,False,-1,-1,True,False,-1,160,0.08231,nan,nan,0.06463,nan,0.06463,nan,0.04093,-0.02176,0.091,160,40,put tomato on the plate,record_00.npz,
76,put_into_plate,True,True,,False,21,31,False,False,26,160,0.08231,0.05616,0.05975,0.05975,0.05975,0.05975,0.0,0.05616,-0.00623,0.091,32,40,put tomato on the plate,record_00.npz,
77,put_into_plate,False,False,no_release,False,22,-1,True,False,47,160,0.08231,nan,nan,0.04183,nan,0.04183,nan,0.04096,-0.02188,0.091,160,40,put tomato on the plate,record_00.npz,
78,put_into_plate,False,False,no_grasp,False,-1,-1,True,False,-1,160,0.08231,nan,nan,0.06231,nan,0.06231,nan,0.04095,-0.02178,0.091,160,40,put tomato on the plate,record_00.npz,
79,put_into_plate,False,False,no_grasp,False,-1,-1,True,False,-1,160,0.08231,nan,nan,0.06933,nan,0.06933,nan,0.04094,-0.02182,0.091,160,40,put tomato on the plate,record_00.npz,
88,put_into_bowl,True,True,,False,17,58,True,False,49,160,0.06362,0.07758,0.04913,0.0166,0.02256,0.02256,-0.02657,0.04152,-0.0055,0.057,160,40,put potato into bowl,record_00.npz,
89,put_into_bowl,False,False,no_grasp,False,-1,-1,True,False,-1,160,0.06362,nan,nan,0.03709,nan,0.106,nan,0.00372,-0.04611,0.057,160,40,put potato into bowl,record_00.npz,
90,put_into_bowl,False,False,no_grasp,False,-1,-1,True,False,-1,160,0.06362,nan,nan,0.03475,nan,0.18773,nan,0.00372,-0.04611,0.057,160,40,put potato into bowl,record_00.npz,
91,put_into_bowl,False,False,no_release,False,16,-1,False,False,45,160,0.06362,nan,nan,0.00668,nan,0.05801,nan,0.04066,-0.00266,0.057,80,40,put potato into bowl,record_00.npz,
92,put_into_bowl,False,False,no_grasp,False,-1,-1,True,False,-1,160,0.06362,nan,nan,0.03476,nan,0.1993,nan,0.00373,-0.04611,0.057,160,40,put potato into bowl,record_00.npz,
93,put_into_bowl,False,False,no_grasp,False,-1,-1,True,False,-1,160,0.06362,nan,nan,0.03695,nan,0.16085,nan,0.00373,-0.04611,0.057,160,40,put potato into bowl,record_00.npz,
94,put_into_bowl,True,True,,False,20,79,False,False,25,160,0.06362,0.06344,0.04881,0.01498,0.03911,0.03911,-0.0097,0.03727,-0.00347,0.057,103,40,put potato into bowl,record_00.npz,
95,put_into_bowl,False,False,no_grasp,False,-1,-1,True,False,-1,160,0.06362,nan,nan,0.03698,nan,0.12617,nan,0.00373,-0.04611,0.057,160,40,put potato into bowl,record_00.npz,
96,put_into_plate,False,False,no_release,False,20,-1,False,False,132,160,0.1007,nan,nan,0.10028,nan,0.17948,nan,0.02527,-0.04364,0.091,133,40,put apple on the plate,record_00.npz,
97,put_into_plate,False,False,no_release,False,16,-1,False,False,66,160,0.10069,nan,nan,0.10069,nan,0.12815,nan,0.02551,-0.0434,0.091,67,40,put apple on the plate,record_00.npz,
98,put_into_plate,False,False,no_release,False,16,-1,False,False,120,160,0.10069,nan,nan,0.10069,nan,0.20429,nan,0.02544,-0.04361,0.091,121,40,put apple on the plate,record_00.npz,
99,put_into_plate,False,False,no_release,False,17,-1,False,False,54,160,0.10069,nan,nan,0.10069,nan,0.14899,nan,0.06707,-0.00185,0.091,59,40,put apple on the plate,record_00.npz,
100,put_into_plate,False,False,no_release,False,16,-1,False,False,57,160,0.10069,nan,nan,0.08765,nan,0.13319,nan,0.0646,-0.00432,0.091,67,40,put apple on the plate,record_00.npz,
101,put_into_plate,False,False,no_release,False,30,-1,False,False,130,160,0.10069,nan,nan,0.10069,nan,0.19171,nan,0.02538,-0.04354,0.091,131,40,put apple on the plate,record_00.npz,
102,put_into_plate,False,False,no_release,False,28,-1,False,False,32,160,0.10069,nan,nan,0.09899,nan,0.10543,nan,0.05998,-0.00888,0.091,33,40,put apple on the plate,record_00.npz,
103,put_into_plate,False,False,no_release,False,17,-1,False,False,90,160,0.10069,nan,nan,0.10069,nan,0.14519,nan,0.02531,-0.0436,0.091,91,40,put apple on the plate,record_00.npz,
112,put_into_plate,True,True,,False,76,117,False,False,91,160,0.0359,0.04093,0.04045,0.00853,0.04045,0.04045,0.0,0.04093,-0.02209,0.091,118,40,put orange on the plate,record_00.npz,
113,put_into_plate,True,True,,False,21,40,False,False,33,160,0.0359,0.04087,0.03868,0.03541,0.03868,0.03868,0.0,0.04087,-0.0222,0.091,41,40,put orange on the plate,record_00.npz,
114,put_into_plate,True,True,,False,20,32,False,False,27,160,0.0359,0.06186,0.03239,0.03166,0.03239,0.03239,0.0,0.06186,-0.00023,0.091,33,40,put orange on the plate,record_00.npz,
115,put_into_plate,True,True,,False,25,46,False,False,38,160,0.0359,0.04089,0.03398,0.02868,0.03398,0.03398,0.0,0.04089,-0.02195,0.091,47,40,put orange on the plate,record_00.npz,
116,put_into_plate,True,True,,False,26,67,False,False,55,160,0.0359,0.09161,0.02659,0.00096,0.0271,0.0271,0.00052,0.05558,-0.0066,0.091,72,40,put orange on the plate,record_00.npz,
117,put_into_plate,True,True,,False,20,40,False,False,34,160,0.0359,0.03906,0.02638,0.02638,0.02638,0.02638,0.0,0.03906,-0.02359,0.091,41,40,put orange on the plate,record_00.npz,
118,put_into_plate,True,True,,False,40,92,False,False,50,160,0.0359,0.04093,0.03254,0.01713,0.03254,0.03254,0.0,0.04093,-0.02158,0.091,93,40,put orange on the plate,record_00.npz,
119,put_into_plate,True,True,,False,20,57,False,False,51,160,0.0359,0.09938,0.03976,0.01166,0.04044,0.04044,0.00068,0.05469,-0.00749,0.091,63,40,put orange on the plate,record_00.npz,
136,put_into_plate,False,False,no_release,False,47,-1,True,False,94,160,0.06591,nan,nan,0.05847,nan,0.08487,nan,0.04052,-0.02247,0.091,160,40,put tomato on the plate,record_00.npz,
137,put_into_plate,True,True,,False,35,47,False,False,42,160,0.06591,0.04093,0.05919,0.05854,0.05919,0.05919,0.0,0.04093,-0.02218,0.091,48,40,put tomato on the plate,record_00.npz,
138,put_into_plate,True,True,,False,25,45,False,False,41,160,0.06591,0.05293,0.03355,0.03355,0.03355,0.03355,0.0,0.05293,-0.00956,0.091,46,40,put tomato on the plate,record_00.npz,
139,put_into_plate,True,True,,False,22,35,False,False,31,160,0.06591,0.05588,0.05183,0.05183,0.05183,0.05183,0.0,0.05588,-0.00661,0.091,36,40,put tomato on the plate,record_00.npz,
140,put_into_plate,False,False,no_release,False,74,-1,False,False,87,160,0.06591,nan,nan,0.05205,nan,0.11133,nan,0.05554,-0.00695,0.091,120,40,put tomato on the plate,record_00.npz,
141,put_into_plate,False,False,no_release,False,41,-1,False,False,86,160,0.06591,nan,nan,0.05787,nan,0.0911,nan,0.04005,-0.0233,0.091,136,40,put tomato on the plate,record_00.npz,
142,put_into_plate,True,True,,False,25,74,False,False,69,160,0.06591,0.08705,0.01559,0.01128,0.01128,0.01128,-0.00431,0.05431,-0.00818,0.091,79,40,put tomato on the plate,record_00.npz,
143,put_into_plate,False,False,no_release,False,66,-1,True,False,107,160,0.06591,nan,nan,0.04764,nan,0.08161,nan,0.04092,-0.02188,0.091,160,40,put tomato on the plate,record_00.npz,
176,put_into_bowl,False,False,no_release,False,19,-1,False,False,69,160,0.09168,nan,nan,0.09168,nan,0.37315,nan,0.04437,-0.00121,0.057,76,40,put orange into bowl,record_00.npz,
177,put_into_bowl,False,False,no_release,False,18,-1,False,False,47,160,0.09167,nan,nan,0.09167,nan,0.26021,nan,0.02746,-0.01812,0.057,48,40,put orange into bowl,record_00.npz,
178,put_into_bowl,False,False,no_release,False,19,-1,False,False,51,160,0.09167,nan,nan,0.09167,nan,0.24605,nan,0.04509,-0.00049,0.057,52,40,put orange into bowl,record_00.npz,
179,put_into_bowl,False,False,no_release,False,18,-1,False,False,69,160,0.09167,nan,nan,0.09167,nan,0.36597,nan,0.04536,-0.00022,0.057,77,40,put orange into bowl,record_00.npz,
180,put_into_bowl,False,False,no_release,False,19,-1,False,False,43,160,0.09168,nan,nan,0.09168,nan,0.25107,nan,0.0335,-0.01208,0.057,54,40,put orange into bowl,record_00.npz,
181,put_into_bowl,False,False,no_release,False,19,-1,False,False,50,160,0.09167,nan,nan,0.09167,nan,0.2969,nan,0.0416,-0.00399,0.057,57,40,put orange into bowl,record_00.npz,
182,put_into_bowl,False,False,no_release,False,19,-1,False,False,50,160,0.09168,nan,nan,0.09168,nan,0.29236,nan,0.03429,-0.01129,0.057,58,40,put orange into bowl,record_00.npz,
183,put_into_bowl,False,False,no_release,False,18,-1,False,False,46,160,0.09167,nan,nan,0.09167,nan,0.26679,nan,0.03861,-0.00697,0.057,54,40,put orange into bowl,record_00.npz,
192,put_into_plate,True,True,,False,11,73,False,False,70,160,0.07514,0.1243,0.03553,0.02567,0.02567,0.02567,-0.00987,0.06483,-0.00406,0.091,79,40,put apple on the plate,record_00.npz,
193,put_into_plate,True,True,,False,11,91,False,False,69,160,0.07514,0.04641,0.02468,0.02468,0.02468,0.02468,0.0,0.04641,-0.02296,0.091,92,40,put apple on the plate,record_00.npz,
194,put_into_plate,True,True,,False,12,72,False,False,69,160,0.07514,0.13335,0.03595,0.02613,0.02613,0.02613,-0.00983,0.05644,-0.01246,0.091,79,40,put apple on the plate,record_00.npz,
195,put_into_plate,True,True,,False,11,98,False,False,95,160,0.07514,0.09541,0.0244,0.02334,0.02435,0.02435,-5e-05,0.0464,-0.023,0.091,115,40,put apple on the plate,record_00.npz,
196,put_into_plate,True,True,,False,11,78,False,False,76,160,0.07514,0.13008,0.02883,0.02226,0.02226,0.02226,-0.00658,0.05863,-0.01029,0.091,85,40,put apple on the plate,record_00.npz,
197,put_into_plate,True,True,,False,11,81,False,False,75,160,0.07514,0.05873,0.01331,0.01331,0.01331,0.01331,0.0,0.05873,-0.01017,0.091,82,40,put apple on the plate,record_00.npz,
198,put_into_plate,True,True,,False,11,74,False,False,72,160,0.07514,0.12035,0.03188,0.02796,0.02796,0.02796,-0.00392,0.0653,-0.00361,0.091,80,40,put apple on the plate,record_00.npz,
199,put_into_plate,True,True,,False,11,136,False,False,80,160,0.07514,0.0464,0.02485,0.02485,0.02485,0.02485,0.0,0.0464,-0.02313,0.091,137,40,put apple on the plate,record_00.npz,
200,put_into_plate,True,True,,False,21,121,False,False,25,160,0.07146,0.04094,0.04912,0.04843,0.04912,0.04912,0.0,0.04094,-0.02325,0.091,122,40,put tomato on the plate,record_00.npz,
201,put_into_plate,False,False,no_release,False,22,-1,False,False,33,160,0.07146,nan,nan,0.06843,nan,0.125,nan,0.05815,-0.00449,0.091,78,40,put tomato on the plate,record_00.npz,
202,put_into_plate,True,True,,False,20,31,False,False,26,160,0.07146,0.04055,0.07382,0.06858,0.07382,0.07382,0.0,0.04055,-0.02243,0.091,32,40,put tomato on the plate,record_00.npz,
203,put_into_plate,False,False,xy_miss,False,20,109,False,False,22,160,0.07146,0.08618,0.12,0.06847,0.12169,0.12169,0.00169,0.05227,-0.01021,0.091,113,40,put tomato on the plate,record_00.npz,
204,put_into_plate,True,True,,False,40,51,False,False,44,160,0.07146,0.04099,0.06584,0.06584,0.06584,0.06584,0.0,0.04099,-0.02255,0.091,52,40,put tomato on the plate,record_00.npz,
205,put_into_plate,False,False,no_release,False,56,-1,False,False,84,160,0.07146,nan,nan,0.05607,nan,0.09224,nan,0.04474,-0.01774,0.091,86,40,put tomato on the plate,record_00.npz,
206,put_into_plate,False,False,no_release,False,21,-1,True,True,29,160,0.07146,nan,nan,0.04015,nan,0.04283,nan,0.04042,-0.0259,0.091,160,40,put tomato on the plate,record_00.npz,
207,put_into_plate,True,True,,False,21,67,False,False,31,160,0.07146,0.04092,0.06645,0.06213,0.06645,0.06645,0.0,0.04092,-0.02176,0.091,68,40,put tomato on the plate,record_00.npz,
208,put_into_plate,True,True,,False,20,90,False,False,83,160,0.0742,0.03942,0.0124,0.0124,0.0124,0.0124,0.0,0.03942,-0.02539,0.091,91,40,put orange on the plate,record_00.npz,
209,put_into_plate,True,True,,False,22,66,False,False,51,160,0.0742,0.10404,0.00784,0.00562,0.01375,0.01375,0.00591,0.0616,-0.00049,0.091,70,40,put orange on the plate,record_00.npz,
210,put_into_plate,True,True,,False,18,83,False,False,78,160,0.0742,0.0882,0.00394,0.00387,0.0062,0.0062,0.00226,0.04766,-0.01446,0.091,87,40,put orange on the plate,record_00.npz,
211,put_into_plate,True,True,,False,18,44,False,False,35,160,0.0742,0.10123,0.01493,0.01109,0.01143,0.01143,-0.0035,0.04739,-0.01477,0.091,49,40,put orange on the plate,record_00.npz,
212,put_into_plate,True,True,,False,18,51,False,False,36,160,0.07419,0.09284,0.03459,0.03384,0.03538,0.03538,0.00079,0.05462,-0.00753,0.091,55,40,put orange on the plate,record_00.npz,
213,put_into_plate,True,True,,False,22,50,False,False,29,160,0.0742,0.04092,0.04616,0.04616,0.04616,0.04616,0.0,0.04092,-0.02176,0.091,51,40,put orange on the plate,record_00.npz,
214,put_into_plate,True,True,,False,21,53,False,False,47,160,0.07419,0.08889,0.01886,0.01788,0.01794,0.01794,-0.00091,0.04902,-0.01316,0.091,57,40,put orange on the plate,record_00.npz,
215,put_into_plate,True,True,,False,20,37,False,False,31,160,0.07419,0.092,0.05214,0.05132,0.05132,0.05132,-0.00081,0.05013,-0.01198,0.091,42,40,put orange on the plate,record_00.npz,
240,put_into_bowl,True,True,,False,29,64,False,False,48,160,0.00509,0.02492,0.00967,0.00509,0.00967,0.00967,0.0,0.02492,-0.02124,0.057,65,40,put orange into bowl,record_00.npz,
241,put_into_bowl,True,True,,False,21,52,False,False,22,160,0.00509,0.0248,0.01934,0.00509,0.01934,0.01934,0.0,0.0248,-0.02152,0.057,53,40,put orange into bowl,record_00.npz,
242,put_into_bowl,True,True,,False,25,75,False,False,71,160,0.00509,0.06844,0.01424,0.00334,0.02557,0.02557,0.01133,0.03774,-0.00783,0.057,81,40,put orange into bowl,record_00.npz,
243,put_into_bowl,True,True,,False,25,50,False,False,45,160,0.00509,0.06132,0.01605,0.00509,0.01771,0.01771,0.00166,0.04498,-0.00061,0.057,53,40,put orange into bowl,record_00.npz,
244,put_into_bowl,True,True,,False,22,70,False,False,57,160,0.00509,0.02523,0.01636,0.00509,0.01636,0.01636,0.0,0.02523,-0.02057,0.057,71,40,put orange into bowl,record_00.npz,
245,put_into_bowl,True,True,,False,20,76,False,False,22,160,0.00509,0.02357,0.02381,0.00303,0.02381,0.02381,0.0,0.02357,-0.02326,0.057,77,40,put orange into bowl,record_00.npz,
246,put_into_bowl,True,True,,False,34,114,False,False,109,160,0.00509,0.05065,0.01741,0.00279,0.01854,0.01854,0.00113,0.04178,-0.0038,0.057,116,40,put orange into bowl,record_00.npz,
247,put_into_bowl,True,True,,False,28,82,False,False,30,160,0.00509,0.0751,0.04488,0.00509,0.05391,0.05391,0.00903,0.04491,-0.00079,0.057,86,40,put orange into bowl,record_00.npz,
256,put_into_plate,False,False,no_release,False,17,-1,False,False,77,160,0.06008,nan,nan,0.03602,nan,0.11103,nan,0.05939,-0.00949,0.091,88,40,put apple on the plate,record_00.npz,
257,put_into_plate,False,False,no_release,False,14,-1,False,False,63,160,0.06008,nan,nan,0.04215,nan,0.10958,nan,0.06771,-0.00116,0.091,72,40,put apple on the plate,record_00.npz,
258,put_into_plate,False,False,no_release,False,18,-1,False,False,67,160,0.06008,nan,nan,0.04735,nan,0.10407,nan,0.06115,-0.00773,0.091,74,40,put apple on the plate,record_00.npz,
259,put_into_plate,False,False,no_release,False,15,-1,False,False,60,160,0.06008,nan,nan,0.03692,nan,0.10888,nan,0.05978,-0.00911,0.091,73,40,put apple on the plate,record_00.npz,
260,put_into_plate,True,True,,False,18,92,False,False,79,160,0.06008,0.0593,0.01722,0.01273,0.01722,0.01722,0.0,0.0593,-0.0096,0.091,93,40,put apple on the plate,record_00.npz,
261,put_into_plate,False,False,no_release,False,15,-1,False,False,53,160,0.06008,nan,nan,0.04552,nan,0.09164,nan,0.04436,-0.02446,0.091,62,40,put apple on the plate,record_00.npz,
262,put_into_plate,False,False,no_release,False,16,-1,False,False,54,160,0.06008,nan,nan,0.045,nan,0.1216,nan,0.06474,-0.00417,0.091,63,40,put apple on the plate,record_00.npz,
263,put_into_plate,False,False,no_release,False,15,-1,False,False,57,160,0.06008,nan,nan,0.0493,nan,0.09176,nan,0.04658,-0.02266,0.091,66,40,put apple on the plate,record_00.npz,
272,put_into_bowl,False,False,no_grasp,False,-1,-1,True,False,-1,160,0.08189,nan,nan,0.08189,nan,0.17693,nan,0.05716,-0.04189,0.057,160,40,put orange into bowl,record_00.npz,
273,put_into_bowl,False,False,no_grasp,False,-1,-1,True,False,-1,160,0.08189,nan,nan,0.08189,nan,0.27759,nan,0.07317,-0.04189,0.057,160,40,put orange into bowl,record_00.npz,
274,put_into_bowl,False,False,no_grasp,False,-1,-1,True,False,-1,160,0.08189,nan,nan,0.08189,nan,0.21634,nan,0.1428,-0.04189,0.057,160,40,put orange into bowl,record_00.npz,
275,put_into_bowl,False,False,no_grasp,False,-1,-1,True,False,-1,160,0.08189,nan,nan,0.08189,nan,0.27944,nan,0.08444,-0.04189,0.057,160,40,put orange into bowl,record_00.npz,
276,put_into_bowl,False,False,no_grasp,False,-1,-1,True,False,-1,160,0.08189,nan,nan,0.08189,nan,0.2237,nan,0.14022,-0.04189,0.057,160,40,put orange into bowl,record_00.npz,
277,put_into_bowl,False,False,no_grasp,False,-1,-1,True,False,-1,160,0.0819,nan,nan,0.0819,nan,0.20117,nan,0.21385,-0.04189,0.057,160,40,put orange into bowl,record_00.npz,
278,put_into_bowl,False,False,no_grasp,False,-1,-1,True,False,-1,160,0.08189,nan,nan,0.08189,nan,0.20096,nan,0.1366,-0.04189,0.057,160,40,put orange into bowl,record_00.npz,
279,put_into_bowl,False,False,no_grasp,False,-1,-1,True,False,-1,160,0.08189,nan,nan,0.08189,nan,0.22389,nan,0.13731,-0.04189,0.057,160,40,put orange into bowl,record_00.npz,
304,put_into_plate,True,True,,False,39,51,False,False,45,160,0.0134,0.05822,0.0265,0.0134,0.0265,0.0265,0.0,0.05822,-0.00397,0.091,52,40,put orange on the plate,record_00.npz,
305,put_into_plate,True,True,,False,41,65,False,False,56,160,0.0134,0.06877,0.05551,0.01163,0.05547,0.05547,-5e-05,0.05844,-0.00374,0.091,67,40,put orange on the plate,record_00.npz,
306,put_into_plate,False,False,not_settled,False,66,89,True,False,84,160,0.0134,0.07711,0.06824,0.00871,nan,0.07345,0.00522,0.04091,-0.02153,0.091,160,40,put orange on the plate,record_00.npz,
307,put_into_plate,True,True,,False,41,64,False,False,60,160,0.0134,0.11837,0.04536,0.01114,0.05477,0.05477,0.00941,0.05819,-0.00396,0.091,72,40,put orange on the plate,record_00.npz,
308,put_into_plate,False,False,no_release,False,38,-1,False,False,82,160,0.0134,nan,nan,0.00976,nan,0.10284,nan,0.04256,-0.01963,0.091,98,40,put orange on the plate,record_00.npz,
309,put_into_plate,False,False,no_grasp,False,-1,-1,True,False,-1,160,0.0134,nan,nan,0.01268,nan,0.01358,nan,0.0409,-0.02206,0.091,160,40,put orange on the plate,record_00.npz,
310,put_into_plate,True,True,,False,56,83,False,False,78,160,0.0134,0.10195,0.03389,0.01066,0.0346,0.0346,0.00071,0.05754,-0.00461,0.091,89,40,put orange on the plate,record_00.npz,
311,put_into_plate,True,True,,False,51,71,False,False,67,160,0.0134,0.09409,0.05662,0.00914,0.05739,0.05739,0.00077,0.04884,-0.01333,0.091,77,40,put orange on the plate,record_00.npz,
312,put_into_plate,True,True,,False,16,83,False,False,71,160,0.07024,0.03908,0.0268,0.0268,0.0268,0.0268,0.0,0.03908,-0.03136,0.091,84,40,put potato on the plate,record_00.npz,
313,put_into_plate,True,True,,False,19,61,False,False,57,160,0.07024,0.12006,0.01251,0.00093,0.00225,0.00225,-0.01026,0.05273,-0.01371,0.091,67,40,put potato on the plate,record_00.npz,
314,put_into_plate,True,True,,False,18,71,False,False,66,160,0.07024,0.10754,0.04224,0.03773,0.03773,0.03773,-0.00451,0.06458,-0.00185,0.091,75,40,put potato on the plate,record_00.npz,
315,put_into_plate,True,True,,False,17,96,False,False,90,160,0.07024,0.0963,0.02973,0.02906,0.02906,0.02906,-0.00068,0.06519,-0.00124,0.091,99,40,put potato on the plate,record_00.npz,
316,put_into_plate,True,True,,False,18,63,False,False,58,160,0.07024,0.07853,0.04222,0.04172,0.0448,0.0448,0.00258,0.06072,-0.00572,0.091,67,40,put potato on the plate,record_00.npz,
317,put_into_plate,True,True,,False,17,70,False,False,66,160,0.07024,0.07423,0.0377,0.03757,0.03757,0.03757,-0.00013,0.06522,-0.00121,0.091,72,40,put potato on the plate,record_00.npz,
318,put_into_plate,True,True,,False,19,55,False,False,23,160,0.07024,0.08627,0.08352,0.05442,0.08002,0.08002,-0.00349,0.06472,-0.0017,0.091,59,40,put potato on the plate,record_00.npz,
319,put_into_plate,True,True,,False,18,75,False,False,46,160,0.07024,0.07564,0.00944,0.00648,0.00648,0.00648,-0.00296,0.05979,-0.00663,0.091,78,40,put potato on the plate,record_00.npz,
328,put_into_plate,True,True,,False,24,67,False,False,61,160,0.07294,0.13065,0.04228,0.04228,0.08406,0.08406,0.04178,0.06114,-0.00135,0.091,77,40,put tomato on the plate,record_00.npz,
329,put_into_plate,True,True,,False,23,54,False,False,50,160,0.07294,0.08656,0.0655,0.0655,0.06567,0.06567,0.00017,0.05525,-0.00725,0.091,58,40,put tomato on the plate,record_00.npz,
330,put_into_plate,False,False,no_release,False,23,-1,True,False,26,160,0.07294,nan,nan,0.04393,nan,0.081,nan,0.04079,-0.02185,0.091,160,40,put tomato on the plate,record_00.npz,
331,put_into_plate,False,False,not_settled,False,23,47,True,False,43,160,0.07294,0.10383,0.04529,0.0287,nan,0.02875,-0.01655,0.0409,-0.02212,0.091,160,40,put tomato on the plate,record_00.npz,
332,put_into_plate,True,True,,False,23,84,False,False,79,160,0.07294,0.09958,0.03851,0.03174,0.0416,0.0416,0.00309,0.05757,-0.00492,0.091,88,40,put tomato on the plate,record_00.npz,
333,put_into_plate,True,True,,False,23,87,False,False,83,160,0.07294,0.12866,0.04372,0.04145,0.04145,0.04145,-0.00227,0.05464,-0.00786,0.091,95,40,put tomato on the plate,record_00.npz,
334,put_into_plate,True,True,,False,23,43,False,False,36,160,0.07294,0.07784,0.04982,0.03812,0.03812,0.03812,-0.0117,0.06103,-0.00143,0.091,48,40,put tomato on the plate,record_00.npz,
335,put_into_plate,False,False,no_release,False,23,-1,True,True,-1,160,0.07295,nan,nan,0.07029,nan,0.11791,nan,0.20403,0.14141,0.091,160,40,put tomato on the plate,record_00.npz,
336,put_into_bowl,False,False,no_release,False,18,-1,False,False,29,160,0.0829,nan,nan,0.0829,nan,0.12015,nan,0.02716,-0.01841,0.057,30,40,put orange into bowl,record_00.npz,
337,put_into_bowl,False,False,no_grasp,False,-1,-1,True,False,-1,160,0.08291,nan,nan,0.08291,nan,0.14011,nan,0.00367,-0.04189,0.057,160,40,put orange into bowl,record_00.npz,
338,put_into_bowl,False,False,no_release,False,19,-1,False,False,33,160,0.08291,nan,nan,0.08291,nan,0.11692,nan,0.03788,-0.00771,0.057,44,40,put orange into bowl,record_00.npz,
339,put_into_bowl,False,False,no_grasp,False,-1,-1,True,False,-1,160,0.08291,nan,nan,0.08291,nan,0.13733,nan,0.0037,-0.04189,0.057,160,40,put orange into bowl,record_00.npz,
340,put_into_bowl,False,False,no_grasp,False,-1,-1,True,False,-1,160,0.08291,nan,nan,0.08291,nan,0.14037,nan,0.00369,-0.04189,0.057,160,40,put orange into bowl,record_00.npz,
341,put_into_bowl,False,False,no_grasp,False,-1,-1,True,False,-1,160,0.08291,nan,nan,0.08291,nan,0.16733,nan,0.00368,-0.04189,0.057,160,40,put orange into bowl,record_00.npz,
342,put_into_bowl,False,False,no_grasp,False,-1,-1,True,False,-1,160,0.08291,nan,nan,0.08291,nan,0.13809,nan,0.00369,-0.04189,0.057,160,40,put orange into bowl,record_00.npz,
343,put_into_bowl,False,False,no_grasp,False,-1,-1,True,False,-1,160,0.08291,nan,nan,0.08291,nan,0.13913,nan,0.00369,-0.04189,0.057,160,40,put orange into bowl,record_00.npz,
352,put_into_bowl,False,False,not_settled,False,14,73,True,False,70,160,0.00901,0.11274,0.04103,0.00866,nan,0.01975,-0.02128,0.03041,-0.02233,0.057,160,40,put apple into bowl,record_00.npz,
353,put_into_bowl,True,True,,False,36,113,False,False,107,160,0.00901,0.11488,0.02533,0.00154,0.03125,0.03125,0.00591,0.04463,-0.00783,0.057,120,40,put apple into bowl,record_00.npz,
354,put_into_bowl,True,True,,False,12,58,False,False,56,160,0.00901,0.15036,0.01555,0.00207,0.04917,0.04917,0.03363,0.04879,-0.00388,0.057,72,40,put apple into bowl,record_00.npz,
355,put_into_bowl,True,True,,False,31,78,False,False,76,160,0.00901,0.11081,0.02437,0.00273,0.03148,0.03148,0.00711,0.04199,-0.01032,0.057,88,40,put apple into bowl,record_00.npz,
356,put_into_bowl,True,True,,False,26,88,False,False,85,160,0.00901,0.12126,0.02836,0.00455,0.02584,0.02584,-0.00252,0.04775,-0.00457,0.057,95,40,put apple into bowl,record_00.npz,
357,put_into_bowl,True,True,,False,12,80,False,False,78,160,0.00901,0.12252,0.03632,0.00323,0.03442,0.03442,-0.00189,0.04463,-0.00775,0.057,88,40,put apple into bowl,record_00.npz,
358,put_into_bowl,True,True,,False,28,95,False,False,93,160,0.00901,0.12691,0.02822,0.00212,0.03097,0.03097,0.00275,0.04366,-0.00851,0.057,103,40,put apple into bowl,record_00.npz,
359,put_into_bowl,True,True,,False,17,46,False,False,43,160,0.00901,0.08739,0.00979,0.00366,0.0189,0.0189,0.00911,0.04722,-0.0051,0.057,55,40,put apple into bowl,record_00.npz,
360,put_into_bowl,True,True,,False,22,67,False,False,62,160,0.01983,0.02437,0.01618,0.01618,0.01618,0.01618,0.0,0.02437,-0.02245,0.057,68,40,put tomato into bowl,record_00.npz,
361,put_into_bowl,True,True,,False,24,81,False,False,48,160,0.01983,0.02474,0.00979,0.00963,0.00979,0.00979,0.0,0.02474,-0.02229,0.057,82,40,put tomato into bowl,record_00.npz,
362,put_into_bowl,True,True,,False,21,69,False,False,64,160,0.01983,0.07426,0.00592,0.00157,0.01796,0.01796,0.01204,0.03248,-0.01341,0.057,73,40,put tomato into bowl,record_00.npz,
363,put_into_bowl,True,True,,False,28,57,False,False,53,160,0.01983,0.09076,0.00448,0.00151,0.00492,0.00492,0.00044,0.03232,-0.01356,0.057,63,40,put tomato into bowl,record_00.npz,
364,put_into_bowl,True,True,,False,21,73,False,False,66,160,0.01983,0.02467,0.01458,0.00085,0.01458,0.01458,0.0,0.02467,-0.02184,0.057,74,40,put tomato into bowl,record_00.npz,
365,put_into_bowl,True,True,,False,24,61,False,False,30,160,0.01983,0.07742,0.00684,0.00239,0.0031,0.0031,-0.00374,0.03858,-0.00732,0.057,66,40,put tomato into bowl,record_00.npz,
366,put_into_bowl,True,True,,False,17,69,False,False,64,160,0.01983,0.07612,0.00945,0.00917,0.01024,0.01024,0.00079,0.03971,-0.00619,0.057,73,40,put tomato into bowl,record_00.npz,
367,put_into_bowl,True,True,,False,22,64,False,False,60,160,0.01983,0.07802,0.01529,0.01012,0.01012,0.01012,-0.00517,0.03623,-0.00968,0.057,69,40,put tomato into bowl,record_00.npz,
368,put_into_plate,True,True,,False,37,79,False,False,38,160,0.03071,0.04091,0.02553,0.02101,0.02553,0.02553,0.0,0.04091,-0.02187,0.091,80,40,put orange on the plate,record_00.npz,
369,put_into_plate,False,False,no_grasp,False,-1,-1,True,False,-1,160,0.03071,nan,nan,0.00135,nan,0.00556,nan,0.04054,-0.02669,0.091,160,40,put orange on the plate,record_00.npz,
370,put_into_plate,True,True,,False,54,101,False,False,59,160,0.03071,0.04091,0.02765,0.02148,0.02765,0.02765,0.0,0.04091,-0.02182,0.091,102,40,put orange on the plate,record_00.npz,
371,put_into_plate,False,False,no_grasp,False,-1,-1,True,False,-1,160,0.03071,nan,nan,0.00076,nan,0.01842,nan,0.0408,-0.0226,0.091,160,40,put orange on the plate,record_00.npz,
372,put_into_plate,True,True,,False,74,142,False,False,81,160,0.03071,0.0409,0.00411,0.00374,0.00411,0.00411,0.0,0.0409,-0.02198,0.091,143,40,put orange on the plate,record_00.npz,
373,put_into_plate,True,True,,False,32,47,False,False,43,160,0.03071,0.08251,0.02297,0.01601,0.02884,0.02884,0.00587,0.06001,-0.00211,0.091,51,40,put orange on the plate,record_00.npz,
374,put_into_plate,True,True,,False,27,57,False,False,31,160,0.03071,0.04071,0.02969,0.01725,0.02969,0.02969,0.0,0.04071,-0.02249,0.091,58,40,put orange on the plate,record_00.npz,
375,put_into_plate,True,True,,False,54,82,False,False,59,160,0.03071,0.0409,0.04185,0.02207,0.04185,0.04185,0.0,0.0409,-0.02247,0.091,83,40,put orange on the plate,record_00.npz,
376,put_into_bowl,False,False,no_grasp,False,-1,-1,True,False,-1,160,0.10605,nan,nan,0.10605,nan,0.17132,nan,0.00372,-0.04611,0.057,160,40,put potato into bowl,record_00.npz,
377,put_into_bowl,False,False,no_grasp,False,-1,-1,True,False,-1,160,0.10605,nan,nan,0.10014,nan,0.11547,nan,0.00742,-0.03797,0.057,160,40,put potato into bowl,record_00.npz,
378,put_into_bowl,False,False,no_grasp,False,-1,-1,True,False,-1,160,0.10605,nan,nan,0.10605,nan,0.12452,nan,0.00968,-0.04611,0.057,160,40,put potato into bowl,record_00.npz,
379,put_into_bowl,False,False,no_grasp,False,-1,-1,True,False,-1,160,0.10605,nan,nan,0.08144,nan,0.12938,nan,0.01202,-0.04611,0.057,160,40,put potato into bowl,record_00.npz,
380,put_into_bowl,False,False,no_grasp,False,-1,-1,True,False,-1,160,0.10605,nan,nan,0.10605,nan,0.12719,nan,0.00373,-0.04611,0.057,160,40,put potato into bowl,record_00.npz,
381,put_into_bowl,False,False,no_grasp,False,-1,-1,True,False,-1,160,0.10605,nan,nan,0.10605,nan,0.18181,nan,0.01527,-0.04611,0.057,160,40,put potato into bowl,record_00.npz,
382,put_into_bowl,False,False,no_grasp,False,-1,-1,True,False,-1,160,0.10605,nan,nan,0.0848,nan,0.13964,nan,0.00845,-0.04611,0.057,160,40,put potato into bowl,record_00.npz,
383,put_into_bowl,False,False,no_grasp,False,-1,-1,True,False,-1,160,0.10605,nan,nan,0.08521,nan,0.17781,nan,0.01314,-0.04611,0.057,160,40,put potato into bowl,record_00.npz,
384,put_into_bowl,False,False,no_grasp,False,-1,-1,True,False,-1,160,0.10154,nan,nan,0.06929,nan,0.12913,nan,0.0092,-0.04312,0.057,160,40,put apple into bowl,record_00.npz,
385,put_into_bowl,False,False,no_grasp,False,-1,-1,True,False,-1,160,0.10154,nan,nan,0.07919,nan,0.11699,nan,0.00928,-0.04312,0.057,160,40,put apple into bowl,record_00.npz,
386,put_into_bowl,False,False,no_grasp,False,-1,-1,True,False,-1,160,0.10154,nan,nan,0.05857,nan,0.1344,nan,0.00919,-0.04312,0.057,160,40,put apple into bowl,record_00.npz,
387,put_into_bowl,False,False,no_grasp,False,-1,-1,True,False,-1,160,0.10154,nan,nan,0.06761,nan,0.1345,nan,0.00919,-0.04312,0.057,160,40,put apple into bowl,record_00.npz,
388,put_into_bowl,False,False,no_grasp,False,-1,-1,True,False,-1,160,0.10154,nan,nan,0.07576,nan,0.11873,nan,0.00926,-0.04312,0.057,160,40,put apple into bowl,record_00.npz,
389,put_into_bowl,False,False,no_grasp,False,-1,-1,True,False,-1,160,0.10154,nan,nan,0.07444,nan,0.11865,nan,0.00932,-0.04312,0.057,160,40,put apple into bowl,record_00.npz,
390,put_into_bowl,False,False,no_grasp,False,-1,-1,True,False,-1,160,0.10154,nan,nan,0.07639,nan,0.11994,nan,0.00919,-0.04312,0.057,160,40,put apple into bowl,record_00.npz,
391,put_into_bowl,False,False,no_grasp,False,-1,-1,True,False,-1,160,0.10154,nan,nan,0.05945,nan,0.12548,nan,0.00911,-0.04312,0.057,160,40,put apple into bowl,record_00.npz,
400,put_into_plate,True,True,,False,64,70,False,False,65,160,0.06679,0.04097,0.05311,0.05215,0.05311,0.05311,0.0,0.04097,-0.02269,0.091,71,40,put orange on the plate,record_00.npz,
401,put_into_plate,False,False,no_release,False,79,-1,True,True,87,160,0.06679,nan,nan,0.05795,nan,0.08007,nan,0.04247,-0.01972,0.091,160,40,put orange on the plate,record_00.npz,
402,put_into_plate,True,True,,False,41,55,False,False,50,160,0.06679,0.07369,0.05005,0.0481,0.0481,0.0481,-0.00195,0.05539,-0.00679,0.091,58,40,put orange on the plate,record_00.npz,
403,put_into_plate,True,True,,False,31,52,False,False,47,160,0.06679,0.09642,0.04765,0.04085,0.04085,0.04085,-0.0068,0.05633,-0.00582,0.091,58,40,put orange on the plate,record_00.npz,
404,put_into_plate,True,True,,False,27,45,False,False,30,160,0.06679,0.06595,0.04486,0.04385,0.04385,0.04385,-0.00101,0.05902,-0.00295,0.091,47,40,put orange on the plate,record_00.npz,
405,put_into_plate,True,True,,False,29,44,False,False,37,160,0.06679,0.03964,0.06622,0.06043,0.06622,0.06622,0.0,0.03964,-0.02343,0.091,45,40,put orange on the plate,record_00.npz,
406,put_into_plate,True,True,,False,69,77,False,False,71,160,0.06679,0.04091,0.04241,0.04241,0.04241,0.04241,0.0,0.04091,-0.02201,0.091,78,40,put orange on the plate,record_00.npz,
407,put_into_plate,True,True,,False,71,107,False,False,96,160,0.06679,0.04098,0.05403,0.0524,0.05403,0.05403,0.0,0.04098,-0.02144,0.091,108,40,put orange on the plate,record_00.npz,
408,put_into_plate,False,False,no_grasp,False,-1,-1,True,False,-1,160,0.08907,nan,nan,0.08207,nan,0.14262,nan,0.02032,-0.04611,0.091,160,40,put potato on the plate,record_00.npz,
409,put_into_plate,False,False,no_grasp,False,-1,-1,True,False,-1,160,0.08907,nan,nan,0.07656,nan,0.11353,nan,0.03212,-0.03442,0.091,160,40,put potato on the plate,record_00.npz,
410,put_into_plate,False,False,no_grasp,False,-1,-1,True,False,-1,160,0.08907,nan,nan,0.08119,nan,0.12465,nan,0.02809,-0.03835,0.091,160,40,put potato on the plate,record_00.npz,
411,put_into_plate,False,False,no_grasp,False,-1,-1,True,False,-1,160,0.08907,nan,nan,0.05372,nan,0.14636,nan,0.02032,-0.04611,0.091,160,40,put potato on the plate,record_00.npz,
412,put_into_plate,False,False,no_grasp,False,-1,-1,True,False,-1,160,0.08907,nan,nan,0.07882,nan,0.14121,nan,0.02345,-0.04314,0.091,160,40,put potato on the plate,record_00.npz,
413,put_into_plate,False,False,no_grasp,False,-1,-1,True,False,-1,160,0.08907,nan,nan,0.02263,nan,0.03856,nan,0.0406,-0.02645,0.091,160,40,put potato on the plate,record_00.npz,
414,put_into_plate,True,True,,False,47,53,False,False,48,160,0.08907,0.09229,0.10676,0.07617,0.08185,0.08185,-0.02491,0.06213,-0.00431,0.091,73,40,put potato on the plate,record_00.npz,
415,put_into_plate,False,False,no_grasp,False,-1,-1,True,False,-1,160,0.08907,nan,nan,0.04991,nan,0.04991,nan,0.04068,-0.02635,0.091,160,40,put potato on the plate,record_00.npz,
416,put_into_bowl,False,False,no_grasp,False,-1,-1,True,False,-1,160,0.084,nan,nan,0.084,nan,0.2717,nan,0.00919,-0.04312,0.057,160,40,put apple into bowl,record_00.npz,
417,put_into_bowl,False,False,no_grasp,False,-1,-1,True,False,-1,160,0.084,nan,nan,0.084,nan,0.24719,nan,0.00919,-0.04312,0.057,160,40,put apple into bowl,record_00.npz,
418,put_into_bowl,False,False,no_grasp,False,-1,-1,True,False,-1,160,0.084,nan,nan,0.084,nan,0.22598,nan,0.00919,-0.04312,0.057,160,40,put apple into bowl,record_00.npz,
419,put_into_bowl,False,False,no_grasp,False,-1,-1,True,False,-1,160,0.084,nan,nan,0.084,nan,0.25067,nan,0.0092,-0.04312,0.057,160,40,put apple into bowl,record_00.npz,
420,put_into_bowl,False,False,no_grasp,False,-1,-1,True,False,-1,160,0.084,nan,nan,0.084,nan,0.25149,nan,0.00924,-0.04312,0.057,160,40,put apple into bowl,record_00.npz,
421,put_into_bowl,False,False,no_grasp,False,-1,-1,True,False,-1,160,0.084,nan,nan,0.084,nan,0.25689,nan,0.00919,-0.04312,0.057,160,40,put apple into bowl,record_00.npz,
422,put_into_bowl,False,False,no_grasp,False,-1,-1,True,False,-1,160,0.084,nan,nan,0.084,nan,0.2526,nan,0.0092,-0.04312,0.057,160,40,put apple into bowl,record_00.npz,
423,put_into_bowl,False,False,no_grasp,False,-1,-1,True,False,-1,160,0.084,nan,nan,0.084,nan,0.24462,nan,0.00919,-0.04312,0.057,160,40,put apple into bowl,record_00.npz,
440,put_into_bowl,False,False,no_grasp,False,-1,-1,True,False,-1,160,0.05305,nan,nan,0.05305,nan,0.14687,nan,0.00373,-0.04611,0.057,160,40,put potato into bowl,record_00.npz,
441,put_into_bowl,False,False,no_grasp,False,-1,-1,True,False,-1,160,0.05305,nan,nan,0.05305,nan,0.12445,nan,0.00373,-0.04611,0.057,160,40,put potato into bowl,record_00.npz,
442,put_into_bowl,False,False,no_grasp,False,-1,-1,True,False,-1,160,0.05305,nan,nan,0.05305,nan,0.10844,nan,0.00372,-0.04611,0.057,160,40,put potato into bowl,record_00.npz,
443,put_into_bowl,False,False,no_grasp,False,-1,-1,True,False,-1,160,0.05305,nan,nan,0.05305,nan,0.11167,nan,0.00372,-0.04611,0.057,160,40,put potato into bowl,record_00.npz,
444,put_into_bowl,False,False,no_grasp,False,-1,-1,True,False,-1,160,0.05305,nan,nan,0.05305,nan,0.11622,nan,0.00372,-0.04611,0.057,160,40,put potato into bowl,record_00.npz,
445,put_into_bowl,False,False,no_grasp,False,-1,-1,True,False,-1,160,0.05305,nan,nan,0.05305,nan,0.12601,nan,0.00373,-0.04611,0.057,160,40,put potato into bowl,record_00.npz,
446,put_into_bowl,False,False,no_release,False,34,-1,False,False,52,160,0.05305,nan,nan,0.05305,nan,0.13906,nan,0.01523,-0.03461,0.057,53,40,put potato into bowl,record_00.npz,
447,put_into_bowl,False,False,no_grasp,False,-1,-1,True,False,-1,160,0.05305,nan,nan,0.05305,nan,0.11295,nan,0.00373,-0.04611,0.057,160,40,put potato into bowl,record_00.npz,
448,put_into_bowl,True,True,,False,66,99,False,False,97,160,0.02514,0.06564,0.00597,0.00217,0.00984,0.00984,0.00387,0.04692,-0.00537,0.057,105,40,put apple into bowl,record_00.npz,
449,put_into_bowl,True,True,,False,40,93,False,False,43,160,0.02514,0.05501,0.01074,0.00088,0.01212,0.01212,0.00138,0.05144,-0.00087,0.057,95,40,put apple into bowl,record_00.npz,
450,put_into_bowl,False,False,no_release,False,74,-1,True,False,97,160,0.02514,nan,nan,0.0025,nan,0.02067,nan,0.03039,-0.02228,0.057,160,40,put apple into bowl,record_00.npz,
451,put_into_bowl,True,True,,False,71,105,False,False,99,160,0.02514,0.0351,0.01267,0.01037,0.01267,0.01267,0.0,0.0351,-0.0172,0.057,106,40,put apple into bowl,record_00.npz,
452,put_into_bowl,False,False,no_release,False,73,-1,True,False,142,160,0.02514,nan,nan,0.0051,nan,0.02388,nan,0.03658,-0.01589,0.057,160,40,put apple into bowl,record_00.npz,
453,put_into_bowl,True,True,,False,79,159,True,False,135,160,0.02514,0.03039,0.01678,0.00531,0.01678,0.01678,0.0,0.03039,-0.02227,0.057,160,40,put apple into bowl,record_00.npz,
454,put_into_bowl,True,True,,False,61,155,False,False,99,160,0.02514,0.03028,0.02048,0.00598,0.02048,0.02048,0.0,0.03028,-0.02278,0.057,156,40,put apple into bowl,record_00.npz,
455,put_into_bowl,True,True,,False,63,136,False,False,69,160,0.02514,0.06466,0.01533,0.00184,0.01636,0.01636,0.00104,0.04998,-0.00233,0.057,139,40,put apple into bowl,record_00.npz,
456,put_into_plate,True,True,,False,29,44,False,False,39,160,0.06113,0.07562,0.05014,0.04854,0.04854,0.04854,-0.00161,0.06209,-0.00036,0.091,47,40,put tomato on the plate,record_00.npz,
457,put_into_plate,True,True,,False,29,43,False,False,39,160,0.06113,0.06479,0.04655,0.04512,0.04512,0.04512,-0.00143,0.05822,-0.00428,0.091,45,40,put tomato on the plate,record_00.npz,
458,put_into_plate,True,True,,False,25,37,False,False,33,160,0.06113,0.06919,0.05471,0.05278,0.05278,0.05278,-0.00193,0.05615,-0.00635,0.091,40,40,put tomato on the plate,record_00.npz,
459,put_into_plate,True,True,,False,28,35,False,False,29,160,0.06113,0.04133,0.05565,0.05565,0.05565,0.05565,0.0,0.04133,-0.02103,0.091,36,40,put tomato on the plate,record_00.npz,
460,put_into_plate,True,True,,False,28,53,False,False,42,160,0.06113,0.0929,0.04486,0.0445,0.0445,0.0445,-0.00036,0.05933,-0.00317,0.091,57,40,put tomato on the plate,record_00.npz,
461,put_into_plate,True,True,,False,28,53,False,False,49,160,0.06113,0.08169,0.04346,0.04234,0.04234,0.04234,-0.00113,0.06122,-0.00141,0.091,56,40,put tomato on the plate,record_00.npz,
462,put_into_plate,True,True,,False,24,125,False,False,27,160,0.06113,0.04091,0.01831,0.01831,0.01831,0.01831,0.0,0.04091,-0.02201,0.091,126,40,put tomato on the plate,record_00.npz,
463,put_into_plate,True,True,,False,36,84,False,False,38,160,0.06113,0.04066,0.03834,0.03834,0.03834,0.03834,0.0,0.04066,-0.02479,0.091,85,40,put tomato on the plate,record_00.npz,
472,put_into_bowl,False,False,not_settled,False,22,65,True,True,45,160,0.05381,0.12315,0.05188,0.02383,nan,0.02383,-0.02805,0.04371,-0.00623,0.057,160,40,put potato into bowl,record_00.npz,
473,put_into_bowl,False,False,not_settled,False,27,51,True,True,35,160,0.05381,0.11043,0.011,0.00593,nan,0.04302,0.03201,0.033,-0.00956,0.057,160,40,put potato into bowl,record_00.npz,
474,put_into_bowl,True,True,,False,24,71,False,False,34,160,0.05381,0.14832,0.01815,0.00877,0.00877,0.00877,-0.00938,0.04059,-0.00937,0.057,83,40,put potato into bowl,record_00.npz,
475,put_into_bowl,True,True,,False,27,73,False,False,44,160,0.05381,0.125,0.0316,0.03001,0.03006,0.03006,-0.00154,0.0497,-0.00013,0.057,81,40,put potato into bowl,record_00.npz,
476,put_into_bowl,True,True,,False,27,59,False,False,33,160,0.05381,0.10706,0.0462,0.0393,0.0393,0.0393,-0.0069,0.04964,-0.00025,0.057,70,40,put potato into bowl,record_00.npz,
477,put_into_bowl,True,True,,False,26,60,False,False,34,160,0.05381,0.1083,0.02065,0.01251,0.01251,0.01251,-0.00814,0.04757,-0.00233,0.057,68,40,put potato into bowl,record_00.npz,
478,put_into_bowl,True,True,,False,27,68,False,False,30,160,0.05381,0.11233,0.01609,0.01596,0.01781,0.01781,0.00172,0.04977,-5e-05,0.057,77,40,put potato into bowl,record_00.npz,
479,put_into_bowl,False,False,xy_miss,False,24,76,False,False,47,160,0.05381,0.13403,0.03826,0.03237,0.06152,0.06152,0.02326,0.04729,-0.00261,0.057,86,40,put potato into bowl,record_00.npz,
480,put_into_plate,False,False,not_settled,False,14,48,True,False,46,160,0.0069,0.14193,0.03357,0.00676,nan,0.02154,-0.01203,0.04641,-0.02319,0.091,160,40,put apple on the plate,record_00.npz,
481,put_into_plate,True,True,,False,14,72,False,False,69,160,0.0069,0.12694,0.03565,0.00676,0.0381,0.0381,0.00245,0.05913,-0.00978,0.091,79,40,put apple on the plate,record_00.npz,
482,put_into_plate,True,True,,False,14,87,False,False,85,160,0.0069,0.11919,0.04088,0.00676,0.04058,0.04058,-0.00031,0.06014,-0.00873,0.091,94,40,put apple on the plate,record_00.npz,
483,put_into_plate,False,False,not_settled,False,13,39,True,False,35,160,0.0069,0.0789,0.00612,0.00497,nan,0.01886,0.01274,0.0464,-0.0232,0.091,160,40,put apple on the plate,record_00.npz,
484,put_into_plate,True,True,,False,15,58,False,False,56,160,0.0069,0.14208,0.04022,0.00676,0.0323,0.0323,-0.00792,0.0687,-0.00019,0.091,83,40,put apple on the plate,record_00.npz,
485,put_into_plate,False,False,not_settled,False,14,61,True,True,59,160,0.0069,0.11936,0.03502,0.00677,nan,0.01426,-0.02076,0.05914,-0.00978,0.091,160,40,put apple on the plate,record_00.npz,
486,put_into_plate,False,False,not_settled,False,14,60,True,True,57,160,0.0069,0.12964,0.03105,0.00676,nan,0.02844,-0.00261,0.04605,-0.02685,0.091,160,40,put apple on the plate,record_00.npz,
487,put_into_plate,True,True,,False,15,52,False,False,48,160,0.0069,0.12132,0.04042,0.00676,0.03055,0.03055,-0.00987,0.04614,-0.02557,0.091,111,40,put apple on the plate,record_00.npz,
488,put_into_plate,True,True,,False,82,103,False,False,98,160,0.06661,0.08966,0.02051,0.01664,0.01664,0.01664,-0.00387,0.05079,-0.01171,0.091,108,40,put tomato on the plate,record_00.npz,
489,put_into_plate,True,True,,False,20,34,False,False,28,160,0.06661,0.07182,0.07266,0.06334,0.07293,0.07293,0.00027,0.05397,-0.0085,0.091,37,40,put tomato on the plate,record_00.npz,
490,put_into_plate,True,True,,False,21,28,False,False,24,160,0.06661,0.0629,0.07551,0.06661,0.07623,0.07623,0.00072,0.05828,-0.0042,0.091,30,40,put tomato on the plate,record_00.npz,
491,put_into_plate,True,True,,False,45,79,False,False,65,160,0.06661,0.04024,0.03959,0.039,0.03959,0.03959,0.0,0.04024,-0.02444,0.091,80,40,put tomato on the plate,record_00.npz,
492,put_into_plate,False,False,no_grasp,False,-1,-1,True,False,-1,160,0.06661,nan,nan,0.06239,nan,0.06239,nan,0.04077,-0.02198,0.091,160,40,put tomato on the plate,record_00.npz,
493,put_into_plate,True,True,,False,20,38,False,False,33,160,0.06661,0.09189,0.07759,0.06564,0.08097,0.08097,0.00338,0.04883,-0.01359,0.091,43,40,put tomato on the plate,record_00.npz,
494,put_into_plate,True,True,,False,27,40,False,False,29,160,0.06661,0.04102,0.06834,0.06661,0.06834,0.06834,0.0,0.04102,-0.02164,0.091,41,40,put tomato on the plate,record_00.npz,
495,put_into_plate,True,True,,False,24,39,False,False,26,160,0.06661,0.04093,0.06928,0.06661,0.06928,0.06928,0.0,0.04093,-0.02193,0.091,40,40,put tomato on the plate,record_00.npz,
504,put_into_bowl,False,False,no_release,False,17,-1,False,False,36,160,0.10673,nan,nan,0.10673,nan,0.10938,nan,0.04804,-0.00157,0.057,42,40,put potato into bowl,record_00.npz,
505,put_into_bowl,False,False,no_release,False,24,-1,False,False,27,160,0.10674,nan,nan,0.10674,nan,0.11279,nan,0.00483,-0.04287,0.057,28,40,put potato into bowl,record_00.npz,
506,put_into_bowl,False,False,not_settled,False,17,114,True,False,110,160,0.10674,0.11511,0.05582,0.019,nan,0.019,-0.03682,0.03536,-0.01487,0.057,160,40,put potato into bowl,record_00.npz,
507,put_into_bowl,False,False,no_release,False,19,-1,False,False,21,160,0.10674,nan,nan,0.10674,nan,0.11178,nan,0.01022,-0.03954,0.057,22,40,put potato into bowl,record_00.npz,
508,put_into_bowl,False,False,no_release,False,18,-1,False,False,23,160,0.10673,nan,nan,0.10673,nan,0.11114,nan,0.00433,-0.04475,0.057,24,40,put potato into bowl,record_00.npz,
509,put_into_bowl,False,False,no_release,False,20,-1,False,False,31,160,0.10673,nan,nan,0.10673,nan,0.11136,nan,0.00507,-0.0431,0.057,32,40,put potato into bowl,record_00.npz,
510,put_into_bowl,True,True,,False,27,94,False,False,90,160,0.10673,0.0828,0.05058,0.03845,0.03845,0.03845,-0.01213,0.0457,-0.00414,0.057,99,40,put potato into bowl,record_00.npz,
511,put_into_bowl,False,False,no_release,False,18,-1,False,False,19,160,0.10674,nan,nan,0.10674,nan,0.11136,nan,0.00374,-0.04543,0.057,20,40,put potato into bowl,record_00.npz,
0,put_into_plate,True,True,,False,20,55,False,False,48,160,0.0084,0.08895,0.01698,0.00113,0.01501,0.01501,-0.00198,0.04617,-0.02565,0.091,110,40,put apple on the plate,record_01.npz,
1,put_into_plate,False,False,not_settled,False,22,51,True,False,38,160,0.0084,0.10416,0.02987,0.00104,nan,0.0213,-0.00857,0.0464,-0.0232,0.091,160,40,put apple on the plate,record_01.npz,
2,put_into_plate,True,True,,False,24,41,False,False,39,160,0.0084,0.10987,0.02632,0.00116,0.02491,0.02491,-0.0014,0.0464,-0.02319,0.091,106,40,put apple on the plate,record_01.npz,
3,put_into_plate,True,True,,False,20,95,False,False,37,160,0.0084,0.04641,0.01025,0.00026,0.01025,0.01025,0.0,0.04641,-0.02266,0.091,96,40,put apple on the plate,record_01.npz,
4,put_into_plate,True,True,,False,20,45,False,False,42,160,0.0084,0.11168,0.02677,0.00049,0.02867,0.02867,0.00189,0.04606,-0.02766,0.091,143,40,put apple on the plate,record_01.npz,
5,put_into_plate,True,True,,False,24,52,False,False,48,160,0.0084,0.11218,0.02555,0.00067,0.02887,0.02887,0.00332,0.04641,-0.02317,0.091,148,40,put apple on the plate,record_01.npz,
6,put_into_plate,False,False,not_settled,False,19,44,True,False,42,160,0.0084,0.1077,0.01814,0.00108,nan,0.04478,0.02664,0.0464,-0.023,0.091,160,40,put apple on the plate,record_01.npz,
7,put_into_plate,True,True,,False,24,102,False,False,54,160,0.0084,0.04626,0.02525,0.00171,0.02525,0.02525,0.0,0.04626,-0.02491,0.091,103,40,put apple on the plate,record_01.npz,
40,put_into_plate,False,False,no_release,False,20,-1,True,False,37,160,0.02673,nan,nan,0.0027,nan,0.06388,nan,0.04084,-0.02195,0.091,160,40,put tomato on the plate,record_01.npz,
41,put_into_plate,False,False,no_release,False,20,-1,True,False,41,160,0.02673,nan,nan,0.00647,nan,0.03985,nan,0.0409,-0.02215,0.091,160,40,put tomato on the plate,record_01.npz,
42,put_into_plate,True,True,,False,21,91,False,False,36,160,0.02673,0.04091,0.0396,0.00778,0.0396,0.0396,0.0,0.04091,-0.02213,0.091,92,40,put tomato on the plate,record_01.npz,
43,put_into_plate,True,True,,False,20,54,False,False,37,160,0.02673,0.04094,0.03524,0.00427,0.03524,0.03524,0.0,0.04094,-0.02194,0.091,55,40,put tomato on the plate,record_01.npz,
44,put_into_plate,False,False,no_release,False,19,-1,True,False,41,160,0.02673,nan,nan,0.0004,nan,0.05052,nan,0.04094,-0.02205,0.091,160,40,put tomato on the plate,record_01.npz,
45,put_into_plate,False,False,no_release,False,20,-1,True,False,34,160,0.02673,nan,nan,0.00185,nan,0.03085,nan,0.0409,-0.02216,0.091,160,40,put tomato on the plate,record_01.npz,
46,put_into_plate,False,False,no_release,False,19,-1,True,False,44,160,0.02673,nan,nan,0.00309,nan,0.06533,nan,0.04087,-0.02202,0.091,160,40,put tomato on the plate,record_01.npz,
47,put_into_plate,False,False,no_release,False,20,-1,True,False,40,160,0.02673,nan,nan,0.01073,nan,0.06051,nan,0.04098,-0.02183,0.091,160,40,put tomato on the plate,record_01.npz,
48,put_into_plate,False,False,not_settled,False,21,129,True,False,124,160,0.01767,0.11637,0.07456,0.01103,nan,0.06053,-0.01403,0.04094,-0.02173,0.091,160,40,put orange on the plate,record_01.npz,
49,put_into_plate,True,True,,False,20,105,False,False,100,160,0.01767,0.14402,0.05706,0.01113,0.05285,0.05285,-0.00421,0.05951,-0.00261,0.091,113,40,put orange on the plate,record_01.npz,
50,put_into_plate,True,True,,False,21,62,False,False,57,160,0.01767,0.05531,0.04431,0.01109,0.04431,0.04431,0.0,0.05531,-0.00688,0.091,63,40,put orange on the plate,record_01.npz,
51,put_into_plate,True,True,,False,20,89,False,False,67,160,0.01767,0.10743,0.04615,0.01113,0.04764,0.04764,0.00149,0.05514,-0.00704,0.091,95,40,put orange on the plate,record_01.npz,
52,put_into_plate,True,True,,False,24,125,False,False,121,160,0.01767,0.12579,0.04491,0.01105,0.03447,0.03447,-0.01044,0.048,-0.01416,0.091,132,40,put orange on the plate,record_01.npz,
53,put_into_plate,True,True,,False,21,146,False,False,99,160,0.01767,0.06621,0.05226,0.01119,0.05452,0.05452,0.00226,0.05472,-0.00744,0.091,148,40,put orange on the plate,record_01.npz,
54,put_into_plate,True,True,,False,22,55,False,False,47,160,0.01767,0.04073,0.05452,0.01121,0.05452,0.05452,0.0,0.04073,-0.02287,0.091,56,40,put orange on the plate,record_01.npz,
55,put_into_plate,True,True,,False,22,121,False,False,116,160,0.01767,0.10934,0.05545,0.01102,0.04295,0.04295,-0.0125,0.05254,-0.00965,0.091,127,40,put orange on the plate,record_01.npz,
64,put_into_bowl,False,False,no_release,False,36,-1,True,True,51,160,0.02522,nan,nan,0.01655,nan,0.08272,nan,0.06999,0.01767,0.057,160,40,put apple into bowl,record_01.npz,
65,put_into_bowl,False,False,not_settled,False,44,141,False,False,70,160,0.02522,0.15088,0.05661,0.01655,nan,0.06156,0.00495,0.04759,-0.00491,0.057,151,40,put apple into bowl,record_01.npz,
66,put_into_bowl,True,True,,False,42,59,False,False,55,160,0.02523,0.0562,0.02184,0.01657,0.02692,0.02692,0.00507,0.0359,-0.01641,0.057,73,40,put apple into bowl,record_01.npz,
67,put_into_bowl,False,False,no_release,False,37,-1,True,True,138,160,0.02523,nan,nan,0.01657,nan,0.05281,nan,0.1052,0.05289,0.057,160,40,put apple into bowl,record_01.npz,
68,put_into_bowl,True,True,,False,38,113,False,False,110,160,0.02523,0.06951,0.01562,0.01249,0.01249,0.01249,-0.00313,0.04296,-0.00935,0.057,117,40,put apple into bowl,record_01.npz,
69,put_into_bowl,False,False,no_release,False,60,-1,True,True,-1,160,0.02522,nan,nan,0.01656,nan,0.09301,nan,0.14845,0.09613,0.057,160,40,put apple into bowl,record_01.npz,
70,put_into_bowl,False,False,no_release,False,32,-1,True,True,107,160,0.02523,nan,nan,0.01658,nan,0.0735,nan,0.07745,0.02514,0.057,160,40,put apple into bowl,record_01.npz,
71,put_into_bowl,False,False,no_release,False,38,-1,True,True,-1,160,0.02523,nan,nan,0.01658,nan,0.02509,nan,0.11789,0.06558,0.057,160,40,put apple into bowl,record_01.npz,
72,put_into_plate,False,False,no_grasp,False,-1,-1,True,False,-1,160,0.02158,nan,nan,0.01731,nan,0.03,nan,0.04088,-0.0229,0.091,160,40,put tomato on the plate,record_01.npz,
73,put_into_plate,False,False,no_grasp,False,-1,-1,True,False,-1,160,0.02158,nan,nan,0.01523,nan,0.02786,nan,0.04096,-0.02203,0.091,160,40,put tomato on the plate,record_01.npz,
74,put_into_plate,True,True,,False,87,127,False,False,89,160,0.02158,0.07497,0.01983,0.01508,0.02264,0.02264,0.00281,0.0542,-0.00825,0.091,130,40,put tomato on the plate,record_01.npz,
75,put_into_plate,True,True,,False,34,43,False,False,39,160,0.02158,0.03947,0.02809,0.01501,0.02809,0.02809,0.0,0.03947,-0.02336,0.091,44,40,put tomato on the plate,record_01.npz,
76,put_into_plate,True,True,,False,47,54,False,False,49,160,0.02158,0.04078,0.01424,0.01419,0.01424,0.01424,0.0,0.04078,-0.02269,0.091,55,40,put tomato on the plate,record_01.npz,
77,put_into_plate,True,True,,False,36,45,False,False,37,160,0.02158,0.04099,0.01983,0.01762,0.01983,0.01983,0.0,0.04099,-0.02249,0.091,46,40,put tomato on the plate,record_01.npz,
78,put_into_plate,True,True,,False,43,51,False,False,46,160,0.02158,0.04453,0.02693,0.01333,0.02693,0.02693,0.0,0.04453,-0.01796,0.091,52,40,put tomato on the plate,record_01.npz,
79,put_into_plate,False,False,no_grasp,False,-1,-1,True,False,-1,160,0.02158,nan,nan,0.01397,nan,0.01418,nan,0.04087,-0.02306,0.091,160,40,put tomato on the plate,record_01.npz,
112,put_into_plate,False,False,no_release,False,21,-1,False,False,28,160,0.07327,nan,nan,0.07143,nan,0.09231,nan,0.05481,-0.0073,0.091,29,40,put orange on the plate,record_01.npz,
113,put_into_plate,True,True,,False,26,52,False,False,47,160,0.07327,0.06229,0.07402,0.07146,0.07337,0.07337,-0.00065,0.05163,-0.01055,0.091,54,40,put orange on the plate,record_01.npz,
114,put_into_plate,False,False,no_release,False,20,-1,False,False,30,160,0.07327,nan,nan,0.07138,nan,0.09505,nan,0.04828,-0.01386,0.091,31,40,put orange on the plate,record_01.npz,
115,put_into_plate,False,False,no_release,False,28,-1,False,False,35,160,0.07327,nan,nan,0.07142,nan,0.09255,nan,0.04043,-0.02175,0.091,36,40,put orange on the plate,record_01.npz,
116,put_into_plate,False,False,no_release,False,20,-1,False,False,28,160,0.07327,nan,nan,0.07141,nan,0.0911,nan,0.05543,-0.00669,0.091,30,40,put orange on the plate,record_01.npz,
117,put_into_plate,False,False,no_release,False,23,-1,False,False,29,160,0.07327,nan,nan,0.07132,nan,0.0948,nan,0.04634,-0.01572,0.091,30,40,put orange on the plate,record_01.npz,
118,put_into_plate,False,False,no_release,False,23,-1,False,False,42,160,0.07327,nan,nan,0.07148,nan,0.10543,nan,0.03752,-0.02463,0.091,43,40,put orange on the plate,record_01.npz,
119,put_into_plate,True,True,,False,20,30,False,False,22,160,0.07327,0.04098,0.07877,0.07138,0.07877,0.07877,0.0,0.04098,-0.02146,0.091,31,40,put orange on the plate,record_01.npz,
136,put_into_plate,False,False,no_release,False,147,-1,True,False,152,160,0.01412,nan,nan,0.00979,nan,0.05891,nan,0.04087,-0.02249,0.091,160,40,put tomato on the plate,record_01.npz,
137,put_into_plate,True,True,,False,60,69,False,False,63,160,0.01412,0.04005,0.02979,0.01387,0.02979,0.02979,0.0,0.04005,-0.02315,0.091,70,40,put tomato on the plate,record_01.npz,
138,put_into_plate,False,False,no_release,False,79,-1,True,False,93,160,0.01412,nan,nan,0.01386,nan,0.05071,nan,0.04064,-0.02326,0.091,160,40,put tomato on the plate,record_01.npz,
139,put_into_plate,True,True,,False,70,82,False,False,73,160,0.01412,0.04083,0.00854,0.00735,0.00854,0.00854,0.0,0.04083,-0.02299,0.091,83,40,put tomato on the plate,record_01.npz,
140,put_into_plate,True,True,,False,103,123,False,False,118,160,0.01412,0.07183,0.0203,0.01386,0.01777,0.01777,-0.00254,0.05675,-0.00574,0.091,126,40,put tomato on the plate,record_01.npz,
141,put_into_plate,True,True,,False,22,34,False,False,29,160,0.01412,0.05436,0.02063,0.01324,0.02063,0.02063,0.0,0.05436,-0.00791,0.091,35,40,put tomato on the plate,record_01.npz,
142,put_into_plate,True,True,,False,44,52,False,False,45,160,0.01412,0.04092,0.02075,0.01304,0.02075,0.02075,0.0,0.04092,-0.02205,0.091,53,40,put tomato on the plate,record_01.npz,
143,put_into_plate,True,True,,False,59,80,False,False,72,160,0.01412,0.07169,0.04253,0.01387,0.03985,0.03985,-0.00267,0.05956,-0.00294,0.091,83,40,put tomato on the plate,record_01.npz,
144,put_into_plate,True,True,,False,26,57,False,False,30,160,0.07072,0.04093,0.05856,0.05856,0.05856,0.05856,0.0,0.04093,-0.02169,0.091,58,40,put orange on the plate,record_01.npz,
145,put_into_plate,True,True,,False,17,47,False,False,42,160,0.07072,0.09331,0.04417,0.03839,0.03839,0.03839,-0.00579,0.05152,-0.01065,0.091,52,40,put orange on the plate,record_01.npz,
146,put_into_plate,True,True,,False,19,60,False,False,56,160,0.07072,0.14345,0.0599,0.04897,0.07727,0.07727,0.01737,0.05952,-0.00261,0.091,67,40,put orange on the plate,record_01.npz,
147,put_into_plate,True,True,,False,26,101,False,False,50,160,0.07072,0.16825,0.06353,0.03811,0.03811,0.03811,-0.02543,0.0441,-0.01807,0.091,112,40,put orange on the plate,record_01.npz,
148,put_into_plate,True,True,,False,42,64,False,False,60,160,0.07072,0.08705,0.05466,0.05315,0.05315,0.05315,-0.00152,0.05932,-0.00286,0.091,69,40,put orange on the plate,record_01.npz,
149,put_into_plate,True,True,,False,22,51,False,False,47,160,0.07072,0.15237,0.03555,0.03549,0.05299,0.05299,0.01745,0.04879,-0.0134,0.091,61,40,put orange on the plate,record_01.npz,
150,put_into_plate,True,True,,False,38,67,False,False,49,160,0.07072,0.04092,0.06421,0.05925,0.06421,0.06421,0.0,0.04092,-0.02155,0.091,68,40,put orange on the plate,record_01.npz,
151,put_into_plate,True,True,,False,21,45,False,False,41,160,0.07072,0.13414,0.0559,0.04815,0.04815,0.04815,-0.00775,0.06049,-0.00169,0.091,53,40,put orange on the plate,record_01.npz,
160,put_into_plate,False,False,no_release,False,22,-1,True,False,63,160,0.07193,nan,nan,0.02107,nan,0.06004,nan,0.04647,-0.02284,0.091,160,40,put apple on the plate,record_01.npz,
161,put_into_plate,False,False,no_release,False,27,-1,True,False,55,160,0.07193,nan,nan,0.04339,nan,0.0667,nan,0.04649,-0.02287,0.091,160,40,put apple on the plate,record_01.npz,
162,put_into_plate,False,False,no_grasp,False,-1,-1,True,False,-1,160,0.07193,nan,nan,0.04532,nan,0.04532,nan,0.0465,-0.0229,0.091,160,40,put apple on the plate,record_01.npz,
163,put_into_plate,True,True,,False,20,40,False,False,38,160,0.07193,0.06291,0.0625,0.0625,0.0625,0.0625,0.0,0.06291,-0.00591,0.091,41,40,put apple on the plate,record_01.npz,
164,put_into_plate,False,False,no_grasp,False,-1,-1,True,False,-1,160,0.07193,nan,nan,0.04089,nan,0.04089,nan,0.04649,-0.02286,0.091,160,40,put apple on the plate,record_01.npz,
165,put_into_plate,False,False,no_grasp,False,-1,-1,True,False,-1,160,0.07193,nan,nan,0.04567,nan,0.04567,nan,0.04641,-0.02295,0.091,160,40,put apple on the plate,record_01.npz,
166,put_into_plate,False,False,no_release,False,41,-1,True,False,48,160,0.07193,nan,nan,0.03375,nan,0.03375,nan,0.04644,-0.02301,0.091,160,40,put apple on the plate,record_01.npz,
167,put_into_plate,False,False,no_release,False,33,-1,True,False,63,160,0.07193,nan,nan,0.03425,nan,0.03425,nan,0.04645,-0.0229,0.091,160,40,put apple on the plate,record_01.npz,
168,put_into_bowl,False,False,no_release,False,18,-1,False,False,19,160,0.10031,nan,nan,0.10031,nan,0.11047,nan,0.03542,-0.0104,0.057,20,40,put tomato into bowl,record_01.npz,
169,put_into_bowl,False,False,no_release,False,17,-1,False,False,20,160,0.10031,nan,nan,0.10031,nan,0.10658,nan,0.03684,-0.009,0.057,21,40,put tomato into bowl,record_01.npz,
170,put_into_bowl,False,False,xy_miss,False,17,30,False,False,25,160,0.10031,0.05522,0.12768,0.10031,0.13315,0.13315,0.00547,0.03814,-0.00775,0.057,33,40,put tomato into bowl,record_01.npz,
171,put_into_bowl,False,False,no_release,False,22,-1,False,False,52,160,0.1003,nan,nan,0.1003,nan,0.1838,nan,0.0285,-0.01739,0.057,53,40,put tomato into bowl,record_01.npz,
172,put_into_bowl,False,False,no_release,False,28,-1,False,False,37,160,0.10031,nan,nan,0.10031,nan,0.13244,nan,0.04016,-0.00573,0.057,38,40,put tomato into bowl,record_01.npz,
173,put_into_bowl,False,False,no_release,False,34,-1,False,False,40,160,0.10031,nan,nan,0.10031,nan,0.11362,nan,0.02504,-0.02086,0.057,41,40,put tomato into bowl,record_01.npz,
174,put_into_bowl,False,False,no_release,False,17,-1,False,False,23,160,0.10031,nan,nan,0.10031,nan,0.12003,nan,0.04441,-0.00146,0.057,24,40,put tomato into bowl,record_01.npz,
175,put_into_bowl,False,False,no_grasp,False,-1,-1,True,False,-1,160,0.10031,nan,nan,0.09749,nan,0.10092,nan,0.00369,-0.0422,0.057,160,40,put tomato into bowl,record_01.npz,
176,put_into_bowl,False,False,no_grasp,False,-1,-1,True,False,-1,160,0.09365,nan,nan,0.09141,nan,0.09426,nan,0.01949,-0.04192,0.057,160,40,put orange into bowl,record_01.npz,
177,put_into_bowl,False,False,no_grasp,False,-1,-1,True,False,-1,160,0.09364,nan,nan,0.09127,nan,0.09166,nan,0.00366,-0.04189,0.057,160,40,put orange into bowl,record_01.npz,
178,put_into_bowl,False,False,no_grasp,False,-1,-1,True,False,-1,160,0.09365,nan,nan,0.08229,nan,0.08439,nan,0.02692,-0.04215,0.057,160,40,put orange into bowl,record_01.npz,
179,put_into_bowl,False,False,no_grasp,False,-1,-1,True,False,-1,160,0.09364,nan,nan,0.07948,nan,0.08099,nan,0.02235,-0.04192,0.057,160,40,put orange into bowl,record_01.npz,
180,put_into_bowl,False,False,no_grasp,False,-1,-1,True,False,-1,160,0.09365,nan,nan,0.09266,nan,0.09565,nan,0.0037,-0.04189,0.057,160,40,put orange into bowl,record_01.npz,
181,put_into_bowl,False,False,no_grasp,False,-1,-1,True,False,-1,160,0.09365,nan,nan,0.07907,nan,0.08409,nan,0.02195,-0.04221,0.057,160,40,put orange into bowl,record_01.npz,
182,put_into_bowl,False,False,no_grasp,False,-1,-1,True,False,-1,160,0.09365,nan,nan,0.08585,nan,0.0874,nan,0.01929,-0.04192,0.057,160,40,put orange into bowl,record_01.npz,
183,put_into_bowl,False,False,no_grasp,False,-1,-1,True,False,-1,160,0.09365,nan,nan,0.06477,nan,0.06477,nan,0.03115,-0.04192,0.057,160,40,put orange into bowl,record_01.npz,
192,put_into_plate,True,True,,False,20,82,False,False,55,160,0.00715,0.0464,0.06485,0.00715,0.06485,0.06485,0.0,0.0464,-0.0229,0.091,83,40,put apple on the plate,record_01.npz,
193,put_into_plate,False,False,no_release,False,21,-1,False,False,64,160,0.00715,nan,nan,0.00715,nan,0.09105,nan,0.04657,-0.02309,0.091,78,40,put apple on the plate,record_01.npz,
194,put_into_plate,True,True,,False,23,121,False,False,65,160,0.00715,0.04613,0.08271,0.00715,0.08271,0.08271,0.0,0.04613,-0.02382,0.091,122,40,put apple on the plate,record_01.npz,
195,put_into_plate,True,True,,False,19,95,False,False,90,160,0.00715,0.07649,0.04525,0.00715,0.04651,0.04651,0.00126,0.064,-0.00482,0.091,97,40,put apple on the plate,record_01.npz,
196,put_into_plate,False,False,no_release,False,21,-1,False,False,79,160,0.00715,nan,nan,0.00715,nan,0.0935,nan,0.06544,-0.00344,0.091,90,40,put apple on the plate,record_01.npz,
197,put_into_plate,True,True,,False,19,91,False,False,57,160,0.00715,0.04641,0.07759,0.00715,0.07759,0.07759,0.0,0.04641,-0.02277,0.091,92,40,put apple on the plate,record_01.npz,
198,put_into_plate,True,True,,False,19,108,False,False,78,160,0.00715,0.04641,0.04153,0.00715,0.04153,0.04153,0.0,0.04641,-0.02297,0.091,109,40,put apple on the plate,record_01.npz,
199,put_into_plate,False,False,no_release,False,21,-1,True,False,56,160,0.00715,nan,nan,0.00715,nan,0.05579,nan,0.04653,-0.0228,0.091,160,40,put apple on the plate,record_01.npz,
200,put_into_bowl,False,False,no_grasp,False,-1,-1,True,False,-1,160,0.08407,nan,nan,0.08407,nan,0.10309,nan,0.0037,-0.0422,0.057,160,40,put tomato into bowl,record_01.npz,
201,put_into_bowl,False,False,no_grasp,False,-1,-1,True,False,-1,160,0.08408,nan,nan,0.08408,nan,0.11711,nan,0.00369,-0.0422,0.057,160,40,put tomato into bowl,record_01.npz,
202,put_into_bowl,False,False,no_grasp,False,-1,-1,True,False,-1,160,0.08408,nan,nan,0.08408,nan,0.09491,nan,0.0037,-0.0422,0.057,160,40,put tomato into bowl,record_01.npz,
203,put_into_bowl,False,False,no_grasp,False,-1,-1,True,False,-1,160,0.08407,nan,nan,0.08407,nan,0.10515,nan,0.00369,-0.0422,0.057,160,40,put tomato into bowl,record_01.npz,
204,put_into_bowl,False,False,no_grasp,False,-1,-1,True,False,-1,160,0.08407,nan,nan,0.08407,nan,0.09395,nan,0.00369,-0.0422,0.057,160,40,put tomato into bowl,record_01.npz,
205,put_into_bowl,False,False,no_grasp,False,-1,-1,True,False,-1,160,0.08408,nan,nan,0.08168,nan,0.10173,nan,0.00369,-0.0422,0.057,160,40,put tomato into bowl,record_01.npz,
206,put_into_bowl,False,False,no_grasp,False,-1,-1,True,False,-1,160,0.08408,nan,nan,0.08408,nan,0.11292,nan,0.00369,-0.0422,0.057,160,40,put tomato into bowl,record_01.npz,
207,put_into_bowl,False,False,no_grasp,False,-1,-1,True,False,-1,160,0.08408,nan,nan,0.08408,nan,0.11218,nan,0.0037,-0.0422,0.057,160,40,put tomato into bowl,record_01.npz,
208,put_into_bowl,False,False,no_release,False,96,-1,True,True,148,160,0.02396,nan,nan,0.00305,nan,0.00415,nan,0.02451,-0.02397,0.057,160,40,put orange into bowl,record_01.npz,
209,put_into_bowl,True,True,,False,25,58,False,False,53,160,0.02395,0.02451,0.01957,0.01199,0.01957,0.01957,0.0,0.02451,-0.02112,0.057,59,40,put orange into bowl,record_01.npz,
210,put_into_bowl,True,True,,False,47,73,False,False,61,160,0.02396,0.02437,0.02606,0.01814,0.02606,0.02606,0.0,0.02437,-0.02173,0.057,74,40,put orange into bowl,record_01.npz,
211,put_into_bowl,True,True,,False,40,64,False,False,56,160,0.02395,0.02362,0.01531,0.00104,0.01531,0.01531,0.0,0.02362,-0.02265,0.057,65,40,put orange into bowl,record_01.npz,
212,put_into_bowl,True,True,,False,48,82,False,False,50,160,0.02396,0.02455,0.02863,0.0178,0.02863,0.02863,0.0,0.02455,-0.01941,0.057,83,40,put orange into bowl,record_01.npz,
213,put_into_bowl,True,True,,False,35,67,False,False,62,160,0.02396,0.05893,0.02294,0.01117,0.02104,0.02104,-0.0019,0.02388,-0.02248,0.057,133,40,put orange into bowl,record_01.npz,
214,put_into_bowl,True,True,,False,35,153,False,False,38,160,0.02395,0.02492,0.01986,0.00537,0.01986,0.01986,0.0,0.02492,-0.02035,0.057,154,40,put orange into bowl,record_01.npz,
215,put_into_bowl,False,False,no_release,False,91,-1,True,False,95,160,0.02396,nan,nan,0.01501,nan,0.01917,nan,0.0253,-0.02058,0.057,160,40,put orange into bowl,record_01.npz,
224,put_into_plate,True,True,,False,16,32,False,False,30,160,0.00775,0.10584,0.02906,0.00775,0.036,0.036,0.00693,0.06796,-0.00093,0.091,39,40,put apple on the plate,record_01.npz,
225,put_into_plate,True,True,,False,16,32,False,False,30,160,0.00775,0.10718,0.03495,0.00775,0.04915,0.04915,0.01419,0.06197,-0.00691,0.091,41,40,put apple on the plate,record_01.npz,
226,put_into_plate,True,True,,False,15,38,False,False,36,160,0.00775,0.11566,0.02658,0.00775,0.04451,0.04451,0.01793,0.06222,-0.00669,0.091,47,40,put apple on the plate,record_01.npz,
227,put_into_plate,True,True,,False,16,46,False,False,44,160,0.00775,0.10683,0.04258,0.00775,0.04799,0.04799,0.00541,0.05958,-0.00932,0.091,53,40,put apple on the plate,record_01.npz,
228,put_into_plate,True,True,,False,16,37,False,False,23,160,0.00775,0.11206,0.02695,0.00775,0.03101,0.03101,0.00406,0.05779,-0.01112,0.091,46,40,put apple on the plate,record_01.npz,
229,put_into_plate,True,True,,False,15,37,False,False,34,160,0.00775,0.07538,0.02062,0.00775,0.02202,0.02202,0.0014,0.06395,-0.00495,0.091,41,40,put apple on the plate,record_01.npz,
230,put_into_plate,True,True,,False,16,26,False,False,24,160,0.00775,0.09813,0.02271,0.00775,0.02839,0.02839,0.00568,0.06452,-0.0044,0.091,33,40,put apple on the plate,record_01.npz,
231,put_into_plate,True,True,,False,15,39,False,False,37,160,0.00775,0.12661,0.03032,0.00775,0.03983,0.03983,0.00951,0.06285,-0.00604,0.091,47,40,put apple on the plate,record_01.npz,
248,put_into_plate,False,False,xy_miss,False,31,55,False,False,44,160,0.00717,0.09848,0.10579,0.00717,0.10673,0.10673,0.00094,0.05331,-0.01311,0.091,71,40,put potato on the plate,record_01.npz,
249,put_into_plate,False,False,xy_miss,False,33,41,False,False,36,160,0.00717,0.09644,0.05037,0.00717,0.09186,0.09186,0.04149,0.04679,-0.01963,0.091,66,40,put potato on the plate,record_01.npz,
250,put_into_plate,False,False,no_grasp,False,-1,-1,True,False,-1,160,0.00717,nan,nan,0.00717,nan,0.13092,nan,0.02032,-0.04611,0.091,160,40,put potato on the plate,record_01.npz,
251,put_into_plate,False,False,no_grasp,False,-1,-1,True,False,-1,160,0.00717,nan,nan,0.00717,nan,0.04606,nan,0.04059,-0.02638,0.091,160,40,put potato on the plate,record_01.npz,
252,put_into_plate,False,False,xy_miss,False,22,53,False,False,23,160,0.00717,0.11449,0.10329,0.00717,0.13842,0.13842,0.03514,0.05496,-0.01144,0.091,74,40,put potato on the plate,record_01.npz,
253,put_into_plate,False,False,not_settled,False,24,68,False,False,25,160,0.00717,0.07712,0.12394,0.00717,nan,0.12249,-0.00145,0.05959,-0.00683,0.091,70,40,put potato on the plate,record_01.npz,
254,put_into_plate,False,False,no_grasp,False,-1,-1,True,False,-1,160,0.00717,nan,nan,0.00717,nan,0.12977,nan,0.02032,-0.04611,0.091,160,40,put potato on the plate,record_01.npz,
255,put_into_plate,False,False,xy_miss,False,32,59,False,False,44,160,0.00717,0.10816,0.08529,0.00717,0.09501,0.09501,0.00972,0.05297,-0.01341,0.091,78,40,put potato on the plate,record_01.npz,
256,put_into_bowl,False,False,no_release,False,15,-1,False,False,31,160,0.08596,nan,nan,0.08596,nan,0.26932,nan,0.03544,-0.01688,0.057,32,40,put apple into bowl,record_01.npz,
257,put_into_bowl,False,False,no_release,False,15,-1,False,False,31,160,0.08596,nan,nan,0.08596,nan,0.27158,nan,0.02994,-0.02236,0.057,32,40,put apple into bowl,record_01.npz,
258,put_into_bowl,False,False,no_release,False,19,-1,False,False,27,160,0.08595,nan,nan,0.08595,nan,0.26679,nan,0.01339,-0.03892,0.057,28,40,put apple into bowl,record_01.npz,
259,put_into_bowl,False,False,no_release,False,14,-1,False,False,38,160,0.08632,nan,nan,0.08632,nan,0.25813,nan,0.02961,-0.0227,0.057,39,40,put apple into bowl,record_01.npz,
260,put_into_bowl,False,False,no_release,False,14,-1,False,False,41,160,0.08632,nan,nan,0.08632,nan,0.26255,nan,0.0273,-0.02501,0.057,42,40,put apple into bowl,record_01.npz,
261,put_into_bowl,False,False,no_release,False,18,-1,False,False,27,160,0.08596,nan,nan,0.08596,nan,0.27051,nan,0.0289,-0.02342,0.057,28,40,put apple into bowl,record_01.npz,
262,put_into_bowl,False,False,no_release,False,18,-1,False,False,29,160,0.08596,nan,nan,0.08596,nan,0.25933,nan,0.04386,-0.00845,0.057,30,40,put apple into bowl,record_01.npz,
263,put_into_bowl,False,False,no_release,False,15,-1,False,False,37,160,0.08632,nan,nan,0.08632,nan,0.25263,nan,0.03096,-0.02134,0.057,38,40,put apple into bowl,record_01.npz,
264,put_into_bowl,False,False,not_settled,False,16,52,True,False,48,160,0.08677,0.04696,0.07616,0.07328,nan,0.07328,-0.00288,0.0469,0.00096,0.057,160,40,put tomato into bowl,record_01.npz,
265,put_into_bowl,False,False,no_release,False,16,-1,False,False,46,160,0.08677,nan,nan,0.08677,nan,0.09516,nan,0.03236,-0.01323,0.057,47,40,put tomato into bowl,record_01.npz,
266,put_into_bowl,False,False,no_release,False,16,-1,False,False,27,160,0.08677,nan,nan,0.08677,nan,0.10463,nan,0.02909,-0.01681,0.057,28,40,put tomato into bowl,record_01.npz,
267,put_into_bowl,False,False,no_release,False,16,-1,False,False,41,160,0.08677,nan,nan,0.08677,nan,0.10671,nan,0.01096,-0.03494,0.057,42,40,put tomato into bowl,record_01.npz,
268,put_into_bowl,False,False,xy_miss,False,15,62,False,False,53,160,0.08677,0.04476,0.07207,0.07207,0.07207,0.07207,0.0,0.04476,-0.00087,0.057,63,40,put tomato into bowl,record_01.npz,
269,put_into_bowl,False,False,xy_miss,False,16,49,False,False,45,160,0.08677,0.04438,0.09563,0.08677,0.09563,0.09563,0.0,0.04438,-0.00151,0.057,50,40,put tomato into bowl,record_01.npz,
270,put_into_bowl,False,False,not_settled,False,16,48,True,False,44,160,0.08677,0.04652,0.07434,0.07128,nan,0.07128,-0.00306,0.04692,0.00095,0.057,160,40,put tomato into bowl,record_01.npz,
271,put_into_bowl,False,False,no_release,False,15,-1,False,False,35,160,0.08677,nan,nan,0.08042,nan,0.08042,nan,0.0452,-0.0007,0.057,36,40,put tomato into bowl,record_01.npz,
280,put_into_bowl,False,False,no_release,False,144,-1,False,False,157,160,0.1039,nan,nan,0.1039,nan,0.20653,nan,0.00344,-0.04639,0.057,158,40,put potato into bowl,record_01.npz,
281,put_into_bowl,False,False,no_release,False,122,-1,False,False,152,160,0.1039,nan,nan,0.1039,nan,0.20457,nan,0.00342,-0.04641,0.057,153,40,put potato into bowl,record_01.npz,
282,put_into_bowl,False,False,no_grasp,False,-1,-1,True,False,-1,160,0.1039,nan,nan,0.1039,nan,0.20743,nan,0.00373,-0.04611,0.057,160,40,put potato into bowl,record_01.npz,
283,put_into_bowl,False,False,no_release,False,137,-1,False,False,142,160,0.10391,nan,nan,0.10391,nan,0.20644,nan,0.00345,-0.04638,0.057,143,40,put potato into bowl,record_01.npz,
284,put_into_bowl,False,False,no_grasp,False,-1,-1,True,False,-1,160,0.1039,nan,nan,0.1039,nan,0.20669,nan,0.00341,-0.04646,0.057,160,40,put potato into bowl,record_01.npz,
285,put_into_bowl,False,False,no_release,False,108,-1,False,False,134,160,0.1039,nan,nan,0.1039,nan,0.20324,nan,0.00338,-0.04645,0.057,135,40,put potato into bowl,record_01.npz,
286,put_into_bowl,False,False,no_release,False,119,-1,False,False,129,160,0.1039,nan,nan,0.1039,nan,0.20826,nan,0.0035,-0.04633,0.057,130,40,put potato into bowl,record_01.npz,
287,put_into_bowl,False,False,no_release,False,125,-1,False,False,129,160,0.1039,nan,nan,0.1039,nan,0.20711,nan,0.00347,-0.04636,0.057,130,40,put potato into bowl,record_01.npz,
288,put_into_plate,True,True,,False,30,58,False,False,56,160,0.06146,0.04981,0.078,0.05775,0.078,0.078,0.0,0.04981,-0.01901,0.091,59,40,put apple on the plate,record_01.npz,
289,put_into_plate,True,True,,False,24,44,False,False,42,160,0.06146,0.09042,0.03457,0.02945,0.02945,0.02945,-0.00512,0.06455,-0.00435,0.091,48,40,put apple on the plate,record_01.npz,
290,put_into_plate,False,False,not_settled,False,30,66,True,False,63,160,0.06146,0.10706,0.04773,0.03431,nan,0.03796,-0.00977,0.04565,-0.03168,0.091,160,40,put apple on the plate,record_01.npz,
291,put_into_plate,True,True,,False,44,94,False,False,53,160,0.06146,0.046,0.04357,0.03964,0.04357,0.04357,0.0,0.046,-0.02602,0.091,95,40,put apple on the plate,record_01.npz,
292,put_into_plate,True,True,,False,31,47,False,False,45,160,0.06146,0.07902,0.05355,0.03939,0.03939,0.03939,-0.01415,0.04635,-0.023,0.091,69,40,put apple on the plate,record_01.npz,
293,put_into_plate,True,True,,False,23,42,False,False,40,160,0.06146,0.08325,0.05082,0.04975,0.05274,0.05274,0.00192,0.06211,-0.00671,0.091,46,40,put apple on the plate,record_01.npz,
294,put_into_plate,True,True,,False,37,69,False,False,67,160,0.06146,0.08256,0.02937,0.02626,0.03109,0.03109,0.00172,0.067,-0.00186,0.091,72,40,put apple on the plate,record_01.npz,
295,put_into_plate,True,True,,False,56,63,False,False,58,160,0.06146,0.04644,0.0497,0.04686,0.0497,0.0497,0.0,0.04644,-0.02299,0.091,64,40,put apple on the plate,record_01.npz,
344,put_into_plate,True,True,,False,30,136,False,False,132,160,0.09337,0.05192,0.03143,0.03143,0.03143,0.03143,0.0,0.05192,-0.0145,0.091,137,40,put potato on the plate,record_01.npz,
345,put_into_plate,True,True,,False,20,105,False,False,100,160,0.09337,0.10459,0.0352,0.03383,0.03383,0.03383,-0.00137,0.06614,-0.00029,0.091,109,40,put potato on the plate,record_01.npz,
346,put_into_plate,False,False,xy_miss,False,21,147,False,False,143,160,0.09337,0.07898,0.11589,0.0578,0.12141,0.12141,0.00552,0.06057,-0.00585,0.091,150,40,put potato on the plate,record_01.npz,
347,put_into_plate,True,True,,False,23,138,False,False,125,160,0.09337,0.14901,0.03735,0.03408,0.03443,0.03443,-0.00291,0.03775,-0.03006,0.091,150,40,put potato on the plate,record_01.npz,
348,put_into_plate,False,False,not_settled,False,27,127,True,False,119,160,0.09337,0.07943,0.03641,0.0294,nan,0.03193,-0.00449,0.04056,-0.02647,0.091,160,40,put potato on the plate,record_01.npz,
349,put_into_plate,False,False,no_release,False,21,-1,True,True,-1,160,0.09337,nan,nan,0.06969,nan,0.1719,nan,0.26302,0.19661,0.091,160,40,put potato on the plate,record_01.npz,
350,put_into_plate,False,False,xy_miss,False,22,149,False,False,143,160,0.09337,0.14535,0.09821,0.04284,0.12109,0.12109,0.02288,0.06248,-0.00396,0.091,157,40,put potato on the plate,record_01.npz,
351,put_into_plate,False,False,not_settled,False,23,112,False,False,105,160,0.09337,0.15116,0.18946,0.07175,nan,0.20508,0.01562,0.05515,-0.01129,0.091,119,40,put potato on the plate,record_01.npz,
352,put_into_bowl,False,False,xy_miss,False,11,59,False,False,57,160,0.09406,0.11827,0.08549,0.081,0.08107,0.08107,-0.00442,0.04733,-0.00497,0.057,67,40,put apple into bowl,record_01.npz,
353,put_into_bowl,False,False,xy_miss,False,11,44,False,False,41,160,0.09406,0.14282,0.078,0.0778,0.08359,0.08359,0.00559,0.04635,-0.00611,0.057,53,40,put apple into bowl,record_01.npz,
354,put_into_bowl,False,False,not_settled,False,11,59,False,False,56,160,0.09406,0.146,0.09455,0.09406,nan,0.10237,0.00782,0.04897,-0.00334,0.057,67,40,put apple into bowl,record_01.npz,
355,put_into_bowl,False,False,xy_miss,False,11,82,False,False,63,160,0.09406,0.11767,0.08465,0.07648,0.07648,0.07648,-0.00817,0.04501,-0.0075,0.057,90,40,put apple into bowl,record_01.npz,
356,put_into_bowl,False,False,xy_miss,False,11,60,False,False,57,160,0.09406,0.16797,0.10293,0.09406,0.10639,0.10639,0.00346,0.036,-0.01632,0.057,72,40,put apple into bowl,record_01.npz,
357,put_into_bowl,False,False,xy_miss,False,11,51,False,False,48,160,0.09406,0.15027,0.06991,0.06669,0.06995,0.06995,3e-05,0.04611,-0.00673,0.057,60,40,put apple into bowl,record_01.npz,
358,put_into_bowl,False,False,xy_miss,False,11,51,False,False,49,160,0.09406,0.14301,0.08861,0.08068,0.08095,0.08095,-0.00766,0.0456,-0.00499,0.057,60,40,put apple into bowl,record_01.npz,
359,put_into_bowl,False,False,xy_miss,False,11,59,False,False,54,160,0.09406,0.15699,0.10136,0.09406,0.11335,0.11335,0.01199,0.03494,-0.01738,0.057,72,40,put apple into bowl,record_01.npz,
360,put_into_bowl,True,True,,False,21,66,False,False,57,160,0.02535,0.03852,0.03098,0.00789,0.03098,0.03098,0.0,0.03852,-0.00681,0.057,67,40,put tomato into bowl,record_01.npz,
361,put_into_bowl,True,True,,False,20,51,False,False,46,160,0.02535,0.09327,0.01134,0.00465,0.00465,0.00465,-0.00669,0.03633,-0.00957,0.057,56,40,put tomato into bowl,record_01.npz,
362,put_into_bowl,True,True,,False,19,58,False,False,35,160,0.02535,0.03975,0.04255,0.0108,0.04255,0.04255,0.0,0.03975,-0.00626,0.057,59,40,put tomato into bowl,record_01.npz,
363,put_into_bowl,True,True,,False,21,47,False,False,40,160,0.02535,0.04515,0.04606,0.00943,0.04606,0.04606,0.0,0.04515,-0.00079,0.057,48,40,put tomato into bowl,record_01.npz,
364,put_into_bowl,False,False,no_release,False,20,-1,False,False,53,160,0.02535,nan,nan,0.0078,nan,0.05816,nan,0.04465,-0.00098,0.057,62,40,put tomato into bowl,record_01.npz,
365,put_into_bowl,True,True,,False,17,41,False,False,37,160,0.02535,0.09428,0.03261,0.0117,0.01798,0.01798,-0.01463,0.02492,-0.02138,0.057,69,40,put tomato into bowl,record_01.npz,
366,put_into_bowl,True,True,,False,19,72,False,False,54,160,0.02535,0.04411,0.0408,0.01509,0.0408,0.0408,0.0,0.04411,-0.00189,0.057,73,40,put tomato into bowl,record_01.npz,
367,put_into_bowl,False,False,not_settled,False,19,65,True,False,43,160,0.02535,0.04685,0.05792,0.00939,nan,0.05431,-0.0036,0.04692,0.00089,0.057,160,40,put tomato into bowl,record_01.npz,
368,put_into_bowl,False,False,no_grasp,False,-1,-1,True,False,-1,160,0.08437,nan,nan,0.08437,nan,0.13628,nan,0.00377,-0.04189,0.057,160,40,put orange into bowl,record_01.npz,
369,put_into_bowl,False,False,no_grasp,False,-1,-1,True,False,-1,160,0.08437,nan,nan,0.08437,nan,0.10461,nan,0.00349,-0.04189,0.057,160,40,put orange into bowl,record_01.npz,
370,put_into_bowl,False,False,no_grasp,False,-1,-1,True,False,-1,160,0.08437,nan,nan,0.08344,nan,0.09822,nan,0.0065,-0.04189,0.057,160,40,put orange into bowl,record_01.npz,
371,put_into_bowl,False,False,no_grasp,False,-1,-1,True,False,-1,160,0.08437,nan,nan,0.08437,nan,0.10304,nan,0.00362,-0.04189,0.057,160,40,put orange into bowl,record_01.npz,
372,put_into_bowl,False,False,no_grasp,False,-1,-1,True,False,-1,160,0.08437,nan,nan,0.05918,nan,0.10343,nan,0.02268,-0.03449,0.057,160,40,put orange into bowl,record_01.npz,
373,put_into_bowl,False,False,no_grasp,False,-1,-1,True,False,-1,160,0.08437,nan,nan,0.08437,nan,0.10546,nan,0.0037,-0.04189,0.057,160,40,put orange into bowl,record_01.npz,
374,put_into_bowl,False,False,no_grasp,False,-1,-1,True,False,-1,160,0.08437,nan,nan,0.08437,nan,0.10032,nan,0.00369,-0.04189,0.057,160,40,put orange into bowl,record_01.npz,
375,put_into_bowl,False,False,no_grasp,False,-1,-1,True,False,-1,160,0.08437,nan,nan,0.08437,nan,0.10051,nan,0.00369,-0.04189,0.057,160,40,put orange into bowl,record_01.npz,
384,put_into_bowl,True,True,,False,12,94,False,False,68,160,0.01738,0.03029,0.02067,0.00531,0.02067,0.02067,0.0,0.03029,-0.02268,0.057,95,40,put apple into bowl,record_01.npz,
385,put_into_bowl,True,True,,False,12,92,False,False,77,160,0.01738,0.04374,0.03683,0.00533,0.03683,0.03683,0.0,0.04374,-0.0087,0.057,93,40,put apple into bowl,record_01.npz,
386,put_into_bowl,False,False,no_release,False,12,-1,False,False,65,160,0.01738,nan,nan,0.0053,nan,0.06706,nan,0.05169,-0.00054,0.057,92,40,put apple into bowl,record_01.npz,
387,put_into_bowl,True,True,,False,12,128,False,False,94,160,0.01738,0.09231,0.02532,0.00348,0.02686,0.02686,0.00154,0.04105,-0.01127,0.057,135,40,put apple into bowl,record_01.npz,
388,put_into_bowl,False,False,no_release,False,12,-1,False,False,67,160,0.01738,nan,nan,0.0053,nan,0.05803,nan,0.05101,-0.00154,0.057,73,40,put apple into bowl,record_01.npz,
389,put_into_bowl,False,False,no_release,False,12,-1,False,False,85,160,0.01738,nan,nan,0.00528,nan,0.06378,nan,0.05218,-0.00016,0.057,118,40,put apple into bowl,record_01.npz,
390,put_into_bowl,True,True,,False,12,118,False,False,99,160,0.01738,0.04761,0.01368,0.00093,0.01368,0.01368,0.0,0.04761,-0.00471,0.057,119,40,put apple into bowl,record_01.npz,
391,put_into_bowl,False,False,no_release,False,12,-1,False,False,85,160,0.01738,nan,nan,0.00529,nan,0.05937,nan,0.05112,-0.00141,0.057,90,40,put apple into bowl,record_01.npz,
400,put_into_bowl,True,True,,False,32,65,False,False,53,160,0.01669,0.02881,0.00789,0.00598,0.00789,0.00789,0.0,0.02881,-0.01678,0.057,66,40,put orange into bowl,record_01.npz,
401,put_into_bowl,True,True,,False,53,69,False,False,63,160,0.01669,0.02486,0.00508,0.00508,0.00508,0.00508,0.0,0.02486,-0.02159,0.057,70,40,put orange into bowl,record_01.npz,
402,put_into_bowl,True,True,,False,27,43,False,False,36,160,0.01669,0.02481,0.01143,0.01057,0.01143,0.01143,0.0,0.02481,-0.02147,0.057,44,40,put orange into bowl,record_01.npz,
403,put_into_bowl,True,True,,False,57,114,False,False,71,160,0.01669,0.02485,0.01379,0.00897,0.01379,0.01379,0.0,0.02485,-0.02147,0.057,115,40,put orange into bowl,record_01.npz,
404,put_into_bowl,True,True,,False,35,87,False,False,83,160,0.01669,0.08433,0.01656,0.00378,0.0123,0.0123,-0.00426,0.03472,-0.01086,0.057,95,40,put orange into bowl,record_01.npz,
405,put_into_bowl,True,True,,False,30,94,False,False,79,160,0.01669,0.02478,0.00454,0.00194,0.00454,0.00454,0.0,0.02478,-0.02182,0.057,95,40,put orange into bowl,record_01.npz,
406,put_into_bowl,True,True,,False,58,83,False,False,78,160,0.01669,0.03704,0.01579,0.01507,0.01579,0.01579,0.0,0.03704,-0.00854,0.057,84,40,put orange into bowl,record_01.npz,
407,put_into_bowl,True,True,,False,30,86,False,False,81,160,0.01669,0.07764,0.02314,0.00287,0.00287,0.00287,-0.02027,0.04019,-0.00539,0.057,95,40,put orange into bowl,record_01.npz,
408,put_into_bowl,True,True,,False,53,75,False,False,57,160,0.02355,0.04232,0.02747,0.01033,0.02747,0.02747,0.0,0.04232,-0.00632,0.057,76,40,put potato into bowl,record_01.npz,
409,put_into_bowl,False,False,no_release,False,92,-1,True,False,95,160,0.02355,nan,nan,0.00617,nan,0.01447,nan,0.10836,0.05852,0.057,160,40,put potato into bowl,record_01.npz,
410,put_into_bowl,False,False,no_release,False,143,-1,True,True,146,160,0.02355,nan,nan,0.00143,nan,0.00258,nan,0.0228,-0.03026,0.057,160,40,put potato into bowl,record_01.npz,
411,put_into_bowl,False,False,no_release,False,73,-1,True,True,82,160,0.02354,nan,nan,0.00873,nan,0.03905,nan,0.14574,0.09591,0.057,160,40,put potato into bowl,record_01.npz,
412,put_into_bowl,True,True,,False,95,104,False,False,96,160,0.02354,0.07591,0.02727,0.01878,0.03013,0.03013,0.00286,0.04956,-0.00028,0.057,124,40,put potato into bowl,record_01.npz,
413,put_into_bowl,True,True,,False,75,91,False,False,76,160,0.02355,0.02824,0.00486,0.00232,0.00486,0.00486,0.0,0.02824,-0.02098,0.057,92,40,put potato into bowl,record_01.npz,
414,put_into_bowl,False,False,not_settled,False,107,108,False,False,108,160,0.02355,0.12207,0.04537,0.00862,nan,0.07979,0.03442,0.04963,-0.00028,0.057,147,40,put potato into bowl,record_01.npz,
415,put_into_bowl,True,True,,False,23,28,False,False,24,160,0.02354,0.04761,0.04501,0.0189,0.04501,0.04501,0.0,0.04761,-0.00215,0.057,29,40,put potato into bowl,record_01.npz,
416,put_into_plate,True,True,,False,16,52,False,False,49,160,0.01773,0.12588,0.03959,0.01174,0.04238,0.04238,0.00279,0.0662,-0.00272,0.091,59,40,put apple on the plate,record_01.npz,
417,put_into_plate,True,True,,False,17,42,False,False,39,160,0.01773,0.11088,0.03452,0.0117,0.03752,0.03752,0.00299,0.05779,-0.01106,0.091,49,40,put apple on the plate,record_01.npz,
418,put_into_plate,True,True,,False,16,39,False,False,26,160,0.01773,0.123,0.04303,0.01178,0.03411,0.03411,-0.00892,0.06654,-0.00238,0.091,48,40,put apple on the plate,record_01.npz,
419,put_into_plate,True,True,,False,16,31,False,False,28,160,0.01773,0.07691,0.03953,0.01174,0.04054,0.04054,0.00101,0.04643,-0.02296,0.091,93,40,put apple on the plate,record_01.npz,
420,put_into_plate,True,True,,False,14,32,False,False,30,160,0.01773,0.12007,0.02274,0.0105,0.0105,0.0105,-0.01224,0.0681,-0.0008,0.091,42,40,put apple on the plate,record_01.npz,
421,put_into_plate,True,True,,False,15,62,False,False,60,160,0.01773,0.12033,0.01528,0.00914,0.00914,0.00914,-0.00614,0.06699,-0.00189,0.091,70,40,put apple on the plate,record_01.npz,
422,put_into_plate,True,True,,False,16,53,False,False,51,160,0.01773,0.12792,0.03494,0.01176,0.03543,0.03543,0.00048,0.06822,-0.00068,0.091,59,40,put apple on the plate,record_01.npz,
423,put_into_plate,True,True,,False,17,43,False,False,40,160,0.01773,0.11876,0.02808,0.01162,0.03444,0.03444,0.00636,0.06634,-0.00258,0.091,52,40,put apple on the plate,record_01.npz,
424,put_into_bowl,False,False,no_grasp,False,-1,-1,True,False,-1,160,0.09662,nan,nan,0.09236,nan,0.09659,nan,0.00331,-0.04258,0.057,160,40,put tomato into bowl,record_01.npz,
425,put_into_bowl,False,False,no_grasp,False,-1,-1,True,False,-1,160,0.09662,nan,nan,0.09274,nan,0.09327,nan,0.00369,-0.0422,0.057,160,40,put tomato into bowl,record_01.npz,
426,put_into_bowl,False,False,no_grasp,False,-1,-1,True,False,-1,160,0.09662,nan,nan,0.09374,nan,0.09956,nan,0.0037,-0.0422,0.057,160,40,put tomato into bowl,record_01.npz,
427,put_into_bowl,False,False,no_grasp,False,-1,-1,True,False,-1,160,0.09662,nan,nan,0.09355,nan,0.09423,nan,0.00369,-0.0422,0.057,160,40,put tomato into bowl,record_01.npz,
428,put_into_bowl,False,False,no_grasp,False,-1,-1,True,False,-1,160,0.09662,nan,nan,0.09461,nan,0.10681,nan,0.00369,-0.0422,0.057,160,40,put tomato into bowl,record_01.npz,
429,put_into_bowl,False,False,no_grasp,False,-1,-1,True,False,-1,160,0.09662,nan,nan,0.09163,nan,0.09443,nan,0.0037,-0.0422,0.057,160,40,put tomato into bowl,record_01.npz,
430,put_into_bowl,False,False,no_grasp,False,-1,-1,True,False,-1,160,0.09662,nan,nan,0.09159,nan,0.09457,nan,0.0037,-0.0422,0.057,160,40,put tomato into bowl,record_01.npz,
431,put_into_bowl,False,False,no_grasp,False,-1,-1,True,False,-1,160,0.09662,nan,nan,0.09508,nan,0.09778,nan,0.00116,-0.04243,0.057,160,40,put tomato into bowl,record_01.npz,
432,put_into_bowl,False,False,no_grasp,False,-1,-1,True,False,-1,160,0.09803,nan,nan,0.09803,nan,0.11276,nan,0.0037,-0.04189,0.057,160,40,put orange into bowl,record_01.npz,
433,put_into_bowl,False,False,no_grasp,False,-1,-1,True,False,-1,160,0.09803,nan,nan,0.09803,nan,0.13522,nan,0.00369,-0.04189,0.057,160,40,put orange into bowl,record_01.npz,
434,put_into_bowl,False,False,no_grasp,False,-1,-1,True,False,-1,160,0.09803,nan,nan,0.09803,nan,0.12799,nan,0.00369,-0.04189,0.057,160,40,put orange into bowl,record_01.npz,
435,put_into_bowl,False,False,no_grasp,False,-1,-1,True,False,-1,160,0.09803,nan,nan,0.09803,nan,0.11737,nan,0.00374,-0.04189,0.057,160,40,put orange into bowl,record_01.npz,
436,put_into_bowl,False,False,no_grasp,False,-1,-1,True,False,-1,160,0.09803,nan,nan,0.09803,nan,0.12768,nan,0.0037,-0.04189,0.057,160,40,put orange into bowl,record_01.npz,
437,put_into_bowl,False,False,no_grasp,False,-1,-1,True,False,-1,160,0.09803,nan,nan,0.09803,nan,0.1155,nan,0.0037,-0.04189,0.057,160,40,put orange into bowl,record_01.npz,
438,put_into_bowl,False,False,no_grasp,False,-1,-1,True,False,-1,160,0.09803,nan,nan,0.09803,nan,0.14898,nan,0.0037,-0.04189,0.057,160,40,put orange into bowl,record_01.npz,
439,put_into_bowl,False,False,no_grasp,False,-1,-1,True,False,-1,160,0.09803,nan,nan,0.09803,nan,0.13193,nan,0.00369,-0.04189,0.057,160,40,put orange into bowl,record_01.npz,
448,put_into_plate,False,False,no_release,False,38,-1,True,False,43,160,0.03372,nan,nan,0.00458,nan,0.05097,nan,0.04638,-0.02289,0.091,160,40,put apple on the plate,record_01.npz,
449,put_into_plate,False,False,no_release,False,50,-1,True,False,129,160,0.03372,nan,nan,0.00655,nan,0.04647,nan,0.04644,-0.0229,0.091,160,40,put apple on the plate,record_01.npz,
450,put_into_plate,False,False,no_release,False,97,-1,True,False,99,160,0.03372,nan,nan,0.01181,nan,0.04444,nan,0.0461,-0.02662,0.091,160,40,put apple on the plate,record_01.npz,
451,put_into_plate,False,False,no_release,False,153,-1,True,False,157,160,0.03372,nan,nan,0.01436,nan,0.02472,nan,0.05867,-0.01014,0.091,160,40,put apple on the plate,record_01.npz,
452,put_into_plate,True,True,,False,32,37,False,False,35,160,0.03372,0.06002,0.01193,0.01191,0.01193,0.01193,0.0,0.06002,-0.0089,0.091,38,40,put apple on the plate,record_01.npz,
453,put_into_plate,False,False,no_release,False,51,-1,True,False,59,160,0.03372,nan,nan,0.00724,nan,0.01222,nan,0.04621,-0.02557,0.091,160,40,put apple on the plate,record_01.npz,
454,put_into_plate,True,True,,False,55,84,False,False,82,160,0.03372,0.0464,0.01979,0.0162,0.01979,0.01979,0.0,0.0464,-0.02327,0.091,85,40,put apple on the plate,record_01.npz,
455,put_into_plate,True,True,,False,72,107,False,False,74,160,0.03372,0.04598,0.01347,0.01175,0.01347,0.01347,0.0,0.04598,-0.03005,0.091,108,40,put apple on the plate,record_01.npz,
480,put_into_plate,False,False,not_settled,False,11,29,True,False,26,160,0.07833,0.11733,0.03935,0.03662,nan,0.04215,0.0028,0.0463,-0.02302,0.091,160,40,put apple on the plate,record_01.npz,
481,put_into_plate,True,True,,False,19,71,False,False,53,160,0.07833,0.04641,0.00768,0.00156,0.00768,0.00768,0.0,0.04641,-0.02316,0.091,72,40,put apple on the plate,record_01.npz,
482,put_into_plate,True,True,,False,14,90,False,False,34,160,0.07833,0.04642,0.00975,0.00975,0.00975,0.00975,0.0,0.04642,-0.0232,0.091,91,40,put apple on the plate,record_01.npz,
483,put_into_plate,True,True,,False,13,51,False,False,36,160,0.07833,0.12298,0.01261,0.01171,0.0195,0.0195,0.00689,0.06298,-0.00594,0.091,58,40,put apple on the plate,record_01.npz,
484,put_into_plate,True,True,,False,13,103,False,False,81,160,0.07833,0.04642,0.02391,0.00876,0.02391,0.02391,0.0,0.04642,-0.02308,0.091,104,40,put apple on the plate,record_01.npz,
485,put_into_plate,True,True,,False,17,54,False,False,48,160,0.07833,0.05676,0.00586,0.00523,0.00586,0.00586,0.0,0.05676,-0.01207,0.091,55,40,put apple on the plate,record_01.npz,
486,put_into_plate,True,True,,False,14,37,False,False,34,160,0.07833,0.10132,0.02154,0.01749,0.01749,0.01749,-0.00405,0.06232,-0.00674,0.091,42,40,put apple on the plate,record_01.npz,
487,put_into_plate,True,True,,False,19,47,False,False,41,160,0.07833,0.04523,0.04117,0.0282,0.04117,0.04117,0.0,0.04523,-0.02398,0.091,48,40,put apple on the plate,record_01.npz,
496,put_into_bowl,True,True,,False,19,73,False,False,68,160,0.10112,0.10211,0.06802,0.05374,0.05374,0.05374,-0.01428,0.04253,-0.00349,0.057,79,40,put orange into bowl,record_01.npz,
497,put_into_bowl,False,False,no_release,False,19,-1,False,False,72,160,0.10112,nan,nan,0.09421,nan,0.09421,nan,0.04524,-0.00035,0.057,85,40,put orange into bowl,record_01.npz,
498,put_into_bowl,True,True,,False,24,118,False,False,112,160,0.10112,0.04723,0.02382,0.01175,0.02783,0.02783,0.00402,0.03281,-0.01298,0.057,120,40,put orange into bowl,record_01.npz,
499,put_into_bowl,False,False,xy_miss,False,18,76,False,False,71,160,0.10112,0.05014,0.07636,0.06816,0.07742,0.07742,0.00106,0.04125,-0.00443,0.057,78,40,put orange into bowl,record_01.npz,
500,put_into_bowl,True,True,,False,17,83,False,False,76,160,0.10113,0.08619,0.03862,0.02216,0.02373,0.02373,-0.0149,0.0249,-0.02112,0.057,125,40,put orange into bowl,record_01.npz,
501,put_into_bowl,True,True,,False,16,94,False,False,89,160,0.10112,0.1197,0.01944,0.0192,0.02994,0.02994,0.01051,0.03566,-0.00993,0.057,101,40,put orange into bowl,record_01.npz,
502,put_into_bowl,False,False,xy_miss,False,17,92,False,False,87,160,0.10112,0.15247,0.06999,0.05789,0.05789,0.05789,-0.0121,0.04076,-0.00446,0.057,101,40,put orange into bowl,record_01.npz,
503,put_into_bowl,True,True,,False,21,71,False,False,66,160,0.10112,0.08829,0.01941,0.01893,0.02608,0.02608,0.00667,0.03069,-0.01467,0.057,76,40,put orange into bowl,record_01.npz,
0,put_into_plate,True,True,,False,13,45,False,False,38,160,0.02066,0.12703,0.00651,0.00387,0.01216,0.01216,0.00565,0.06161,-0.0073,0.091,53,40,put apple on the plate,record_02.npz,
1,put_into_plate,True,True,,False,13,35,False,False,33,160,0.02066,0.09993,0.01058,0.00959,0.01641,0.01641,0.00583,0.06593,-0.00296,0.091,43,40,put apple on the plate,record_02.npz,
2,put_into_plate,True,True,,False,13,39,False,False,36,160,0.02066,0.0954,0.00815,0.00653,0.00653,0.00653,-0.00163,0.05835,-0.01045,0.091,45,40,put apple on the plate,record_02.npz,
3,put_into_plate,True,True,,False,13,53,False,False,51,160,0.02066,0.14509,0.01081,0.00981,0.0128,0.0128,0.00199,0.05847,-0.01041,0.091,62,40,put apple on the plate,record_02.npz,
4,put_into_plate,True,True,,False,13,39,False,False,35,160,0.02066,0.11718,0.00836,0.00268,0.0043,0.0043,-0.00407,0.06778,-0.00108,0.091,47,40,put apple on the plate,record_02.npz,
5,put_into_plate,True,True,,False,13,40,False,False,38,160,0.02066,0.13803,0.0059,0.00271,0.00621,0.00621,0.00031,0.05476,-0.01415,0.091,51,40,put apple on the plate,record_02.npz,
6,put_into_plate,True,True,,False,13,39,False,False,37,160,0.02066,0.10025,0.0106,0.0097,0.01106,0.01106,0.00046,0.05658,-0.01233,0.091,45,40,put apple on the plate,record_02.npz,
7,put_into_plate,True,True,,False,13,42,False,False,40,160,0.02066,0.11922,0.0094,0.00915,0.01282,0.01282,0.00342,0.05578,-0.01311,0.091,50,40,put apple on the plate,record_02.npz,
8,put_into_bowl,False,False,no_release,False,22,-1,False,False,31,160,0.0857,nan,nan,0.0857,nan,0.10645,nan,0.0283,-0.0176,0.057,32,40,put tomato into bowl,record_02.npz,
9,put_into_bowl,False,False,no_grasp,False,-1,-1,True,False,-1,160,0.0857,nan,nan,0.0857,nan,0.11296,nan,0.00369,-0.0422,0.057,160,40,put tomato into bowl,record_02.npz,
10,put_into_bowl,False,False,no_grasp,False,-1,-1,True,False,-1,160,0.0857,nan,nan,0.0857,nan,0.11928,nan,0.00369,-0.0422,0.057,160,40,put tomato into bowl,record_02.npz,
11,put_into_bowl,False,False,no_release,False,20,-1,False,False,29,160,0.0857,nan,nan,0.0857,nan,0.11083,nan,0.01335,-0.03254,0.057,30,40,put tomato into bowl,record_02.npz,
12,put_into_bowl,False,False,no_grasp,False,-1,-1,True,False,-1,160,0.0857,nan,nan,0.0857,nan,0.11058,nan,0.0037,-0.0422,0.057,160,40,put tomato into bowl,record_02.npz,
13,put_into_bowl,False,False,no_grasp,False,-1,-1,True,False,-1,160,0.0857,nan,nan,0.0857,nan,0.11294,nan,0.00369,-0.0422,0.057,160,40,put tomato into bowl,record_02.npz,
14,put_into_bowl,False,False,no_grasp,False,-1,-1,True,False,-1,160,0.0857,nan,nan,0.0857,nan,0.11003,nan,0.00369,-0.0422,0.057,160,40,put tomato into bowl,record_02.npz,
15,put_into_bowl,False,False,no_grasp,False,-1,-1,True,False,-1,160,0.0857,nan,nan,0.0857,nan,0.11323,nan,0.00369,-0.0422,0.057,160,40,put tomato into bowl,record_02.npz,
24,put_into_plate,True,True,,False,40,128,False,False,47,160,0.03188,0.04024,0.03281,0.01887,0.03281,0.03281,0.0,0.04024,-0.03157,0.091,129,40,put potato on the plate,record_02.npz,
25,put_into_plate,True,True,,False,25,34,False,False,31,160,0.03188,0.04958,0.02877,0.02759,0.02877,0.02877,0.0,0.04958,-0.01678,0.091,35,40,put potato on the plate,record_02.npz,
26,put_into_plate,True,True,,False,21,42,False,False,39,160,0.03188,0.05627,0.03838,0.02908,0.03838,0.03838,0.0,0.05627,-0.0101,0.091,43,40,put potato on the plate,record_02.npz,
27,put_into_plate,True,True,,False,26,42,False,False,38,160,0.03188,0.06189,0.01808,0.00753,0.01808,0.01808,0.0,0.06189,-0.00454,0.091,43,40,put potato on the plate,record_02.npz,
28,put_into_plate,True,True,,False,22,24,False,False,24,160,0.03188,0.05046,0.0242,0.0242,0.0242,0.0242,0.0,0.05046,-0.01597,0.091,25,40,put potato on the plate,record_02.npz,
29,put_into_plate,True,True,,False,24,46,False,False,28,160,0.03188,0.03992,0.02,0.02,0.02,0.02,0.0,0.03992,-0.02721,0.091,47,40,put potato on the plate,record_02.npz,
30,put_into_plate,True,True,,False,25,48,False,False,45,160,0.03188,0.08552,0.02456,0.02417,0.02423,0.02423,-0.00034,0.0626,-0.00381,0.091,52,40,put potato on the plate,record_02.npz,
31,put_into_plate,True,True,,False,30,48,False,False,45,160,0.03188,0.07884,0.00956,0.00898,0.01126,0.01126,0.00171,0.06486,-0.00157,0.091,51,40,put potato on the plate,record_02.npz,
40,put_into_bowl,False,False,no_release,False,92,-1,True,True,95,160,0.02025,nan,nan,0.00541,nan,0.0143,nan,0.03129,-0.01461,0.057,160,40,put tomato into bowl,record_02.npz,
41,put_into_bowl,True,True,,False,31,40,False,False,34,160,0.02025,0.02493,0.00402,0.00402,0.00402,0.00402,0.0,0.02493,-0.0213,0.057,41,40,put tomato into bowl,record_02.npz,
42,put_into_bowl,True,True,,False,38,63,False,False,55,160,0.02025,0.06649,0.01229,0.00182,0.02041,0.02041,0.00812,0.03861,-0.00729,0.057,67,40,put tomato into bowl,record_02.npz,
43,put_into_bowl,True,True,,False,35,60,False,False,55,160,0.02025,0.0243,0.00919,0.00459,0.00919,0.00919,0.0,0.0243,-0.02265,0.057,61,40,put tomato into bowl,record_02.npz,
44,put_into_bowl,True,True,,False,32,49,False,False,44,160,0.02025,0.02492,0.00447,0.00444,0.00447,0.00447,0.0,0.02492,-0.02117,0.057,50,40,put tomato into bowl,record_02.npz,
45,put_into_bowl,True,True,,False,22,76,False,False,53,160,0.02025,0.03966,0.01494,0.0045,0.01494,0.01494,0.0,0.03966,-0.00623,0.057,77,40,put tomato into bowl,record_02.npz,
46,put_into_bowl,True,True,,False,30,56,False,False,52,160,0.02025,0.02488,0.00208,0.00208,0.00208,0.00208,0.0,0.02488,-0.02134,0.057,57,40,put tomato into bowl,record_02.npz,
47,put_into_bowl,False,False,no_release,False,51,-1,True,True,134,160,0.02025,nan,nan,0.00051,nan,0.0068,nan,0.02762,-0.01828,0.057,160,40,put tomato into bowl,record_02.npz,
56,put_into_plate,False,False,not_settled,False,27,75,True,False,29,160,0.08058,0.1009,0.05692,0.00604,nan,0.06748,0.01056,0.04092,-0.02585,0.091,160,40,put potato on the plate,record_02.npz,
57,put_into_plate,False,False,no_grasp,False,-1,-1,True,False,-1,160,0.08059,nan,nan,0.01678,nan,0.04217,nan,0.04075,-0.02626,0.091,160,40,put potato on the plate,record_02.npz,
58,put_into_plate,False,False,no_grasp,False,-1,-1,True,False,-1,160,0.08058,nan,nan,0.00761,nan,0.11391,nan,0.03229,-0.03434,0.091,160,40,put potato on the plate,record_02.npz,
59,put_into_plate,False,False,no_grasp,False,-1,-1,True,False,-1,160,0.08058,nan,nan,0.01085,nan,0.04979,nan,0.0408,-0.02619,0.091,160,40,put potato on the plate,record_02.npz,
60,put_into_plate,False,False,no_grasp,False,-1,-1,True,False,-1,160,0.08058,nan,nan,0.01527,nan,0.03981,nan,0.04052,-0.0266,0.091,160,40,put potato on the plate,record_02.npz,
61,put_into_plate,False,False,no_release,False,32,-1,True,False,33,160,0.08058,nan,nan,0.00505,nan,0.06353,nan,0.04078,-0.02602,0.091,160,40,put potato on the plate,record_02.npz,
62,put_into_plate,False,False,no_grasp,False,-1,-1,True,False,-1,160,0.08058,nan,nan,0.01524,nan,0.11089,nan,0.0339,-0.03258,0.091,160,40,put potato on the plate,record_02.npz,
63,put_into_plate,False,False,no_grasp,False,-1,-1,True,False,-1,160,0.08059,nan,nan,0.00622,nan,0.11153,nan,0.03353,-0.03294,0.091,160,40,put potato on the plate,record_02.npz,
64,put_into_bowl,True,True,,False,12,89,False,False,86,160,0.09796,0.07629,0.01938,0.00728,0.01792,0.01792,-0.00146,0.04475,-0.00756,0.057,94,40,put apple into bowl,record_02.npz,
65,put_into_bowl,False,False,not_settled,False,11,107,False,False,94,160,0.09796,0.07233,0.35368,0.09796,nan,0.36284,0.00916,0.04092,-0.0114,0.057,111,40,put apple into bowl,record_02.npz,
66,put_into_bowl,True,True,,False,11,121,False,False,94,160,0.09796,0.03011,0.00354,0.00354,0.00354,0.00354,0.0,0.03011,-0.02435,0.057,122,40,put apple into bowl,record_02.npz,
67,put_into_bowl,True,True,,False,11,134,False,False,132,160,0.09796,0.04973,0.03422,0.03392,0.03422,0.03422,0.0,0.04973,-0.00259,0.057,135,40,put apple into bowl,record_02.npz,
68,put_into_bowl,False,False,no_release,False,12,-1,True,True,-1,160,0.09796,nan,nan,0.09796,nan,0.53227,nan,0.05263,0.00031,0.057,160,40,put apple into bowl,record_02.npz,
69,put_into_bowl,True,True,,False,11,128,False,False,114,160,0.09796,0.05221,0.047,0.02844,0.047,0.047,0.0,0.05221,-0.00023,0.057,129,40,put apple into bowl,record_02.npz,
70,put_into_bowl,True,True,,False,11,104,False,False,102,160,0.09796,0.08199,0.0247,0.01228,0.02829,0.02829,0.00359,0.04252,-0.0101,0.057,109,40,put apple into bowl,record_02.npz,
71,put_into_bowl,True,True,,False,12,84,False,False,82,160,0.09796,0.09268,0.04312,0.03451,0.03451,0.03451,-0.00861,0.04227,-0.01006,0.057,90,40,put apple into bowl,record_02.npz,
72,put_into_bowl,False,False,no_grasp,False,-1,-1,True,False,-1,160,0.09273,nan,nan,0.08766,nan,0.09885,nan,0.00339,-0.04229,0.057,160,40,put tomato into bowl,record_02.npz,
73,put_into_bowl,False,False,no_grasp,False,-1,-1,True,False,-1,160,0.09273,nan,nan,0.08859,nan,0.09254,nan,0.0037,-0.0422,0.057,160,40,put tomato into bowl,record_02.npz,
74,put_into_bowl,False,False,no_grasp,False,-1,-1,True,False,-1,160,0.09273,nan,nan,0.09077,nan,0.09492,nan,0.00529,-0.03751,0.057,160,40,put tomato into bowl,record_02.npz,
75,put_into_bowl,False,False,no_grasp,False,-1,-1,True,False,-1,160,0.09273,nan,nan,0.09016,nan,0.09615,nan,0.00103,-0.04273,0.057,160,40,put tomato into bowl,record_02.npz,
76,put_into_bowl,False,False,no_grasp,False,-1,-1,True,False,-1,160,0.09273,nan,nan,0.09012,nan,0.09115,nan,0.00264,-0.04249,0.057,160,40,put tomato into bowl,record_02.npz,
77,put_into_bowl,False,False,no_grasp,False,-1,-1,True,False,-1,160,0.09273,nan,nan,0.08747,nan,0.09286,nan,0.0037,-0.0422,0.057,160,40,put tomato into bowl,record_02.npz,
78,put_into_bowl,False,False,no_grasp,False,-1,-1,True,False,-1,160,0.09273,nan,nan,0.09255,nan,0.09369,nan,0.00215,0.03546,0.057,160,40,put tomato into bowl,record_02.npz,
79,put_into_bowl,False,False,no_grasp,False,-1,-1,True,False,-1,160,0.09273,nan,nan,0.09071,nan,0.09217,nan,0.00954,-0.04239,0.057,160,40,put tomato into bowl,record_02.npz,
104,put_into_bowl,True,True,,False,40,125,False,False,44,160,0.01263,0.02491,0.02555,0.00644,0.02555,0.02555,0.0,0.02491,-0.02132,0.057,126,40,put tomato into bowl,record_02.npz,
105,put_into_bowl,True,True,,False,20,27,False,False,23,160,0.01263,0.02739,0.02081,0.01234,0.02081,0.02081,0.0,0.02739,-0.0163,0.057,28,40,put tomato into bowl,record_02.npz,
106,put_into_bowl,True,True,,False,25,39,False,False,33,160,0.01264,0.03412,0.02523,0.01233,0.02523,0.02523,0.0,0.03412,-0.01142,0.057,40,40,put tomato into bowl,record_02.npz,
107,put_into_bowl,True,True,,False,26,40,False,False,33,160,0.01264,0.02495,0.00368,0.00081,0.00368,0.00368,0.0,0.02495,-0.02155,0.057,41,40,put tomato into bowl,record_02.npz,
108,put_into_bowl,True,True,,False,23,53,False,False,31,160,0.01264,0.02485,0.01843,0.00953,0.01843,0.01843,0.0,0.02485,-0.02173,0.057,54,40,put tomato into bowl,record_02.npz,
109,put_into_bowl,True,True,,False,36,41,False,False,37,160,0.01264,0.03463,0.02832,0.01077,0.02832,0.02832,0.0,0.03463,-0.01107,0.057,42,40,put tomato into bowl,record_02.npz,
110,put_into_bowl,True,True,,False,19,51,False,False,24,160,0.01263,0.02491,0.01398,0.01228,0.01398,0.01398,0.0,0.02491,-0.02032,0.057,52,40,put tomato into bowl,record_02.npz,
111,put_into_bowl,True,True,,False,25,34,False,False,29,160,0.01264,0.02491,0.01244,0.01244,0.01244,0.01244,0.0,0.02491,-0.02152,0.057,35,40,put tomato into bowl,record_02.npz,
136,put_into_plate,True,True,,False,16,66,False,False,62,160,0.08357,0.13486,0.00704,0.00653,0.02123,0.02123,0.01419,0.0485,-0.01398,0.091,76,40,put tomato on the plate,record_02.npz,
137,put_into_plate,True,True,,False,16,61,False,False,57,160,0.08357,0.09485,0.0149,0.0148,0.01727,0.01727,0.00237,0.05474,-0.00775,0.091,67,40,put tomato on the plate,record_02.npz,
138,put_into_plate,True,True,,False,16,63,False,False,59,160,0.08357,0.08649,0.00935,0.00754,0.00754,0.00754,-0.00181,0.04952,-0.01297,0.091,67,40,put tomato on the plate,record_02.npz,
139,put_into_plate,True,True,,False,16,69,False,False,65,160,0.08357,0.10366,0.00904,0.00126,0.01661,0.01661,0.00757,0.06177,-0.00067,0.091,74,40,put tomato on the plate,record_02.npz,
140,put_into_plate,True,True,,False,16,55,False,False,51,160,0.08357,0.1084,0.02095,0.01732,0.04616,0.04616,0.02521,0.04878,-0.01371,0.091,64,40,put tomato on the plate,record_02.npz,
141,put_into_plate,True,True,,False,16,56,False,False,52,160,0.08357,0.1267,0.04876,0.04041,0.04041,0.04041,-0.00835,0.05276,-0.00971,0.091,62,40,put tomato on the plate,record_02.npz,
142,put_into_plate,True,True,,False,16,71,False,False,62,160,0.08357,0.04079,0.01766,0.01766,0.01766,0.01766,0.0,0.04079,-0.0231,0.091,72,40,put tomato on the plate,record_02.npz,
143,put_into_plate,True,True,,False,16,57,False,False,53,160,0.08357,0.09133,0.00984,0.00471,0.01067,0.01067,0.00084,0.06098,-0.00152,0.091,65,40,put tomato on the plate,record_02.npz,
152,put_into_plate,False,False,no_release,False,33,-1,False,False,51,160,0.06818,nan,nan,0.06048,nan,0.11469,nan,0.06507,-0.00135,0.091,55,40,put potato on the plate,record_02.npz,
153,put_into_plate,False,False,no_grasp,False,-1,-1,True,False,-1,160,0.06818,nan,nan,0.05571,nan,0.05571,nan,0.04073,-0.02616,0.091,160,40,put potato on the plate,record_02.npz,
154,put_into_plate,False,False,no_grasp,False,-1,-1,True,False,-1,160,0.06818,nan,nan,0.05247,nan,0.05275,nan,0.04059,-0.02658,0.091,160,40,put potato on the plate,record_02.npz,
155,put_into_plate,False,False,no_grasp,False,-1,-1,True,False,-1,160,0.06818,nan,nan,0.05147,nan,0.05147,nan,0.04073,-0.02637,0.091,160,40,put potato on the plate,record_02.npz,
156,put_into_plate,False,False,no_grasp,False,-1,-1,True,False,-1,160,0.06818,nan,nan,0.06166,nan,0.07444,nan,0.04083,-0.02577,0.091,160,40,put potato on the plate,record_02.npz,
157,put_into_plate,False,False,no_grasp,False,-1,-1,True,False,-1,160,0.06818,nan,nan,0.04639,nan,0.0489,nan,0.04035,-0.02806,0.091,160,40,put potato on the plate,record_02.npz,
158,put_into_plate,False,False,no_release,False,33,-1,True,False,35,160,0.06818,nan,nan,0.06387,nan,0.07726,nan,0.03915,-0.02961,0.091,160,40,put potato on the plate,record_02.npz,
159,put_into_plate,False,False,no_grasp,False,-1,-1,True,False,-1,160,0.06818,nan,nan,0.05445,nan,0.05445,nan,0.04065,-0.02611,0.091,160,40,put potato on the plate,record_02.npz,
160,put_into_plate,True,True,,False,19,34,False,False,33,160,0.00474,0.06281,0.03165,0.0036,0.03165,0.03165,0.0,0.06281,-0.00608,0.091,35,40,put apple on the plate,record_02.npz,
161,put_into_plate,True,True,,False,16,43,False,False,42,160,0.00474,0.06673,0.03365,0.00364,0.03365,0.03365,0.0,0.06673,-0.00241,0.091,44,40,put apple on the plate,record_02.npz,
162,put_into_plate,True,True,,False,16,57,False,False,53,160,0.00474,0.08476,0.04748,0.00364,0.06048,0.06048,0.013,0.06664,-0.00222,0.091,63,40,put apple on the plate,record_02.npz,
163,put_into_plate,True,True,,False,17,27,False,False,24,160,0.00474,0.06046,0.02459,0.00359,0.02459,0.02459,0.0,0.06046,-0.00846,0.091,28,40,put apple on the plate,record_02.npz,
164,put_into_plate,False,False,no_release,False,18,-1,True,True,134,160,0.00474,nan,nan,0.00363,nan,0.0777,nan,0.1725,0.1036,0.091,160,40,put apple on the plate,record_02.npz,
165,put_into_plate,True,True,,False,15,23,False,False,21,160,0.00474,0.0575,0.03587,0.00362,0.03587,0.03587,0.0,0.0575,-0.01134,0.091,24,40,put apple on the plate,record_02.npz,
166,put_into_plate,False,False,not_settled,False,16,98,True,False,66,160,0.00474,0.11794,0.05884,0.00365,nan,0.05026,-0.00858,0.04616,-0.02495,0.091,160,40,put apple on the plate,record_02.npz,
167,put_into_plate,True,True,,False,16,45,False,False,42,160,0.00474,0.08438,0.04184,0.00365,0.04226,0.04226,0.00042,0.06866,-0.00023,0.091,49,40,put apple on the plate,record_02.npz,
168,put_into_plate,True,True,,False,68,82,False,False,78,160,0.07537,0.06802,0.02958,0.02685,0.02685,0.02685,-0.00273,0.05712,-0.00534,0.091,85,40,put tomato on the plate,record_02.npz,
169,put_into_plate,False,False,no_release,False,156,-1,True,True,-1,160,0.07537,nan,nan,0.02871,nan,0.02871,nan,0.04195,-0.02785,0.091,160,40,put tomato on the plate,record_02.npz,
170,put_into_plate,False,False,no_grasp,False,-1,-1,True,False,-1,160,0.07537,nan,nan,0.05011,nan,0.06816,nan,0.04103,-0.02174,0.091,160,40,put tomato on the plate,record_02.npz,
171,put_into_plate,False,False,no_grasp,False,-1,-1,True,False,-1,160,0.07537,nan,nan,0.04589,nan,0.05465,nan,0.0409,-0.02204,0.091,160,40,put tomato on the plate,record_02.npz,
172,put_into_plate,False,False,no_release,False,79,-1,True,False,80,160,0.07537,nan,nan,0.06263,nan,0.085,nan,0.04098,-0.02158,0.091,160,40,put tomato on the plate,record_02.npz,
173,put_into_plate,False,False,no_grasp,False,-1,-1,True,False,-1,160,0.07537,nan,nan,0.06131,nan,0.07629,nan,0.04101,-0.02168,0.091,160,40,put tomato on the plate,record_02.npz,
174,put_into_plate,False,False,no_grasp,False,-1,-1,True,False,-1,160,0.07537,nan,nan,0.05561,nan,0.07154,nan,0.04094,-0.02182,0.091,160,40,put tomato on the plate,record_02.npz,
175,put_into_plate,True,True,,False,21,27,False,False,23,160,0.07537,0.04068,0.06519,0.06519,0.06519,0.06519,0.0,0.04068,-0.02248,0.091,28,40,put tomato on the plate,record_02.npz,
184,put_into_plate,True,True,,False,76,85,False,False,77,160,0.01071,0.06141,0.01223,0.0094,0.01223,0.01223,0.0,0.06141,-0.00502,0.091,86,40,put potato on the plate,record_02.npz,
185,put_into_plate,True,True,,False,29,43,False,False,38,160,0.01071,0.0651,0.04996,0.0094,0.04996,0.04996,0.0,0.0651,-0.00134,0.091,44,40,put potato on the plate,record_02.npz,
186,put_into_plate,False,False,no_grasp,False,-1,-1,True,False,-1,160,0.01071,nan,nan,0.0094,nan,0.05638,nan,0.04079,-0.02615,0.091,160,40,put potato on the plate,record_02.npz,
187,put_into_plate,False,False,not_settled,False,31,49,True,False,32,160,0.01071,0.07803,0.04715,0.0094,nan,0.04871,0.00156,0.04082,-0.02608,0.091,160,40,put potato on the plate,record_02.npz,
188,put_into_plate,True,True,,False,28,39,False,False,29,160,0.01071,0.07238,0.03621,0.0094,0.03571,0.03571,-0.0005,0.06569,-0.00073,0.091,74,40,put potato on the plate,record_02.npz,
189,put_into_plate,False,False,no_grasp,False,-1,-1,True,False,-1,160,0.01071,nan,nan,0.0094,nan,0.07555,nan,0.0441,-0.02293,0.091,160,40,put potato on the plate,record_02.npz,
190,put_into_plate,True,True,,False,38,135,False,False,39,160,0.01071,0.08404,0.0563,0.0094,0.05825,0.05825,0.00195,0.05183,-0.01475,0.091,141,40,put potato on the plate,record_02.npz,
191,put_into_plate,False,False,no_release,False,141,-1,True,False,147,160,0.01071,nan,nan,0.00061,nan,0.00395,nan,0.04039,-0.02699,0.091,160,40,put potato on the plate,record_02.npz,
192,put_into_bowl,False,False,not_settled,False,15,67,False,False,43,160,0.09747,0.14758,0.1229,0.09747,nan,0.11522,-0.00768,0.04355,-0.00877,0.057,78,40,put apple into bowl,record_02.npz,
193,put_into_bowl,False,False,xy_miss,False,15,147,False,False,145,160,0.09747,0.06667,0.06164,0.06046,0.06046,0.06046,-0.00118,0.0511,-0.00122,0.057,150,40,put apple into bowl,record_02.npz,
194,put_into_bowl,False,False,not_settled,False,16,43,False,False,38,160,0.09747,0.08797,0.1296,0.09747,nan,0.12939,-0.00021,0.05192,-0.00039,0.057,48,40,put apple into bowl,record_02.npz,
195,put_into_bowl,False,False,not_settled,False,16,46,False,False,44,160,0.09747,0.10475,0.12488,0.09747,nan,0.13058,0.00569,0.03817,-0.01414,0.057,55,40,put apple into bowl,record_02.npz,
196,put_into_bowl,False,False,no_release,False,16,-1,True,True,-1,160,0.09747,nan,nan,0.01088,nan,0.01142,nan,0.07147,0.01915,0.057,160,40,put apple into bowl,record_02.npz,
197,put_into_bowl,False,False,not_settled,False,16,64,False,False,62,160,0.09747,0.12809,0.13235,0.09747,nan,0.13203,-0.00032,0.04728,-0.00503,0.057,73,40,put apple into bowl,record_02.npz,
198,put_into_bowl,True,True,,False,15,139,False,False,137,160,0.09747,0.0989,0.05022,0.04249,0.04249,0.04249,-0.00773,0.04904,-0.00328,0.057,146,40,put apple into bowl,record_02.npz,
199,put_into_bowl,False,False,not_settled,False,16,51,False,False,48,160,0.09747,0.10562,0.13522,0.09747,nan,0.1358,0.00058,0.04648,-0.00584,0.057,61,40,put apple into bowl,record_02.npz,
200,put_into_plate,False,False,no_grasp,False,-1,-1,True,False,-1,160,0.064,nan,nan,0.05089,nan,0.05089,nan,0.04094,-0.02186,0.091,160,40,put tomato on the plate,record_02.npz,
201,put_into_plate,False,False,no_grasp,False,-1,-1,True,False,-1,160,0.064,nan,nan,0.05242,nan,0.05242,nan,0.04091,-0.02187,0.091,160,40,put tomato on the plate,record_02.npz,
202,put_into_plate,False,False,no_grasp,False,-1,-1,True,False,-1,160,0.064,nan,nan,0.05379,nan,0.05379,nan,0.04095,-0.02188,0.091,160,40,put tomato on the plate,record_02.npz,
203,put_into_plate,True,True,,False,39,97,False,False,71,160,0.064,0.04099,0.05078,0.03574,0.05078,0.05078,0.0,0.04099,-0.02183,0.091,98,40,put tomato on the plate,record_02.npz,
204,put_into_plate,False,False,no_grasp,False,-1,-1,True,False,-1,160,0.064,nan,nan,0.05476,nan,0.05476,nan,0.04071,-0.02204,0.091,160,40,put tomato on the plate,record_02.npz,
205,put_into_plate,False,False,no_grasp,False,-1,-1,True,False,-1,160,0.064,nan,nan,0.05284,nan,0.05284,nan,0.0409,-0.02197,0.091,160,40,put tomato on the plate,record_02.npz,
206,put_into_plate,True,True,,False,71,149,False,False,78,160,0.064,0.04091,0.02911,0.02906,0.02911,0.02911,0.0,0.04091,-0.02208,0.091,150,40,put tomato on the plate,record_02.npz,
207,put_into_plate,False,False,no_grasp,False,-1,-1,True,False,-1,160,0.064,nan,nan,0.05298,nan,0.05298,nan,0.0409,-0.02191,0.091,160,40,put tomato on the plate,record_02.npz,
224,put_into_plate,True,True,,False,13,61,False,False,59,160,0.08887,0.1328,0.03924,0.03055,0.03055,0.03055,-0.00869,0.05599,-0.01293,0.091,68,40,put apple on the plate,record_02.npz,
225,put_into_plate,True,True,,False,13,53,False,False,51,160,0.08887,0.13626,0.08745,0.0766,0.0766,0.0766,-0.01085,0.05426,-0.01461,0.091,61,40,put apple on the plate,record_02.npz,
226,put_into_plate,True,True,,False,13,61,False,False,59,160,0.08887,0.14251,0.04073,0.03734,0.03867,0.03867,-0.00205,0.05273,-0.01618,0.091,69,40,put apple on the plate,record_02.npz,
227,put_into_plate,True,True,,False,13,50,False,False,48,160,0.08887,0.12056,0.06503,0.04474,0.04474,0.04474,-0.02029,0.056,-0.01286,0.091,58,40,put apple on the plate,record_02.npz,
228,put_into_plate,True,True,,False,12,75,False,False,72,160,0.08887,0.13524,0.04491,0.03827,0.03827,0.03827,-0.00664,0.06407,-0.00485,0.091,83,40,put apple on the plate,record_02.npz,
229,put_into_plate,True,True,,False,13,57,False,False,54,160,0.08887,0.1066,0.05157,0.03922,0.03922,0.03922,-0.01236,0.06044,-0.00847,0.091,62,40,put apple on the plate,record_02.npz,
230,put_into_plate,True,True,,False,12,61,False,False,58,160,0.08887,0.12565,0.06013,0.05142,0.05142,0.05142,-0.00871,0.068,-0.00092,0.091,67,40,put apple on the plate,record_02.npz,
231,put_into_plate,True,True,,False,13,57,False,False,53,160,0.08887,0.12553,0.0425,0.0332,0.0332,0.0332,-0.0093,0.05761,-0.0113,0.091,63,40,put apple on the plate,record_02.npz,
232,put_into_plate,False,False,no_grasp,False,-1,-1,True,False,-1,160,0.06959,nan,nan,0.06071,nan,0.06071,nan,0.04097,-0.02185,0.091,160,40,put tomato on the plate,record_02.npz,
233,put_into_plate,True,True,,False,26,37,False,False,33,160,0.06959,0.06331,0.05203,0.05094,0.05094,0.05094,-0.00109,0.05906,-0.00342,0.091,39,40,put tomato on the plate,record_02.npz,
234,put_into_plate,True,True,,False,35,62,False,False,58,160,0.06959,0.09619,0.02788,0.02749,0.02917,0.02917,0.00129,0.05722,-0.0052,0.091,68,40,put tomato on the plate,record_02.npz,
235,put_into_plate,False,False,no_grasp,False,-1,-1,True,False,-1,160,0.06959,nan,nan,0.04997,nan,0.04997,nan,0.04097,-0.02174,0.091,160,40,put tomato on the plate,record_02.npz,
236,put_into_plate,False,False,no_grasp,False,-1,-1,True,False,-1,160,0.06959,nan,nan,0.04794,nan,0.04794,nan,0.04093,-0.02197,0.091,160,40,put tomato on the plate,record_02.npz,
237,put_into_plate,True,True,,False,24,35,False,False,32,160,0.06959,0.07444,0.03719,0.03046,0.03046,0.03046,-0.00674,0.05725,-0.00525,0.091,40,40,put tomato on the plate,record_02.npz,
238,put_into_plate,False,False,no_grasp,False,-1,-1,True,False,-1,160,0.06959,nan,nan,0.01618,nan,0.01618,nan,0.04031,-0.03025,0.091,160,40,put tomato on the plate,record_02.npz,
239,put_into_plate,False,False,no_grasp,False,-1,-1,True,False,-1,160,0.06959,nan,nan,0.05215,nan,0.05215,nan,0.04089,-0.02208,0.091,160,40,put tomato on the plate,record_02.npz,
248,put_into_plate,False,False,no_grasp,False,-1,-1,True,False,-1,160,0.07386,nan,nan,0.04797,nan,0.07061,nan,0.0408,-0.02599,0.091,160,40,put potato on the plate,record_02.npz,
249,put_into_plate,True,True,,False,31,122,False,False,32,160,0.07387,0.09335,0.05731,0.03933,0.05726,0.05726,-4e-05,0.05759,-0.00882,0.091,126,40,put potato on the plate,record_02.npz,
250,put_into_plate,False,False,no_grasp,False,-1,-1,True,False,-1,160,0.07387,nan,nan,0.0257,nan,0.04754,nan,0.04045,-0.02648,0.091,160,40,put potato on the plate,record_02.npz,
251,put_into_plate,False,False,not_settled,False,30,41,True,False,32,160,0.07386,0.12976,0.06531,0.05284,nan,0.05284,-0.01247,0.04087,-0.02603,0.091,160,40,put potato on the plate,record_02.npz,
252,put_into_plate,True,True,,False,26,130,False,False,28,160,0.07386,0.04086,0.0563,0.00375,0.0563,0.0563,0.0,0.04086,-0.02604,0.091,131,40,put potato on the plate,record_02.npz,
253,put_into_plate,True,True,,False,42,75,False,False,44,160,0.07386,0.13227,0.02384,0.01842,0.03281,0.03281,0.00896,0.05116,-0.01528,0.091,85,40,put potato on the plate,record_02.npz,
254,put_into_plate,False,False,no_grasp,False,-1,-1,True,False,-1,160,0.07386,nan,nan,0.05884,nan,0.11501,nan,0.03166,-0.03484,0.091,160,40,put potato on the plate,record_02.npz,
255,put_into_plate,True,True,,False,35,43,False,False,36,160,0.07386,0.14619,0.07249,0.02137,0.03469,0.03469,-0.0378,0.06547,-0.00095,0.091,76,40,put potato on the plate,record_02.npz,
256,put_into_plate,True,True,,False,15,136,False,False,103,160,0.09037,0.09282,0.02309,0.02229,0.02508,0.02508,0.00199,0.06841,-0.00046,0.091,140,40,put apple on the plate,record_02.npz,
257,put_into_plate,True,True,,False,13,120,False,False,117,160,0.09037,0.08692,0.01575,0.00632,0.01384,0.01384,-0.00191,0.06511,-0.00378,0.091,124,40,put apple on the plate,record_02.npz,
258,put_into_plate,True,True,,False,15,109,False,False,104,160,0.09037,0.11223,0.03413,0.032,0.03204,0.03204,-0.0021,0.05721,-0.01171,0.091,116,40,put apple on the plate,record_02.npz,
259,put_into_plate,True,True,,False,18,113,False,False,110,160,0.09037,0.12549,0.01203,0.01183,0.02152,0.02152,0.00949,0.06561,-0.00329,0.091,121,40,put apple on the plate,record_02.npz,
260,put_into_plate,False,False,no_release,False,18,-1,True,False,114,160,0.09037,nan,nan,0.00059,nan,0.02006,nan,0.16234,0.09344,0.091,160,40,put apple on the plate,record_02.npz,
261,put_into_plate,False,False,no_release,False,12,-1,True,True,53,160,0.09037,nan,nan,0.02785,nan,0.06671,nan,0.07126,0.00235,0.091,160,40,put apple on the plate,record_02.npz,
262,put_into_plate,False,False,not_settled,False,12,102,True,True,99,160,0.09037,0.10558,0.02171,0.00521,nan,0.02022,-0.00149,0.04637,-0.02314,0.091,160,40,put apple on the plate,record_02.npz,
263,put_into_plate,True,True,,False,13,149,False,False,143,160,0.09037,0.07051,0.02964,0.0288,0.0288,0.0288,-0.00085,0.05761,-0.01131,0.091,151,40,put apple on the plate,record_02.npz,
288,put_into_plate,True,True,,False,16,40,False,False,30,160,0.07271,0.10497,0.02288,0.01275,0.01301,0.01301,-0.00987,0.0595,-0.00939,0.091,47,40,put apple on the plate,record_02.npz,
289,put_into_plate,True,True,,False,19,47,False,False,44,160,0.07271,0.0966,0.01568,0.01236,0.01313,0.01313,-0.00255,0.05738,-0.01151,0.091,52,40,put apple on the plate,record_02.npz,
290,put_into_plate,True,True,,False,16,38,False,False,35,160,0.07271,0.09587,0.03338,0.01403,0.01403,0.01403,-0.01935,0.04643,-0.02277,0.091,52,40,put apple on the plate,record_02.npz,
291,put_into_plate,True,True,,False,22,52,False,False,50,160,0.07271,0.08037,0.02703,0.01922,0.01922,0.01922,-0.00782,0.06681,-0.0021,0.091,56,40,put apple on the plate,record_02.npz,
292,put_into_plate,True,True,,False,35,126,False,False,67,160,0.07271,0.0464,0.02417,0.018,0.02417,0.02417,0.0,0.0464,-0.02318,0.091,127,40,put apple on the plate,record_02.npz,
293,put_into_plate,True,True,,False,14,56,False,False,35,160,0.07271,0.10845,0.01745,0.00696,0.01135,0.01135,-0.0061,0.06346,-0.00543,0.091,64,40,put apple on the plate,record_02.npz,
294,put_into_plate,True,True,,False,21,25,False,False,22,160,0.07271,0.05512,0.07715,0.07271,0.07715,0.07715,0.0,0.05512,-0.01373,0.091,26,40,put apple on the plate,record_02.npz,
295,put_into_plate,True,True,,False,15,27,False,False,17,160,0.07271,0.05253,0.04439,0.04439,0.04439,0.04439,0.0,0.05253,-0.0163,0.091,28,40,put apple on the plate,record_02.npz,
296,put_into_plate,False,False,not_settled,False,28,43,True,False,39,160,0.06739,0.08693,0.04957,0.0388,nan,0.0388,-0.01077,0.04095,-0.02193,0.091,160,40,put tomato on the plate,record_02.npz,
297,put_into_plate,True,True,,False,27,55,False,False,51,160,0.06739,0.12394,0.04906,0.04048,0.04048,0.04048,-0.00858,0.05043,-0.01207,0.091,64,40,put tomato on the plate,record_02.npz,
298,put_into_plate,True,True,,False,43,73,False,False,51,160,0.06739,0.06212,0.06888,0.06343,0.06888,0.06888,0.0,0.06212,-0.00037,0.091,74,40,put tomato on the plate,record_02.npz,
299,put_into_plate,True,True,,False,28,52,False,False,47,160,0.06739,0.08332,0.06774,0.06594,0.06594,0.06594,-0.0018,0.05602,-0.00648,0.091,58,40,put tomato on the plate,record_02.npz,
300,put_into_plate,False,False,no_release,False,30,-1,True,True,-1,160,0.06739,nan,nan,0.05683,nan,0.07577,nan,0.06327,0.00078,0.091,160,40,put tomato on the plate,record_02.npz,
301,put_into_plate,True,True,,False,26,64,False,False,47,160,0.06739,0.06807,0.06838,0.06413,0.06891,0.06891,0.00054,0.05521,-0.00728,0.091,66,40,put tomato on the plate,record_02.npz,
302,put_into_plate,False,False,no_release,False,33,-1,True,True,63,160,0.06739,nan,nan,0.05426,nan,0.05561,nan,0.059,-0.00346,0.091,160,40,put tomato on the plate,record_02.npz,
303,put_into_plate,True,True,,False,30,87,False,False,44,160,0.06739,0.04092,0.0706,0.06309,0.0706,0.0706,0.0,0.04092,-0.02178,0.091,88,40,put tomato on the plate,record_02.npz,
312,put_into_bowl,False,False,no_grasp,False,-1,-1,True,False,-1,160,0.10647,nan,nan,0.09002,nan,0.09131,nan,0.02251,-0.04612,0.057,160,40,put potato into bowl,record_02.npz,
313,put_into_bowl,False,False,no_grasp,False,-1,-1,True,False,-1,160,0.10647,nan,nan,0.09531,nan,0.09895,nan,0.00372,-0.04611,0.057,160,40,put potato into bowl,record_02.npz,
314,put_into_bowl,False,False,no_grasp,False,-1,-1,True,False,-1,160,0.10647,nan,nan,0.0966,nan,0.10134,nan,0.0036,-0.02644,0.057,160,40,put potato into bowl,record_02.npz,
315,put_into_bowl,False,False,no_grasp,False,-1,-1,True,False,-1,160,0.10647,nan,nan,0.0981,nan,0.1002,nan,0.01359,0.00118,0.057,160,40,put potato into bowl,record_02.npz,
316,put_into_bowl,False,False,no_grasp,False,-1,-1,True,False,-1,160,0.10647,nan,nan,0.08804,nan,0.1022,nan,0.00572,-0.02687,0.057,160,40,put potato into bowl,record_02.npz,
317,put_into_bowl,False,False,no_grasp,False,-1,-1,True,False,-1,160,0.10647,nan,nan,0.09499,nan,0.09521,nan,0.03225,0.0021,0.057,160,40,put potato into bowl,record_02.npz,
318,put_into_bowl,False,False,no_grasp,False,-1,-1,True,False,-1,160,0.10647,nan,nan,0.09812,nan,0.11237,nan,0.00613,-0.02607,0.057,160,40,put potato into bowl,record_02.npz,
319,put_into_bowl,False,False,no_grasp,False,-1,-1,True,False,-1,160,0.10647,nan,nan,0.09687,nan,0.12068,nan,0.00438,-0.02647,0.057,160,40,put potato into bowl,record_02.npz,
320,put_into_plate,True,True,,False,15,41,False,False,39,160,0.05985,0.07142,0.02925,0.02906,0.02925,0.02925,-1e-05,0.06627,-0.00264,0.091,43,40,put apple on the plate,record_02.npz,
321,put_into_plate,True,True,,False,28,33,False,False,29,160,0.05984,0.04647,0.05178,0.05178,0.05178,0.05178,0.0,0.04647,-0.02417,0.091,34,40,put apple on the plate,record_02.npz,
322,put_into_plate,True,True,,False,19,30,False,False,27,160,0.05984,0.0457,0.04301,0.04301,0.04301,0.04301,0.0,0.0457,-0.0242,0.091,31,40,put apple on the plate,record_02.npz,
323,put_into_plate,True,True,,False,22,45,False,False,36,160,0.05984,0.04643,0.04894,0.04862,0.04894,0.04894,0.0,0.04643,-0.02302,0.091,46,40,put apple on the plate,record_02.npz,
324,put_into_plate,True,True,,False,21,60,False,False,57,160,0.05984,0.06824,0.01692,0.01692,0.01692,0.01692,0.0,0.06824,-0.00066,0.091,61,40,put apple on the plate,record_02.npz,
325,put_into_plate,True,True,,False,24,40,False,False,34,160,0.05984,0.04652,0.04496,0.04496,0.04496,0.04496,0.0,0.04652,-0.02268,0.091,41,40,put apple on the plate,record_02.npz,
326,put_into_plate,True,True,,False,16,71,False,False,68,160,0.05984,0.06949,0.02371,0.02181,0.02181,0.02181,-0.0019,0.0641,-0.0048,0.091,73,40,put apple on the plate,record_02.npz,
327,put_into_plate,True,True,,False,21,33,False,False,28,160,0.05985,0.04636,0.05142,0.05142,0.05142,0.05142,0.0,0.04636,-0.02491,0.091,34,40,put apple on the plate,record_02.npz,
328,put_into_plate,True,True,,False,17,49,False,False,44,160,0.09745,0.13054,0.06537,0.06536,0.06641,0.06641,0.00104,0.06248,-1e-05,0.091,58,40,put tomato on the plate,record_02.npz,
329,put_into_plate,True,True,,False,17,31,False,False,27,160,0.09745,0.05872,0.05847,0.05847,0.05847,0.05847,0.0,0.05872,-0.00367,0.091,32,40,put tomato on the plate,record_02.npz,
330,put_into_plate,True,True,,False,17,52,False,False,31,160,0.09745,0.04095,0.06071,0.06071,0.06071,0.06071,0.0,0.04095,-0.02197,0.091,53,40,put tomato on the plate,record_02.npz,
331,put_into_plate,True,True,,False,17,39,False,False,23,160,0.09745,0.09753,0.08196,0.07207,0.07207,0.07207,-0.00989,0.05331,-0.00917,0.091,46,40,put tomato on the plate,record_02.npz,
332,put_into_plate,False,False,no_release,False,17,-1,True,False,39,160,0.09745,nan,nan,0.04041,nan,0.04041,nan,0.04097,-0.02194,0.091,160,40,put tomato on the plate,record_02.npz,
333,put_into_plate,True,True,,False,17,41,False,False,36,160,0.09745,0.09935,0.06606,0.06559,0.06559,0.06559,-0.00048,0.05005,-0.01242,0.091,48,40,put tomato on the plate,record_02.npz,
334,put_into_plate,True,True,,False,16,54,False,False,37,160,0.09745,0.03811,0.05766,0.05766,0.05766,0.05766,0.0,0.03811,-0.02516,0.091,55,40,put tomato on the plate,record_02.npz,
335,put_into_plate,True,True,,False,16,39,False,False,35,160,0.09745,0.129,0.06433,0.06208,0.06213,0.06213,-0.0022,0.05954,-0.00292,0.091,49,40,put tomato on the plate,record_02.npz,
336,put_into_bowl,False,False,no_release,False,131,-1,False,False,135,160,0.09036,nan,nan,0.09036,nan,0.13237,nan,0.00339,-0.0422,0.057,136,40,put orange into bowl,record_02.npz,
337,put_into_bowl,False,False,no_release,False,120,-1,False,False,121,160,0.09036,nan,nan,0.09036,nan,0.13061,nan,0.00381,-0.04178,0.057,122,40,put orange into bowl,record_02.npz,
338,put_into_bowl,False,False,no_release,False,147,-1,True,True,-1,160,0.09036,nan,nan,0.09036,nan,0.12887,nan,0.00329,-0.04229,0.057,160,40,put orange into bowl,record_02.npz,
339,put_into_bowl,False,False,no_release,False,21,-1,False,False,45,160,0.09036,nan,nan,0.09036,nan,0.11728,nan,0.04222,-0.00336,0.057,54,40,put orange into bowl,record_02.npz,
340,put_into_bowl,False,False,no_release,False,24,-1,False,False,26,160,0.09036,nan,nan,0.09036,nan,0.13776,nan,0.00361,-0.04202,0.057,27,40,put orange into bowl,record_02.npz,
341,put_into_bowl,False,False,no_release,False,123,-1,True,True,-1,160,0.09036,nan,nan,0.09036,nan,0.1294,nan,0.00325,-0.04233,0.057,160,40,put orange into bowl,record_02.npz,
342,put_into_bowl,False,False,no_release,False,121,-1,True,True,-1,160,0.09036,nan,nan,0.09036,nan,0.1283,nan,0.00321,-0.04237,0.057,160,40,put orange into bowl,record_02.npz,
343,put_into_bowl,False,False,no_release,False,151,-1,True,True,-1,160,0.09036,nan,nan,0.09036,nan,0.13624,nan,0.00327,-0.04231,0.057,160,40,put orange into bowl,record_02.npz,
344,put_into_plate,False,False,not_settled,False,14,90,True,False,84,160,0.08267,0.1262,0.09219,0.07464,nan,0.07869,-0.0135,0.04099,-0.02571,0.091,160,40,put potato on the plate,record_02.npz,
345,put_into_plate,True,True,,False,14,108,False,False,101,160,0.08267,0.09866,0.07527,0.07345,0.07345,0.07345,-0.00182,0.05686,-0.00971,0.091,112,40,put potato on the plate,record_02.npz,
346,put_into_plate,False,False,not_settled,False,15,105,True,False,100,160,0.08267,0.14212,0.08079,0.0592,nan,0.06017,-0.02061,0.04094,-0.0259,0.091,160,40,put potato on the plate,record_02.npz,
347,put_into_plate,False,False,no_release,False,14,-1,True,True,-1,160,0.08267,nan,nan,0.07229,nan,0.07229,nan,0.14147,0.07504,0.091,160,40,put potato on the plate,record_02.npz,
348,put_into_plate,False,False,no_release,False,15,-1,True,False,109,160,0.08267,nan,nan,0.07036,nan,0.07036,nan,0.04099,-0.02578,0.091,160,40,put potato on the plate,record_02.npz,
349,put_into_plate,True,True,,False,14,153,False,False,149,160,0.08267,0.10464,0.02708,0.00258,0.03284,0.03284,0.00576,0.05623,-0.0102,0.091,159,40,put potato on the plate,record_02.npz,
350,put_into_plate,False,False,no_release,False,15,-1,True,False,95,160,0.08267,nan,nan,0.06038,nan,0.07664,nan,0.0413,-0.0251,0.091,160,40,put potato on the plate,record_02.npz,
351,put_into_plate,True,True,,False,16,145,False,False,140,160,0.08267,0.12053,0.07912,0.07056,0.07056,0.07056,-0.00856,0.04927,-0.01714,0.091,151,40,put potato on the plate,record_02.npz,
384,put_into_plate,False,False,no_release,False,11,-1,True,True,152,160,0.01779,nan,nan,0.01105,nan,0.12295,nan,0.11358,0.04466,0.091,160,40,put apple on the plate,record_02.npz,
385,put_into_plate,False,False,no_release,False,11,-1,True,True,-1,160,0.01779,nan,nan,0.01111,nan,0.10738,nan,0.12905,0.06015,0.091,160,40,put apple on the plate,record_02.npz,
386,put_into_plate,False,False,no_release,False,11,-1,True,True,-1,160,0.01779,nan,nan,0.01116,nan,0.10544,nan,0.10572,0.03688,0.091,160,40,put apple on the plate,record_02.npz,
387,put_into_plate,False,False,no_release,False,11,-1,True,True,-1,160,0.01779,nan,nan,0.01111,nan,0.12331,nan,0.09246,0.02357,0.091,160,40,put apple on the plate,record_02.npz,
388,put_into_plate,False,False,no_release,False,13,-1,True,False,147,160,0.01779,nan,nan,0.00904,nan,0.04215,nan,0.04577,-0.02535,0.091,160,40,put apple on the plate,record_02.npz,
389,put_into_plate,False,False,no_release,False,11,-1,True,True,-1,160,0.01779,nan,nan,0.01075,nan,0.12788,nan,0.10189,0.03298,0.091,160,40,put apple on the plate,record_02.npz,
390,put_into_plate,False,False,no_release,False,11,-1,True,True,-1,160,0.01779,nan,nan,0.01117,nan,0.11782,nan,0.09398,0.02507,0.091,160,40,put apple on the plate,record_02.npz,
391,put_into_plate,False,False,xy_miss,False,12,119,False,False,115,160,0.01779,0.11025,0.14998,0.01212,0.15851,0.15851,0.00853,0.06589,-0.00302,0.091,125,40,put apple on the plate,record_02.npz,
424,put_into_bowl,False,False,no_grasp,False,-1,-1,True,False,-1,160,0.04288,nan,nan,0.01438,nan,0.09005,nan,0.01642,-0.04225,0.057,160,40,put tomato into bowl,record_02.npz,
425,put_into_bowl,False,False,no_grasp,False,-1,-1,True,False,-1,160,0.04288,nan,nan,0.01434,nan,0.06238,nan,0.02539,-0.04224,0.057,160,40,put tomato into bowl,record_02.npz,
426,put_into_bowl,False,False,no_grasp,False,-1,-1,True,False,-1,160,0.04288,nan,nan,0.01435,nan,0.06868,nan,0.02412,-0.04224,0.057,160,40,put tomato into bowl,record_02.npz,
427,put_into_bowl,False,False,no_grasp,False,-1,-1,True,False,-1,160,0.04288,nan,nan,0.01438,nan,0.107,nan,0.00363,-0.0422,0.057,160,40,put tomato into bowl,record_02.npz,
428,put_into_bowl,False,False,no_grasp,False,-1,-1,True,False,-1,160,0.04288,nan,nan,0.01441,nan,0.06178,nan,0.02989,-0.04226,0.057,160,40,put tomato into bowl,record_02.npz,
429,put_into_bowl,False,False,no_grasp,False,-1,-1,True,False,-1,160,0.04288,nan,nan,0.01442,nan,0.09719,nan,0.00363,-0.0422,0.057,160,40,put tomato into bowl,record_02.npz,
430,put_into_bowl,False,False,no_grasp,False,-1,-1,True,False,-1,160,0.04288,nan,nan,0.01434,nan,0.10499,nan,0.01627,-0.04224,0.057,160,40,put tomato into bowl,record_02.npz,
431,put_into_bowl,False,False,no_grasp,False,-1,-1,True,False,-1,160,0.04288,nan,nan,0.01437,nan,0.09495,nan,0.01797,-0.04227,0.057,160,40,put tomato into bowl,record_02.npz,
432,put_into_plate,False,False,no_grasp,False,-1,-1,True,False,-1,160,0.01375,nan,nan,0.00083,nan,0.00083,nan,0.04074,-0.0241,0.091,160,40,put orange on the plate,record_02.npz,
433,put_into_plate,False,False,no_grasp,False,-1,-1,True,False,-1,160,0.01375,nan,nan,0.00294,nan,0.00555,nan,0.04091,-0.0224,0.091,160,40,put orange on the plate,record_02.npz,
434,put_into_plate,True,True,,False,56,132,False,False,66,160,0.01375,0.05557,0.05103,0.00975,0.05103,0.05103,0.0,0.05557,-0.00662,0.091,133,40,put orange on the plate,record_02.npz,
435,put_into_plate,False,False,no_release,False,81,-1,True,False,89,160,0.01375,nan,nan,0.00496,nan,0.02296,nan,0.0409,-0.02199,0.091,160,40,put orange on the plate,record_02.npz,
436,put_into_plate,True,True,,False,62,103,False,False,67,160,0.01375,0.0409,0.01247,0.00738,0.01247,0.01247,0.0,0.0409,-0.02206,0.091,104,40,put orange on the plate,record_02.npz,
437,put_into_plate,True,True,,False,119,137,False,False,125,160,0.01375,0.04091,0.01273,0.00392,0.01273,0.01273,0.0,0.04091,-0.02164,0.091,138,40,put orange on the plate,record_02.npz,
438,put_into_plate,True,True,,False,35,41,False,False,37,160,0.01375,0.04005,0.00684,0.00571,0.00684,0.00684,0.0,0.04005,-0.02227,0.091,42,40,put orange on the plate,record_02.npz,
439,put_into_plate,False,False,no_release,False,49,-1,True,False,71,160,0.01375,nan,nan,0.00418,nan,0.04553,nan,0.04087,-0.02182,0.091,160,40,put orange on the plate,record_02.npz,
440,put_into_bowl,False,False,no_grasp,False,-1,-1,True,False,-1,160,0.09028,nan,nan,0.09028,nan,0.10528,nan,0.00366,-0.04471,0.057,160,40,put potato into bowl,record_02.npz,
441,put_into_bowl,False,False,no_release,False,43,-1,False,False,119,160,0.0908,nan,nan,0.0908,nan,0.16329,nan,0.00439,-0.04544,0.057,120,40,put potato into bowl,record_02.npz,
442,put_into_bowl,False,False,no_grasp,False,-1,-1,True,False,-1,160,0.0908,nan,nan,0.08777,nan,0.10582,nan,0.00373,-0.04611,0.057,160,40,put potato into bowl,record_02.npz,
443,put_into_bowl,False,False,no_grasp,False,-1,-1,True,False,-1,160,0.0908,nan,nan,0.08899,nan,0.11673,nan,0.00373,-0.04611,0.057,160,40,put potato into bowl,record_02.npz,
444,put_into_bowl,False,False,no_grasp,False,-1,-1,True,False,-1,160,0.09028,nan,nan,0.0858,nan,0.1013,nan,0.00372,-0.04611,0.057,160,40,put potato into bowl,record_02.npz,
445,put_into_bowl,False,False,no_grasp,False,-1,-1,True,False,-1,160,0.0908,nan,nan,0.0908,nan,0.09222,nan,0.00065,-0.0442,0.057,160,40,put potato into bowl,record_02.npz,
446,put_into_bowl,False,False,no_release,False,24,-1,False,False,37,160,0.0908,nan,nan,0.0908,nan,0.11938,nan,0.01138,-0.03845,0.057,38,40,put potato into bowl,record_02.npz,
447,put_into_bowl,False,False,no_grasp,False,-1,-1,True,False,-1,160,0.0908,nan,nan,0.08864,nan,0.1159,nan,0.00372,-0.04611,0.057,160,40,put potato into bowl,record_02.npz,
448,put_into_plate,False,False,no_release,False,79,-1,True,False,131,160,0.07116,nan,nan,0.01481,nan,0.05487,nan,0.04606,-0.02506,0.091,160,40,put apple on the plate,record_02.npz,
449,put_into_plate,True,True,,False,92,99,False,False,94,160,0.07116,0.04649,0.03161,0.03161,0.03161,0.03161,0.0,0.04649,-0.02559,0.091,100,40,put apple on the plate,record_02.npz,
450,put_into_plate,True,True,,False,18,30,False,False,28,160,0.07116,0.08414,0.06668,0.06287,0.06783,0.06783,0.00115,0.06562,-0.0033,0.091,35,40,put apple on the plate,record_02.npz,
451,put_into_plate,True,True,,False,65,83,False,False,75,160,0.07116,0.04637,0.03684,0.03684,0.03684,0.03684,0.0,0.04637,-0.02409,0.091,84,40,put apple on the plate,record_02.npz,
452,put_into_plate,True,True,,False,19,33,False,False,30,160,0.07116,0.07116,0.06408,0.06274,0.06342,0.06342,-0.00067,0.06777,-0.0011,0.091,35,40,put apple on the plate,record_02.npz,
453,put_into_plate,True,True,,False,76,83,False,False,79,160,0.07116,0.04638,0.04109,0.04109,0.04109,0.04109,0.0,0.04638,-0.02388,0.091,84,40,put apple on the plate,record_02.npz,
454,put_into_plate,True,True,,False,17,32,False,False,30,160,0.07116,0.08718,0.06532,0.06107,0.06565,0.06565,0.00033,0.06442,-0.00446,0.091,36,40,put apple on the plate,record_02.npz,
455,put_into_plate,False,False,no_grasp,False,-1,-1,True,False,-1,160,0.07116,nan,nan,0.00646,nan,0.00855,nan,0.04641,-0.02286,0.091,160,40,put apple on the plate,record_02.npz,
464,put_into_plate,False,False,no_grasp,False,-1,-1,True,False,-1,160,0.05779,nan,nan,0.05697,nan,0.12535,nan,0.01998,-0.0422,0.091,160,40,put orange on the plate,record_02.npz,
465,put_into_plate,False,False,no_grasp,False,-1,-1,True,False,-1,160,0.05779,nan,nan,0.04742,nan,0.04742,nan,0.04096,-0.02187,0.091,160,40,put orange on the plate,record_02.npz,
466,put_into_plate,False,False,no_release,False,24,-1,False,False,99,160,0.05779,nan,nan,0.05671,nan,0.14459,nan,0.06215,-1e-05,0.091,102,40,put orange on the plate,record_02.npz,
467,put_into_plate,False,False,no_grasp,False,-1,-1,True,False,-1,160,0.05779,nan,nan,0.05007,nan,0.05208,nan,0.04053,-0.02505,0.091,160,40,put orange on the plate,record_02.npz,
468,put_into_plate,False,False,no_release,False,34,-1,True,False,63,160,0.05779,nan,nan,0.04798,nan,0.05274,nan,0.04048,-0.02456,0.091,160,40,put orange on the plate,record_02.npz,
469,put_into_plate,False,False,not_settled,False,23,47,True,True,41,160,0.05779,0.10223,0.05742,0.05609,nan,0.0869,0.02948,0.0406,-0.02168,0.091,160,40,put orange on the plate,record_02.npz,
470,put_into_plate,False,False,no_release,False,26,-1,False,False,49,160,0.05779,nan,nan,0.0571,nan,0.10866,nan,0.05943,-0.00274,0.091,59,40,put orange on the plate,record_02.npz,
471,put_into_plate,False,False,no_release,False,27,-1,False,False,46,160,0.05779,nan,nan,0.05706,nan,0.11587,nan,0.06141,-0.00067,0.091,55,40,put orange on the plate,record_02.npz,
472,put_into_plate,False,False,not_settled,False,26,75,True,False,27,160,0.10395,0.11526,0.07074,0.06056,nan,0.06083,-0.00991,0.0407,-0.02605,0.091,160,40,put potato on the plate,record_02.npz,
473,put_into_plate,False,False,no_release,False,27,-1,True,False,28,160,0.10395,nan,nan,0.05658,nan,0.06987,nan,0.04062,-0.02631,0.091,160,40,put potato on the plate,record_02.npz,
474,put_into_plate,False,False,no_release,False,24,-1,False,False,25,160,0.10395,nan,nan,0.05558,nan,0.09259,nan,0.04249,-0.02382,0.091,86,40,put potato on the plate,record_02.npz,
475,put_into_plate,False,False,no_release,False,25,-1,True,False,26,160,0.10395,nan,nan,0.05788,nan,0.07178,nan,0.04069,-0.02615,0.091,160,40,put potato on the plate,record_02.npz,
476,put_into_plate,False,False,no_release,False,25,-1,False,False,26,160,0.10395,nan,nan,0.06983,nan,0.09199,nan,0.04176,-0.0258,0.091,86,40,put potato on the plate,record_02.npz,
477,put_into_plate,True,True,,False,35,60,False,False,36,160,0.10395,0.10059,0.07468,0.05842,0.08599,0.08599,0.01131,0.03945,-0.02998,0.091,84,40,put potato on the plate,record_02.npz,
478,put_into_plate,True,True,,False,23,78,False,False,26,160,0.10395,0.08796,0.0761,0.05623,0.07909,0.07909,0.00299,0.05018,-0.01616,0.091,82,40,put potato on the plate,record_02.npz,
479,put_into_plate,False,False,no_release,False,23,-1,True,False,26,160,0.10395,nan,nan,0.0636,nan,0.067,nan,0.04093,-0.02584,0.091,160,40,put potato on the plate,record_02.npz,
504,put_into_bowl,True,True,,False,54,59,False,False,58,160,0.0283,0.03395,0.01549,0.01549,0.01549,0.01549,0.0,0.03395,-0.01595,0.057,60,40,put potato into bowl,record_02.npz,
505,put_into_bowl,False,False,not_settled,False,89,115,True,False,112,160,0.0283,0.05587,0.01209,0.00184,nan,0.00393,-0.00816,0.03254,-0.01718,0.057,160,40,put potato into bowl,record_02.npz,
506,put_into_bowl,True,True,,False,50,111,False,False,77,160,0.0283,0.032,0.00604,0.00604,0.00604,0.00604,0.0,0.032,-0.01849,0.057,112,40,put potato into bowl,record_02.npz,
507,put_into_bowl,True,True,,False,58,64,False,False,64,160,0.0283,0.03487,0.0062,0.00234,0.0062,0.0062,0.0,0.03487,-0.0149,0.057,65,40,put potato into bowl,record_02.npz,
508,put_into_bowl,True,True,,False,27,39,False,False,37,160,0.0283,0.06902,0.00898,0.00636,0.01507,0.01507,0.00609,0.04742,-0.00246,0.057,44,40,put potato into bowl,record_02.npz,
509,put_into_bowl,True,True,,False,31,47,False,False,46,160,0.0283,0.03587,0.00887,0.00421,0.00887,0.00887,0.0,0.03587,-0.01159,0.057,48,40,put potato into bowl,record_02.npz,
510,put_into_bowl,True,True,,False,114,132,False,False,126,160,0.0283,0.03098,0.00556,0.00352,0.00556,0.00556,0.0,0.03098,-0.02095,0.057,133,40,put potato into bowl,record_02.npz,
511,put_into_bowl,True,True,,False,47,78,False,False,74,160,0.0283,0.05277,0.02219,0.00975,0.02346,0.02346,0.00127,0.04746,-0.00237,0.057,80,40,put potato into bowl,record_02.npz,
