file_path,asset_type,exists,size_mb,dimensions,sha256,referenced_by,reference_count
/Users/damirnurtdinov/Desktop/My Courses/Диплом/CDPR-Dataset/external_assets/ycb_dataset/ycb/apple/texture_map.png,texture_or_image,True,0.414030,1024x1024,6a4a3a4e8dd69b27bda0ab1f5da220835aee56cfb4cd2dc8e01506a9040609d1,/Users/damirnurtdinov/Desktop/My Courses/Диплом/RL_VLA_Bootstrapping/RL_VLA_Bootstrapping/robots/cdpr/cdpr_dataset/wrappers/desk__bowl-plate-ycb_apple-ycb_baseball_wrapper/desk__bowl-plate-ycb_apple-ycb_baseball_wrapper__placed_2_ycb_apple.xml:texture@file; /Users/damirnurtdinov/Desktop/My Courses/Диплом/RL_VLA_Bootstrapping/RL_VLA_Bootstrapping/robots/cdpr/cdpr_dataset/wrappers/desk__bowl-plate-ycb_apple-ycb_baseball_wrapper/placed_2_ycb_apple.xml:texture@file; /Users/damirnurtdinov/Desktop/My Courses/Диплом/RL_VLA_Bootstrapping/RL_VLA_Bootstrapping/robots/cdpr/cdpr_dataset/wrappers/desk__bowl-plate-ycb_apple-ycb_pear_wrapper/desk__bowl-plate-ycb_apple-ycb_pear_wrapper__placed_2_ycb_apple.xml:texture@file; /Users/damirnurtdinov/Desktop/My Courses/Диплом/RL_VLA_Bootstrapping/RL_VLA_Bootstrapping/robots/cdpr/cdpr_dataset/wrappers/desk__bowl-plate-ycb_apple-ycb_pear_wrapper/placed_2_ycb_apple.xml:texture@file; /Users/damirnurtdinov/Desktop/My Courses/Диплом/RL_VLA_Bootstrapping/RL_VLA_Bootstrapping/robots/cdpr/cdpr_dataset/wrappers/desk__bowl-plate-ycb_apple_wrapper/desk__bowl-plate-ycb_apple_wrapper__placed_2_ycb_apple.xml:texture@file; /Users/damirnurtdinov/Desktop/My Courses/Диплом/RL_VLA_Bootstrapping/RL_VLA_Bootstrapping/robots/cdpr/cdpr_dataset/wrappers/desk__bowl-plate-ycb_apple_wrapper/placed_2_ycb_apple.xml:texture@file; /Users/damirnurtdinov/Desktop/My Courses/Диплом/RL_VLA_Bootstrapping/RL_VLA_Bootstrapping/robots/cdpr/cdpr_dataset/wrappers/desk__bowl-ycb_apple-ycb_baseball-ycb_pear_wrapper/desk__bowl-ycb_apple-ycb_baseball-ycb_pear_wrapper__placed_1_ycb_apple.xml:texture@file; /Users/damirnurtdinov/Desktop/My Courses/Диплом/RL_VLA_Bootstrapping/RL_VLA_Bootstrapping/robots/cdpr/cdpr_dataset/wrappers/desk__bowl-ycb_apple-ycb_baseball-ycb_pear_wrapper/placed_1_ycb_apple.xml:texture@file; /Users/damirnurtdinov/Desktop/My Courses/Диплом/RL_VLA_Bootstrapping/RL_VLA_Bootstrapping/robots/cdpr/cdpr_dataset/wrappers/desk__bowl-ycb_apple-ycb_baseball_wrapper/desk__bowl-ycb_apple-ycb_baseball_wrapper__placed_1_ycb_apple.xml:texture@file; /Users/damirnurtdinov/Desktop/My Courses/Диплом/RL_VLA_Bootstrapping/RL_VLA_Bootstrapping/robots/cdpr/cdpr_dataset/wrappers/desk__bowl-ycb_apple-ycb_baseball_wrapper/placed_1_ycb_apple.xml:texture@file; /Users/damirnurtdinov/Desktop/My Courses/Диплом/RL_VLA_Bootstrapping/RL_VLA_Bootstrapping/robots/cdpr/cdpr_dataset/wrappers/desk__bowl-ycb_apple-ycb_pear_wrapper/desk__bowl-ycb_apple-ycb_pear_wrapper__placed_1_ycb_apple.xml:texture@file; /Users/damirnurtdinov/Desktop/My Courses/Диплом/RL_VLA_Bootstrapping/RL_VLA_Bootstrapping/robots/cdpr/cdpr_dataset/wrappers/desk__bowl-ycb_apple-ycb_pear_wrapper/placed_1_ycb_apple.xml:texture@file; /Users/damirnurtdinov/Desktop/My Courses/Диплом/RL_VLA_Bootstrapping/RL_VLA_Bootstrapping/robots/cdpr/cdpr_dataset/wrappers/desk__plate-ycb_apple-ycb_baseball-ycb_pear_wrapper/desk__plate-ycb_apple-ycb_baseball-ycb_pear_wrapper__placed_1_ycb_apple.xml:texture@file; /Users/damirnurtdinov/Desktop/My Courses/Диплом/RL_VLA_Bootstrapping/RL_VLA_Bootstrapping/robots/cdpr/cdpr_dataset/wrappers/desk__plate-ycb_apple-ycb_baseball-ycb_pear_wrapper/placed_1_ycb_apple.xml:texture@file; /Users/damirnurtdinov/Desktop/My Courses/Диплом/RL_VLA_Bootstrapping/RL_VLA_Bootstrapping/robots/cdpr/cdpr_dataset/wrappers/desk__plate-ycb_apple-ycb_baseball_wrapper/desk__plate-ycb_apple-ycb_baseball_wrapper__placed_1_ycb_apple.xml:texture@file; /Users/damirnurtdinov/Desktop/My Courses/Диплом/RL_VLA_Bootstrapping/RL_VLA_Bootstrapping/robots/cdpr/cdpr_dataset/wrappers/desk__plate-ycb_apple-ycb_baseball_wrapper/placed_1_ycb_apple.xml:texture@file; /Users/damirnurtdinov/Desktop/My Courses/Диплом/RL_VLA_Bootstrapping/RL_VLA_Bootstrapping/robots/cdpr/cdpr_dataset/wrappers/desk__plate-ycb_apple-ycb_pear_wrapper/desk__plate-ycb_apple-ycb_pear_wrapper__placed_1_ycb_apple.xml:texture@file; /Users/damirnurtdinov/Desktop/My Courses/Диплом/RL_VLA_Bootstrapping/RL_VLA_Bootstrapping/robots/cdpr/cdpr_dataset/wrappers/desk__plate-ycb_apple-ycb_pear_wrapper/placed_1_ycb_apple.xml:texture@file; /Users/damirnurtdinov/Desktop/My Courses/Диплом/RL_VLA_Bootstrapping/RL_VLA_Bootstrapping/robots/cdpr/cdpr_dataset/wrappers/desk__plate-ycb_apple_wrapper/desk__plate-ycb_apple_wrapper__placed_1_ycb_apple.xml:texture@file; /Users/damirnurtdinov/Desktop/My Courses/Диплом/RL_VLA_Bootstrapping/RL_VLA_Bootstrapping/robots/cdpr/cdpr_dataset/wrappers/desk__plate-ycb_apple_wrapper/placed_1_ycb_apple.xml:texture@file; /Users/damirnurtdinov/Desktop/My Courses/Диплом/RL_VLA_Bootstrapping/RL_VLA_Bootstrapping/robots/cdpr/cdpr_dataset/wrappers/desk__ycb_apple-ycb_baseball-ycb_pear_wrapper/desk__ycb_apple-ycb_baseball-ycb_pear_wrapper__placed_0_ycb_apple.xml:texture@file; /Users/damirnurtdinov/Desktop/My Courses/Диплом/RL_VLA_Bootstrapping/RL_VLA_Bootstrapping/robots/cdpr/cdpr_dataset/wrappers/desk__ycb_apple-ycb_baseball-ycb_pear_wrapper/placed_0_ycb_apple.xml:texture@file,22
/Users/damirnurtdinov/Desktop/My Courses/Диплом/CDPR-Dataset/external_assets/ycb_dataset/ycb/apple/textured.obj,mesh,True,1.506698,,1d7f4626fed5c41bbf0f4f8b4936ae84b2b50cca9a0b2ceade0cf27f91ae8848,/Users/damirnurtdinov/Desktop/My Courses/Диплом/RL_VLA_Bootstrapping/RL_VLA_Bootstrapping/robots/cdpr/cdpr_dataset/wrappers/desk__bowl-plate-ycb_apple-ycb_baseball_wrapper/desk__bowl-plate-ycb_apple-ycb_baseball_wrapper__placed_2_ycb_apple.xml:mesh@file; /Users/damirnurtdinov/Desktop/My Courses/Диплом/RL_VLA_Bootstrapping/RL_VLA_Bootstrapping/robots/cdpr/cdpr_dataset/wrappers/desk__bowl-plate-ycb_apple-ycb_baseball_wrapper/placed_2_ycb_apple.xml:mesh@file; /Users/damirnurtdinov/Desktop/My Courses/Диплом/RL_VLA_Bootstrapping/RL_VLA_Bootstrapping/robots/cdpr/cdpr_dataset/wrappers/desk__bowl-plate-ycb_apple-ycb_pear_wrapper/desk__bowl-plate-ycb_apple-ycb_pear_wrapper__placed_2_ycb_apple.xml:mesh@file; /Users/damirnurtdinov/Desktop/My Courses/Диплом/RL_VLA_Bootstrapping/RL_VLA_Bootstrapping/robots/cdpr/cdpr_dataset/wrappers/desk__bowl-plate-ycb_apple-ycb_pear_wrapper/placed_2_ycb_apple.xml:mesh@file; /Users/damirnurtdinov/Desktop/My Courses/Диплом/RL_VLA_Bootstrapping/RL_VLA_Bootstrapping/robots/cdpr/cdpr_dataset/wrappers/desk__bowl-plate-ycb_apple_wrapper/desk__bowl-plate-ycb_apple_wrapper__placed_2_ycb_apple.xml:mesh@file; /Users/damirnurtdinov/Desktop/My Courses/Диплом/RL_VLA_Bootstrapping/RL_VLA_Bootstrapping/robots/cdpr/cdpr_dataset/wrappers/desk__bowl-plate-ycb_apple_wrapper/placed_2_ycb_apple.xml:mesh@file; /Users/damirnurtdinov/Desktop/My Courses/Диплом/RL_VLA_Bootstrapping/RL_VLA_Bootstrapping/robots/cdpr/cdpr_dataset/wrappers/desk__bowl-ycb_apple-ycb_baseball-ycb_pear_wrapper/desk__bowl-ycb_apple-ycb_baseball-ycb_pear_wrapper__placed_1_ycb_apple.xml:mesh@file; /Users/damirnurtdinov/Desktop/My Courses/Диплом/RL_VLA_Bootstrapping/RL_VLA_Bootstrapping/robots/cdpr/cdpr_dataset/wrappers/desk__bowl-ycb_apple-ycb_baseball-ycb_pear_wrapper/placed_1_ycb_apple.xml:mesh@file; /Users/damirnurtdinov/Desktop/My Courses/Диплом/RL_VLA_Bootstrapping/RL_VLA_Bootstrapping/robots/cdpr/cdpr_dataset/wrappers/desk__bowl-ycb_apple-ycb_baseball_wrapper/desk__bowl-ycb_apple-ycb_baseball_wrapper__placed_1_ycb_apple.xml:mesh@file; /Users/damirnurtdinov/Desktop/My Courses/Диплом/RL_VLA_Bootstrapping/RL_VLA_Bootstrapping/robots/cdpr/cdpr_dataset/wrappers/desk__bowl-ycb_apple-ycb_baseball_wrapper/placed_1_ycb_apple.xml:mesh@file; /Users/damirnurtdinov/Desktop/My Courses/Диплом/RL_VLA_Bootstrapping/RL_VLA_Bootstrapping/robots/cdpr/cdpr_dataset/wrappers/desk__bowl-ycb_apple-ycb_pear_wrapper/desk__bowl-ycb_apple-ycb_pear_wrapper__placed_1_ycb_apple.xml:mesh@file; /Users/damirnurtdinov/Desktop/My Courses/Диплом/RL_VLA_Bootstrapping/RL_VLA_Bootstrapping/robots/cdpr/cdpr_dataset/wrappers/desk__bowl-ycb_apple-ycb_pear_wrapper/placed_1_ycb_apple.xml:mesh@file; /Users/damirnurtdinov/Desktop/My Courses/Диплом/RL_VLA_Bootstrapping/RL_VLA_Bootstrapping/robots/cdpr/cdpr_dataset/wrappers/desk__plate-ycb_apple-ycb_baseball-ycb_pear_wrapper/desk__plate-ycb_apple-ycb_baseball-ycb_pear_wrapper__placed_1_ycb_apple.xml:mesh@file; /Users/damirnurtdinov/Desktop/My Courses/Диплом/RL_VLA_Bootstrapping/RL_VLA_Bootstrapping/robots/cdpr/cdpr_dataset/wrappers/desk__plate-ycb_apple-ycb_baseball-ycb_pear_wrapper/placed_1_ycb_apple.xml:mesh@file; /Users/damirnurtdinov/Desktop/My Courses/Диплом/RL_VLA_Bootstrapping/RL_VLA_Bootstrapping/robots/cdpr/cdpr_dataset/wrappers/desk__plate-ycb_apple-ycb_baseball_wrapper/desk__plate-ycb_apple-ycb_baseball_wrapper__placed_1_ycb_apple.xml:mesh@file; /Users/damirnurtdinov/Desktop/My Courses/Диплом/RL_VLA_Bootstrapping/RL_VLA_Bootstrapping/robots/cdpr/cdpr_dataset/wrappers/desk__plate-ycb_apple-ycb_baseball_wrapper/placed_1_ycb_apple.xml:mesh@file; /Users/damirnurtdinov/Desktop/My Courses/Диплом/RL_VLA_Bootstrapping/RL_VLA_Bootstrapping/robots/cdpr/cdpr_dataset/wrappers/desk__plate-ycb_apple-ycb_pear_wrapper/desk__plate-ycb_apple-ycb_pear_wrapper__placed_1_ycb_apple.xml:mesh@file; /Users/damirnurtdinov/Desktop/My Courses/Диплом/RL_VLA_Bootstrapping/RL_VLA_Bootstrapping/robots/cdpr/cdpr_dataset/wrappers/desk__plate-ycb_apple-ycb_pear_wrapper/placed_1_ycb_apple.xml:mesh@file; /Users/damirnurtdinov/Desktop/My Courses/Диплом/RL_VLA_Bootstrapping/RL_VLA_Bootstrapping/robots/cdpr/cdpr_dataset/wrappers/desk__plate-ycb_apple_wrapper/desk__plate-ycb_apple_wrapper__placed_1_ycb_apple.xml:mesh@file; /Users/damirnurtdinov/Desktop/My Courses/Диплом/RL_VLA_Bootstrapping/RL_VLA_Bootstrapping/robots/cdpr/cdpr_dataset/wrappers/desk__plate-ycb_apple_wrapper/placed_1_ycb_apple.xml:mesh@file; /Users/damirnurtdinov/Desktop/My Courses/Диплом/RL_VLA_Bootstrapping/RL_VLA_Bootstrapping/robots/cdpr/cdpr_dataset/wrappers/desk__ycb_apple-ycb_baseball-ycb_pear_wrapper/desk__ycb_apple-ycb_baseball-ycb_pear_wrapper__placed_0_ycb_apple.xml:mesh@file; /Users/damirnurtdinov/Desktop/My Courses/Диплом/RL_VLA_Bootstrapping/RL_VLA_Bootstrapping/robots/cdpr/cdpr_dataset/wrappers/desk__ycb_apple-ycb_baseball-ycb_pear_wrapper/placed_0_ycb_apple.xml:mesh@file,22
/Users/damirnurtdinov/Desktop/My Courses/Диплом/CDPR-Dataset/external_assets/ycb_dataset/ycb/apple/textured_coacd_0.stl,mesh,True,0.001606,,911b3e22e1059a93c313b7262c6384d57fff48f5e8e6997c19f107cbedfab518,/Users/damirnurtdinov/Desktop/My Courses/Диплом/RL_VLA_Bootstrapping/RL_VLA_Bootstrapping/robots/cdpr/cdpr_dataset/wrappers/desk__bowl-plate-ycb_apple-ycb_baseball_wrapper/desk__bowl-plate-ycb_apple-ycb_baseball_wrapper__placed_2_ycb_apple.xml:mesh@file; /Users/damirnurtdinov/Desktop/My Courses/Диплом/RL_VLA_Bootstrapping/RL_VLA_Bootstrapping/robots/cdpr/cdpr_dataset/wrappers/desk__bowl-plate-ycb_apple-ycb_baseball_wrapper/placed_2_ycb_apple.xml:mesh@file; /Users/damirnurtdinov/Desktop/My Courses/Диплом/RL_VLA_Bootstrapping/RL_VLA_Bootstrapping/robots/cdpr/cdpr_dataset/wrappers/desk__bowl-plate-ycb_apple-ycb_pear_wrapper/desk__bowl-plate-ycb_apple-ycb_pear_wrapper__placed_2_ycb_apple.xml:mesh@file; /Users/damirnurtdinov/Desktop/My Courses/Диплом/RL_VLA_Bootstrapping/RL_VLA_Bootstrapping/robots/cdpr/cdpr_dataset/wrappers/desk__bowl-plate-ycb_apple-ycb_pear_wrapper/placed_2_ycb_apple.xml:mesh@file; /Users/damirnurtdinov/Desktop/My Courses/Диплом/RL_VLA_Bootstrapping/RL_VLA_Bootstrapping/robots/cdpr/cdpr_dataset/wrappers/desk__bowl-plate-ycb_apple_wrapper/desk__bowl-plate-ycb_apple_wrapper__placed_2_ycb_apple.xml:mesh@file; /Users/damirnurtdinov/Desktop/My Courses/Диплом/RL_VLA_Bootstrapping/RL_VLA_Bootstrapping/robots/cdpr/cdpr_dataset/wrappers/desk__bowl-plate-ycb_apple_wrapper/placed_2_ycb_apple.xml:mesh@file; /Users/damirnurtdinov/Desktop/My Courses/Диплом/RL_VLA_Bootstrapping/RL_VLA_Bootstrapping/robots/cdpr/cdpr_dataset/wrappers/desk__bowl-ycb_apple-ycb_baseball-ycb_pear_wrapper/desk__bowl-ycb_apple-ycb_baseball-ycb_pear_wrapper__placed_1_ycb_apple.xml:mesh@file; /Users/damirnurtdinov/Desktop/My Courses/Диплом/RL_VLA_Bootstrapping/RL_VLA_Bootstrapping/robots/cdpr/cdpr_dataset/wrappers/desk__bowl-ycb_apple-ycb_baseball-ycb_pear_wrapper/placed_1_ycb_apple.xml:mesh@file; /Users/damirnurtdinov/Desktop/My Courses/Диплом/RL_VLA_Bootstrapping/RL_VLA_Bootstrapping/robots/cdpr/cdpr_dataset/wrappers/desk__bowl-ycb_apple-ycb_baseball_wrapper/desk__bowl-ycb_apple-ycb_baseball_wrapper__placed_1_ycb_apple.xml:mesh@file; /Users/damirnurtdinov/Desktop/My Courses/Диплом/RL_VLA_Bootstrapping/RL_VLA_Bootstrapping/robots/cdpr/cdpr_dataset/wrappers/desk__bowl-ycb_apple-ycb_baseball_wrapper/placed_1_ycb_apple.xml:mesh@file; /Users/damirnurtdinov/Desktop/My Courses/Диплом/RL_VLA_Bootstrapping/RL_VLA_Bootstrapping/robots/cdpr/cdpr_dataset/wrappers/desk__bowl-ycb_apple-ycb_pear_wrapper/desk__bowl-ycb_apple-ycb_pear_wrapper__placed_1_ycb_apple.xml:mesh@file; /Users/damirnurtdinov/Desktop/My Courses/Диплом/RL_VLA_Bootstrapping/RL_VLA_Bootstrapping/robots/cdpr/cdpr_dataset/wrappers/desk__bowl-ycb_apple-ycb_pear_wrapper/placed_1_ycb_apple.xml:mesh@file; /Users/damirnurtdinov/Desktop/My Courses/Диплом/RL_VLA_Bootstrapping/RL_VLA_Bootstrapping/robots/cdpr/cdpr_dataset/wrappers/desk__plate-ycb_apple-ycb_baseball-ycb_pear_wrapper/desk__plate-ycb_apple-ycb_baseball-ycb_pear_wrapper__placed_1_ycb_apple.xml:mesh@file; /Users/damirnurtdinov/Desktop/My Courses/Диплом/RL_VLA_Bootstrapping/RL_VLA_Bootstrapping/robots/cdpr/cdpr_dataset/wrappers/desk__plate-ycb_apple-ycb_baseball-ycb_pear_wrapper/placed_1_ycb_apple.xml:mesh@file; /Users/damirnurtdinov/Desktop/My Courses/Диплом/RL_VLA_Bootstrapping/RL_VLA_Bootstrapping/robots/cdpr/cdpr_dataset/wrappers/desk__plate-ycb_apple-ycb_baseball_wrapper/desk__plate-ycb_apple-ycb_baseball_wrapper__placed_1_ycb_apple.xml:mesh@file; /Users/damirnurtdinov/Desktop/My Courses/Диплом/RL_VLA_Bootstrapping/RL_VLA_Bootstrapping/robots/cdpr/cdpr_dataset/wrappers/desk__plate-ycb_apple-ycb_baseball_wrapper/placed_1_ycb_apple.xml:mesh@file; /Users/damirnurtdinov/Desktop/My Courses/Диплом/RL_VLA_Bootstrapping/RL_VLA_Bootstrapping/robots/cdpr/cdpr_dataset/wrappers/desk__plate-ycb_apple-ycb_pear_wrapper/desk__plate-ycb_apple-ycb_pear_wrapper__placed_1_ycb_apple.xml:mesh@file; /Users/damirnurtdinov/Desktop/My Courses/Диплом/RL_VLA_Bootstrapping/RL_VLA_Bootstrapping/robots/cdpr/cdpr_dataset/wrappers/desk__plate-ycb_apple-ycb_pear_wrapper/placed_1_ycb_apple.xml:mesh@file; /Users/damirnurtdinov/Desktop/My Courses/Диплом/RL_VLA_Bootstrapping/RL_VLA_Bootstrapping/robots/cdpr/cdpr_dataset/wrappers/desk__plate-ycb_apple_wrapper/desk__plate-ycb_apple_wrapper__placed_1_ycb_apple.xml:mesh@file; /Users/damirnurtdinov/Desktop/My Courses/Диплом/RL_VLA_Bootstrapping/RL_VLA_Bootstrapping/robots/cdpr/cdpr_dataset/wrappers/desk__plate-ycb_apple_wrapper/placed_1_ycb_apple.xml:mesh@file; /Users/damirnurtdinov/Desktop/My Courses/Диплом/RL_VLA_Bootstrapping/RL_VLA_Bootstrapping/robots/cdpr/cdpr_dataset/wrappers/desk__ycb_apple-ycb_baseball-ycb_pear_wrapper/desk__ycb_apple-ycb_baseball-ycb_pear_wrapper__placed_0_ycb_apple.xml:mesh@file; /Users/damirnurtdinov/Desktop/My Courses/Диплом/RL_VLA_Bootstrapping/RL_VLA_Bootstrapping/robots/cdpr/cdpr_dataset/wrappers/desk__ycb_apple-ycb_baseball-ycb_pear_wrapper/placed_0_ycb_apple.xml:mesh@file,22
/Users/damirnurtdinov/Desktop/My Courses/Диплом/CDPR-Dataset/external_assets/ycb_dataset/ycb/apple/textured_coacd_1.stl,mesh,True,0.001606,,ce36994283708fc20b24983baa6ce31957be8db6506049105e8f7209b154218f,/Users/damirnurtdinov/Desktop/My Courses/Диплом/RL_VLA_Bootstrapping/RL_VLA_Bootstrapping/robots/cdpr/cdpr_dataset/wrappers/desk__bowl-plate-ycb_apple-ycb_baseball_wrapper/desk__bowl-plate-ycb_apple-ycb_baseball_wrapper__placed_2_ycb_apple.xml:mesh@file; /Users/damirnurtdinov/Desktop/My Courses/Диплом/RL_VLA_Bootstrapping/RL_VLA_Bootstrapping/robots/cdpr/cdpr_dataset/wrappers/desk__bowl-plate-ycb_apple-ycb_baseball_wrapper/placed_2_ycb_apple.xml:mesh@file; /Users/damirnurtdinov/Desktop/My Courses/Диплом/RL_VLA_Bootstrapping/RL_VLA_Bootstrapping/robots/cdpr/cdpr_dataset/wrappers/desk__bowl-plate-ycb_apple-ycb_pear_wrapper/desk__bowl-plate-ycb_apple-ycb_pear_wrapper__placed_2_ycb_apple.xml:mesh@file; /Users/damirnurtdinov/Desktop/My Courses/Диплом/RL_VLA_Bootstrapping/RL_VLA_Bootstrapping/robots/cdpr/cdpr_dataset/wrappers/desk__bowl-plate-ycb_apple-ycb_pear_wrapper/placed_2_ycb_apple.xml:mesh@file; /Users/damirnurtdinov/Desktop/My Courses/Диплом/RL_VLA_Bootstrapping/RL_VLA_Bootstrapping/robots/cdpr/cdpr_dataset/wrappers/desk__bowl-plate-ycb_apple_wrapper/desk__bowl-plate-ycb_apple_wrapper__placed_2_ycb_apple.xml:mesh@file; /Users/damirnurtdinov/Desktop/My Courses/Диплом/RL_VLA_Bootstrapping/RL_VLA_Bootstrapping/robots/cdpr/cdpr_dataset/wrappers/desk__bowl-plate-ycb_apple_wrapper/placed_2_ycb_apple.xml:mesh@file; /Users/damirnurtdinov/Desktop/My Courses/Диплом/RL_VLA_Bootstrapping/RL_VLA_Bootstrapping/robots/cdpr/cdpr_dataset/wrappers/desk__bowl-ycb_apple-ycb_baseball-ycb_pear_wrapper/desk__bowl-ycb_apple-ycb_baseball-ycb_pear_wrapper__placed_1_ycb_apple.xml:mesh@file; /Users/damirnurtdinov/Desktop/My Courses/Диплом/RL_VLA_Bootstrapping/RL_VLA_Bootstrapping/robots/cdpr/cdpr_dataset/wrappers/desk__bowl-ycb_apple-ycb_baseball-ycb_pear_wrapper/placed_1_ycb_apple.xml:mesh@file; /Users/damirnurtdinov/Desktop/My Courses/Диплом/RL_VLA_Bootstrapping/RL_VLA_Bootstrapping/robots/cdpr/cdpr_dataset/wrappers/desk__bowl-ycb_apple-ycb_baseball_wrapper/desk__bowl-ycb_apple-ycb_baseball_wrapper__placed_1_ycb_apple.xml:mesh@file; /Users/damirnurtdinov/Desktop/My Courses/Диплом/RL_VLA_Bootstrapping/RL_VLA_Bootstrapping/robots/cdpr/cdpr_dataset/wrappers/desk__bowl-ycb_apple-ycb_baseball_wrapper/placed_1_ycb_apple.xml:mesh@file; /Users/damirnurtdinov/Desktop/My Courses/Диплом/RL_VLA_Bootstrapping/RL_VLA_Bootstrapping/robots/cdpr/cdpr_dataset/wrappers/desk__bowl-ycb_apple-ycb_pear_wrapper/desk__bowl-ycb_apple-ycb_pear_wrapper__placed_1_ycb_apple.xml:mesh@file; /Users/damirnurtdinov/Desktop/My Courses/Диплом/RL_VLA_Bootstrapping/RL_VLA_Bootstrapping/robots/cdpr/cdpr_dataset/wrappers/desk__bowl-ycb_apple-ycb_pear_wrapper/placed_1_ycb_apple.xml:mesh@file; /Users/damirnurtdinov/Desktop/My Courses/Диплом/RL_VLA_Bootstrapping/RL_VLA_Bootstrapping/robots/cdpr/cdpr_dataset/wrappers/desk__plate-ycb_apple-ycb_baseball-ycb_pear_wrapper/desk__plate-ycb_apple-ycb_baseball-ycb_pear_wrapper__placed_1_ycb_apple.xml:mesh@file; /Users/damirnurtdinov/Desktop/My Courses/Диплом/RL_VLA_Bootstrapping/RL_VLA_Bootstrapping/robots/cdpr/cdpr_dataset/wrappers/desk__plate-ycb_apple-ycb_baseball-ycb_pear_wrapper/placed_1_ycb_apple.xml:mesh@file; /Users/damirnurtdinov/Desktop/My Courses/Диплом/RL_VLA_Bootstrapping/RL_VLA_Bootstrapping/robots/cdpr/cdpr_dataset/wrappers/desk__plate-ycb_apple-ycb_baseball_wrapper/desk__plate-ycb_apple-ycb_baseball_wrapper__placed_1_ycb_apple.xml:mesh@file; /Users/damirnurtdinov/Desktop/My Courses/Диплом/RL_VLA_Bootstrapping/RL_VLA_Bootstrapping/robots/cdpr/cdpr_dataset/wrappers/desk__plate-ycb_apple-ycb_baseball_wrapper/placed_1_ycb_apple.xml:mesh@file; /Users/damirnurtdinov/Desktop/My Courses/Диплом/RL_VLA_Bootstrapping/RL_VLA_Bootstrapping/robots/cdpr/cdpr_dataset/wrappers/desk__plate-ycb_apple-ycb_pear_wrapper/desk__plate-ycb_apple-ycb_pear_wrapper__placed_1_ycb_apple.xml:mesh@file; /Users/damirnurtdinov/Desktop/My Courses/Диплом/RL_VLA_Bootstrapping/RL_VLA_Bootstrapping/robots/cdpr/cdpr_dataset/wrappers/desk__plate-ycb_apple-ycb_pear_wrapper/placed_1_ycb_apple.xml:mesh@file; /Users/damirnurtdinov/Desktop/My Courses/Диплом/RL_VLA_Bootstrapping/RL_VLA_Bootstrapping/robots/cdpr/cdpr_dataset/wrappers/desk__plate-ycb_apple_wrapper/desk__plate-ycb_apple_wrapper__placed_1_ycb_apple.xml:mesh@file; /Users/damirnurtdinov/Desktop/My Courses/Диплом/RL_VLA_Bootstrapping/RL_VLA_Bootstrapping/robots/cdpr/cdpr_dataset/wrappers/desk__plate-ycb_apple_wrapper/placed_1_ycb_apple.xml:mesh@file; /Users/damirnurtdinov/Desktop/My Courses/Диплом/RL_VLA_Bootstrapping/RL_VLA_Bootstrapping/robots/cdpr/cdpr_dataset/wrappers/desk__ycb_apple-ycb_baseball-ycb_pear_wrapper/desk__ycb_apple-ycb_baseball-ycb_pear_wrapper__placed_0_ycb_apple.xml:mesh@file; /Users/damirnurtdinov/Desktop/My Courses/Диплом/RL_VLA_Bootstrapping/RL_VLA_Bootstrapping/robots/cdpr/cdpr_dataset/wrappers/desk__ycb_apple-ycb_baseball-ycb_pear_wrapper/placed_0_ycb_apple.xml:mesh@file,22
/Users/damirnurtdinov/Desktop/My Courses/Диплом/CDPR-Dataset/external_assets/ycb_dataset/ycb/apple/textured_coacd_2.stl,mesh,True,0.001606,,aff6a7d8e3b93eaa49ed40b01c8bc8464913d597ad910447921dc4a5a93154c9,/Users/damirnurtdinov/Desktop/My Courses/Диплом/RL_VLA_Bootstrapping/RL_VLA_Bootstrapping/robots/cdpr/cdpr_dataset/wrappers/desk__bowl-plate-ycb_apple-ycb_baseball_wrapper/desk__bowl-plate-ycb_apple-ycb_baseball_wrapper__placed_2_ycb_apple.xml:mesh@file; /Users/damirnurtdinov/Desktop/My Courses/Диплом/RL_VLA_Bootstrapping/RL_VLA_Bootstrapping/robots/cdpr/cdpr_dataset/wrappers/desk__bowl-plate-ycb_apple-ycb_baseball_wrapper/placed_2_ycb_apple.xml:mesh@file; /Users/damirnurtdinov/Desktop/My Courses/Диплом/RL_VLA_Bootstrapping/RL_VLA_Bootstrapping/robots/cdpr/cdpr_dataset/wrappers/desk__bowl-plate-ycb_apple-ycb_pear_wrapper/desk__bowl-plate-ycb_apple-ycb_pear_wrapper__placed_2_ycb_apple.xml:mesh@file; /Users/damirnurtdinov/Desktop/My Courses/Диплом/RL_VLA_Bootstrapping/RL_VLA_Bootstrapping/robots/cdpr/cdpr_dataset/wrappers/desk__bowl-plate-ycb_apple-ycb_pear_wrapper/placed_2_ycb_apple.xml:mesh@file; /Users/damirnurtdinov/Desktop/My Courses/Диплом/RL_VLA_Bootstrapping/RL_VLA_Bootstrapping/robots/cdpr/cdpr_dataset/wrappers/desk__bowl-plate-ycb_apple_wrapper/desk__bowl-plate-ycb_apple_wrapper__placed_2_ycb_apple.xml:mesh@file; /Users/damirnurtdinov/Desktop/My Courses/Диплом/RL_VLA_Bootstrapping/RL_VLA_Bootstrapping/robots/cdpr/cdpr_dataset/wrappers/desk__bowl-plate-ycb_apple_wrapper/placed_2_ycb_apple.xml:mesh@file; /Users/damirnurtdinov/Desktop/My Courses/Диплом/RL_VLA_Bootstrapping/RL_VLA_Bootstrapping/robots/cdpr/cdpr_dataset/wrappers/desk__bowl-ycb_apple-ycb_baseball-ycb_pear_wrapper/desk__bowl-ycb_apple-ycb_baseball-ycb_pear_wrapper__placed_1_ycb_apple.xml:mesh@file; /Users/damirnurtdinov/Desktop/My Courses/Диплом/RL_VLA_Bootstrapping/RL_VLA_Bootstrapping/robots/cdpr/cdpr_dataset/wrappers/desk__bowl-ycb_apple-ycb_baseball-ycb_pear_wrapper/placed_1_ycb_apple.xml:mesh@file; /Users/damirnurtdinov/Desktop/My Courses/Диплом/RL_VLA_Bootstrapping/RL_VLA_Bootstrapping/robots/cdpr/cdpr_dataset/wrappers/desk__bowl-ycb_apple-ycb_baseball_wrapper/desk__bowl-ycb_apple-ycb_baseball_wrapper__placed_1_ycb_apple.xml:mesh@file; /Users/damirnurtdinov/Desktop/My Courses/Диплом/RL_VLA_Bootstrapping/RL_VLA_Bootstrapping/robots/cdpr/cdpr_dataset/wrappers/desk__bowl-ycb_apple-ycb_baseball_wrapper/placed_1_ycb_apple.xml:mesh@file; /Users/damirnurtdinov/Desktop/My Courses/Диплом/RL_VLA_Bootstrapping/RL_VLA_Bootstrapping/robots/cdpr/cdpr_dataset/wrappers/desk__bowl-ycb_apple-ycb_pear_wrapper/desk__bowl-ycb_apple-ycb_pear_wrapper__placed_1_ycb_apple.xml:mesh@file; /Users/damirnurtdinov/Desktop/My Courses/Диплом/RL_VLA_Bootstrapping/RL_VLA_Bootstrapping/robots/cdpr/cdpr_dataset/wrappers/desk__bowl-ycb_apple-ycb_pear_wrapper/placed_1_ycb_apple.xml:mesh@file; /Users/damirnurtdinov/Desktop/My Courses/Диплом/RL_VLA_Bootstrapping/RL_VLA_Bootstrapping/robots/cdpr/cdpr_dataset/wrappers/desk__plate-ycb_apple-ycb_baseball-ycb_pear_wrapper/desk__plate-ycb_apple-ycb_baseball-ycb_pear_wrapper__placed_1_ycb_apple.xml:mesh@file; /Users/damirnurtdinov/Desktop/My Courses/Диплом/RL_VLA_Bootstrapping/RL_VLA_Bootstrapping/robots/cdpr/cdpr_dataset/wrappers/desk__plate-ycb_apple-ycb_baseball-ycb_pear_wrapper/placed_1_ycb_apple.xml:mesh@file; /Users/damirnurtdinov/Desktop/My Courses/Диплом/RL_VLA_Bootstrapping/RL_VLA_Bootstrapping/robots/cdpr/cdpr_dataset/wrappers/desk__plate-ycb_apple-ycb_baseball_wrapper/desk__plate-ycb_apple-ycb_baseball_wrapper__placed_1_ycb_apple.xml:mesh@file; /Users/damirnurtdinov/Desktop/My Courses/Диплом/RL_VLA_Bootstrapping/RL_VLA_Bootstrapping/robots/cdpr/cdpr_dataset/wrappers/desk__plate-ycb_apple-ycb_baseball_wrapper/placed_1_ycb_apple.xml:mesh@file; /Users/damirnurtdinov/Desktop/My Courses/Диплом/RL_VLA_Bootstrapping/RL_VLA_Bootstrapping/robots/cdpr/cdpr_dataset/wrappers/desk__plate-ycb_apple-ycb_pear_wrapper/desk__plate-ycb_apple-ycb_pear_wrapper__placed_1_ycb_apple.xml:mesh@file; /Users/damirnurtdinov/Desktop/My Courses/Диплом/RL_VLA_Bootstrapping/RL_VLA_Bootstrapping/robots/cdpr/cdpr_dataset/wrappers/desk__plate-ycb_apple-ycb_pear_wrapper/placed_1_ycb_apple.xml:mesh@file; /Users/damirnurtdinov/Desktop/My Courses/Диплом/RL_VLA_Bootstrapping/RL_VLA_Bootstrapping/robots/cdpr/cdpr_dataset/wrappers/desk__plate-ycb_apple_wrapper/desk__plate-ycb_apple_wrapper__placed_1_ycb_apple.xml:mesh@file; /Users/damirnurtdinov/Desktop/My Courses/Диплом/RL_VLA_Bootstrapping/RL_VLA_Bootstrapping/robots/cdpr/cdpr_dataset/wrappers/desk__plate-ycb_apple_wrapper/placed_1_ycb_apple.xml:mesh@file; /Users/damirnurtdinov/Desktop/My Courses/Диплом/RL_VLA_Bootstrapping/RL_VLA_Bootstrapping/robots/cdpr/cdpr_dataset/wrappers/desk__ycb_apple-ycb_baseball-ycb_pear_wrapper/desk__ycb_apple-ycb_baseball-ycb_pear_wrapper__placed_0_ycb_apple.xml:mesh@file; /Users/damirnurtdinov/Desktop/My Courses/Диплом/RL_VLA_Bootstrapping/RL_VLA_Bootstrapping/robots/cdpr/cdpr_dataset/wrappers/desk__ycb_apple-ycb_baseball-ycb_pear_wrapper/placed_0_ycb_apple.xml:mesh@file,22
/Users/damirnurtdinov/Desktop/My Courses/Диплом/CDPR-Dataset/external_assets/ycb_dataset/ycb/apple/textured_coacd_3.stl,mesh,True,0.001606,,6ccf36e26816be7b22b757cd1bfffeafa1590e53f3672db021b2ae4eee875259,/Users/damirnurtdinov/Desktop/My Courses/Диплом/RL_VLA_Bootstrapping/RL_VLA_Bootstrapping/robots/cdpr/cdpr_dataset/wrappers/desk__bowl-plate-ycb_apple-ycb_baseball_wrapper/desk__bowl-plate-ycb_apple-ycb_baseball_wrapper__placed_2_ycb_apple.xml:mesh@file; /Users/damirnurtdinov/Desktop/My Courses/Диплом/RL_VLA_Bootstrapping/RL_VLA_Bootstrapping/robots/cdpr/cdpr_dataset/wrappers/desk__bowl-plate-ycb_apple-ycb_baseball_wrapper/placed_2_ycb_apple.xml:mesh@file; /Users/damirnurtdinov/Desktop/My Courses/Диплом/RL_VLA_Bootstrapping/RL_VLA_Bootstrapping/robots/cdpr/cdpr_dataset/wrappers/desk__bowl-plate-ycb_apple-ycb_pear_wrapper/desk__bowl-plate-ycb_apple-ycb_pear_wrapper__placed_2_ycb_apple.xml:mesh@file; /Users/damirnurtdinov/Desktop/My Courses/Диплом/RL_VLA_Bootstrapping/RL_VLA_Bootstrapping/robots/cdpr/cdpr_dataset/wrappers/desk__bowl-plate-ycb_apple-ycb_pear_wrapper/placed_2_ycb_apple.xml:mesh@file; /Users/damirnurtdinov/Desktop/My Courses/Диплом/RL_VLA_Bootstrapping/RL_VLA_Bootstrapping/robots/cdpr/cdpr_dataset/wrappers/desk__bowl-plate-ycb_apple_wrapper/desk__bowl-plate-ycb_apple_wrapper__placed_2_ycb_apple.xml:mesh@file; /Users/damirnurtdinov/Desktop/My Courses/Диплом/RL_VLA_Bootstrapping/RL_VLA_Bootstrapping/robots/cdpr/cdpr_dataset/wrappers/desk__bowl-plate-ycb_apple_wrapper/placed_2_ycb_apple.xml:mesh@file; /Users/damirnurtdinov/Desktop/My Courses/Диплом/RL_VLA_Bootstrapping/RL_VLA_Bootstrapping/robots/cdpr/cdpr_dataset/wrappers/desk__bowl-ycb_apple-ycb_baseball-ycb_pear_wrapper/desk__bowl-ycb_apple-ycb_baseball-ycb_pear_wrapper__placed_1_ycb_apple.xml:mesh@file; /Users/damirnurtdinov/Desktop/My Courses/Диплом/RL_VLA_Bootstrapping/RL_VLA_Bootstrapping/robots/cdpr/cdpr_dataset/wrappers/desk__bowl-ycb_apple-ycb_baseball-ycb_pear_wrapper/placed_1_ycb_apple.xml:mesh@file; /Users/damirnurtdinov/Desktop/My Courses/Диплом/RL_VLA_Bootstrapping/RL_VLA_Bootstrapping/robots/cdpr/cdpr_dataset/wrappers/desk__bowl-ycb_apple-ycb_baseball_wrapper/desk__bowl-ycb_apple-ycb_baseball_wrapper__placed_1_ycb_apple.xml:mesh@file; /Users/damirnurtdinov/Desktop/My Courses/Диплом/RL_VLA_Bootstrapping/RL_VLA_Bootstrapping/robots/cdpr/cdpr_dataset/wrappers/desk__bowl-ycb_apple-ycb_baseball_wrapper/placed_1_ycb_apple.xml:mesh@file; /Users/damirnurtdinov/Desktop/My Courses/Диплом/RL_VLA_Bootstrapping/RL_VLA_Bootstrapping/robots/cdpr/cdpr_dataset/wrappers/desk__bowl-ycb_apple-ycb_pear_wrapper/desk__bowl-ycb_apple-ycb_pear_wrapper__placed_1_ycb_apple.xml:mesh@file; /Users/damirnurtdinov/Desktop/My Courses/Диплом/RL_VLA_Bootstrapping/RL_VLA_Bootstrapping/robots/cdpr/cdpr_dataset/wrappers/desk__bowl-ycb_apple-ycb_pear_wrapper/placed_1_ycb_apple.xml:mesh@file; /Users/damirnurtdinov/Desktop/My Courses/Диплом/RL_VLA_Bootstrapping/RL_VLA_Bootstrapping/robots/cdpr/cdpr_dataset/wrappers/desk__plate-ycb_apple-ycb_baseball-ycb_pear_wrapper/desk__plate-ycb_apple-ycb_baseball-ycb_pear_wrapper__placed_1_ycb_apple.xml:mesh@file; /Users/damirnurtdinov/Desktop/My Courses/Диплом/RL_VLA_Bootstrapping/RL_VLA_Bootstrapping/robots/cdpr/cdpr_dataset/wrappers/desk__plate-ycb_apple-ycb_baseball-ycb_pear_wrapper/placed_1_ycb_apple.xml:mesh@file; /Users/damirnurtdinov/Desktop/My Courses/Диплом/RL_VLA_Bootstrapping/RL_VLA_Bootstrapping/robots/cdpr/cdpr_dataset/wrappers/desk__plate-ycb_apple-ycb_baseball_wrapper/desk__plate-ycb_apple-ycb_baseball_wrapper__placed_1_ycb_apple.xml:mesh@file; /Users/damirnurtdinov/Desktop/My Courses/Диплом/RL_VLA_Bootstrapping/RL_VLA_Bootstrapping/robots/cdpr/cdpr_dataset/wrappers/desk__plate-ycb_apple-ycb_baseball_wrapper/placed_1_ycb_apple.xml:mesh@file; /Users/damirnurtdinov/Desktop/My Courses/Диплом/RL_VLA_Bootstrapping/RL_VLA_Bootstrapping/robots/cdpr/cdpr_dataset/wrappers/desk__plate-ycb_apple-ycb_pear_wrapper/desk__plate-ycb_apple-ycb_pear_wrapper__placed_1_ycb_apple.xml:mesh@file; /Users/damirnurtdinov/Desktop/My Courses/Диплом/RL_VLA_Bootstrapping/RL_VLA_Bootstrapping/robots/cdpr/cdpr_dataset/wrappers/desk__plate-ycb_apple-ycb_pear_wrapper/placed_1_ycb_apple.xml:mesh@file; /Users/damirnurtdinov/Desktop/My Courses/Диплом/RL_VLA_Bootstrapping/RL_VLA_Bootstrapping/robots/cdpr/cdpr_dataset/wrappers/desk__plate-ycb_apple_wrapper/desk__plate-ycb_apple_wrapper__placed_1_ycb_apple.xml:mesh@file; /Users/damirnurtdinov/Desktop/My Courses/Диплом/RL_VLA_Bootstrapping/RL_VLA_Bootstrapping/robots/cdpr/cdpr_dataset/wrappers/desk__plate-ycb_apple_wrapper/placed_1_ycb_apple.xml:mesh@file; /Users/damirnurtdinov/Desktop/My Courses/Диплом/RL_VLA_Bootstrapping/RL_VLA_Bootstrapping/robots/cdpr/cdpr_dataset/wrappers/desk__ycb_apple-ycb_baseball-ycb_pear_wrapper/desk__ycb_apple-ycb_baseball-ycb_pear_wrapper__placed_0_ycb_apple.xml:mesh@file; /Users/damirnurtdinov/Desktop/My Courses/Диплом/RL_VLA_Bootstrapping/RL_VLA_Bootstrapping/robots/cdpr/cdpr_dataset/wrappers/desk__ycb_apple-ycb_baseball-ycb_pear_wrapper/placed_0_ycb_apple.xml:mesh@file,22
/Users/damirnurtdinov/Desktop/My Courses/Диплом/CDPR-Dataset/external_assets/ycb_dataset/ycb/apple/textured_coacd_4.stl,mesh,True,0.001606,,47324da9b10187c2cea7d9ef8750414175d3e29eb69cf34804349469d4429498,/Users/damirnurtdinov/Desktop/My Courses/Диплом/RL_VLA_Bootstrapping/RL_VLA_Bootstrapping/robots/cdpr/cdpr_dataset/wrappers/desk__bowl-plate-ycb_apple-ycb_baseball_wrapper/desk__bowl-plate-ycb_apple-ycb_baseball_wrapper__placed_2_ycb_apple.xml:mesh@file; /Users/damirnurtdinov/Desktop/My Courses/Диплом/RL_VLA_Bootstrapping/RL_VLA_Bootstrapping/robots/cdpr/cdpr_dataset/wrappers/desk__bowl-plate-ycb_apple-ycb_baseball_wrapper/placed_2_ycb_apple.xml:mesh@file; /Users/damirnurtdinov/Desktop/My Courses/Диплом/RL_VLA_Bootstrapping/RL_VLA_Bootstrapping/robots/cdpr/cdpr_dataset/wrappers/desk__bowl-plate-ycb_apple-ycb_pear_wrapper/desk__bowl-plate-ycb_apple-ycb_pear_wrapper__placed_2_ycb_apple.xml:mesh@file; /Users/damirnurtdinov/Desktop/My Courses/Диплом/RL_VLA_Bootstrapping/RL_VLA_Bootstrapping/robots/cdpr/cdpr_dataset/wrappers/desk__bowl-plate-ycb_apple-ycb_pear_wrapper/placed_2_ycb_apple.xml:mesh@file; /Users/damirnurtdinov/Desktop/My Courses/Диплом/RL_VLA_Bootstrapping/RL_VLA_Bootstrapping/robots/cdpr/cdpr_dataset/wrappers/desk__bowl-plate-ycb_apple_wrapper/desk__bowl-plate-ycb_apple_wrapper__placed_2_ycb_apple.xml:mesh@file; /Users/damirnurtdinov/Desktop/My Courses/Диплом/RL_VLA_Bootstrapping/RL_VLA_Bootstrapping/robots/cdpr/cdpr_dataset/wrappers/desk__bowl-plate-ycb_apple_wrapper/placed_2_ycb_apple.xml:mesh@file; /Users/damirnurtdinov/Desktop/My Courses/Диплом/RL_VLA_Bootstrapping/RL_VLA_Bootstrapping/robots/cdpr/cdpr_dataset/wrappers/desk__bowl-ycb_apple-ycb_baseball-ycb_pear_wrapper/desk__bowl-ycb_apple-ycb_baseball-ycb_pear_wrapper__placed_1_ycb_apple.xml:mesh@file; /Users/damirnurtdinov/Desktop/My Courses/Диплом/RL_VLA_Bootstrapping/RL_VLA_Bootstrapping/robots/cdpr/cdpr_dataset/wrappers/desk__bowl-ycb_apple-ycb_baseball-ycb_pear_wrapper/placed_1_ycb_apple.xml:mesh@file; /Users/damirnurtdinov/Desktop/My Courses/Диплом/RL_VLA_Bootstrapping/RL_VLA_Bootstrapping/robots/cdpr/cdpr_dataset/wrappers/desk__bowl-ycb_apple-ycb_baseball_wrapper/desk__bowl-ycb_apple-ycb_baseball_wrapper__placed_1_ycb_apple.xml:mesh@file; /Users/damirnurtdinov/Desktop/My Courses/Диплом/RL_VLA_Bootstrapping/RL_VLA_Bootstrapping/robots/cdpr/cdpr_dataset/wrappers/desk__bowl-ycb_apple-ycb_baseball_wrapper/placed_1_ycb_apple.xml:mesh@file; /Users/damirnurtdinov/Desktop/My Courses/Диплом/RL_VLA_Bootstrapping/RL_VLA_Bootstrapping/robots/cdpr/cdpr_dataset/wrappers/desk__bowl-ycb_apple-ycb_pear_wrapper/desk__bowl-ycb_apple-ycb_pear_wrapper__placed_1_ycb_apple.xml:mesh@file; /Users/damirnurtdinov/Desktop/My Courses/Диплом/RL_VLA_Bootstrapping/RL_VLA_Bootstrapping/robots/cdpr/cdpr_dataset/wrappers/desk__bowl-ycb_apple-ycb_pear_wrapper/placed_1_ycb_apple.xml:mesh@file; /Users/damirnurtdinov/Desktop/My Courses/Диплом/RL_VLA_Bootstrapping/RL_VLA_Bootstrapping/robots/cdpr/cdpr_dataset/wrappers/desk__plate-ycb_apple-ycb_baseball-ycb_pear_wrapper/desk__plate-ycb_apple-ycb_baseball-ycb_pear_wrapper__placed_1_ycb_apple.xml:mesh@file; /Users/damirnurtdinov/Desktop/My Courses/Диплом/RL_VLA_Bootstrapping/RL_VLA_Bootstrapping/robots/cdpr/cdpr_dataset/wrappers/desk__plate-ycb_apple-ycb_baseball-ycb_pear_wrapper/placed_1_ycb_apple.xml:mesh@file; /Users/damirnurtdinov/Desktop/My Courses/Диплом/RL_VLA_Bootstrapping/RL_VLA_Bootstrapping/robots/cdpr/cdpr_dataset/wrappers/desk__plate-ycb_apple-ycb_baseball_wrapper/desk__plate-ycb_apple-ycb_baseball_wrapper__placed_1_ycb_apple.xml:mesh@file; /Users/damirnurtdinov/Desktop/My Courses/Диплом/RL_VLA_Bootstrapping/RL_VLA_Bootstrapping/robots/cdpr/cdpr_dataset/wrappers/desk__plate-ycb_apple-ycb_baseball_wrapper/placed_1_ycb_apple.xml:mesh@file; /Users/damirnurtdinov/Desktop/My Courses/Диплом/RL_VLA_Bootstrapping/RL_VLA_Bootstrapping/robots/cdpr/cdpr_dataset/wrappers/desk__plate-ycb_apple-ycb_pear_wrapper/desk__plate-ycb_apple-ycb_pear_wrapper__placed_1_ycb_apple.xml:mesh@file; /Users/damirnurtdinov/Desktop/My Courses/Диплом/RL_VLA_Bootstrapping/RL_VLA_Bootstrapping/robots/cdpr/cdpr_dataset/wrappers/desk__plate-ycb_apple-ycb_pear_wrapper/placed_1_ycb_apple.xml:mesh@file; /Users/damirnurtdinov/Desktop/My Courses/Диплом/RL_VLA_Bootstrapping/RL_VLA_Bootstrapping/robots/cdpr/cdpr_dataset/wrappers/desk__plate-ycb_apple_wrapper/desk__plate-ycb_apple_wrapper__placed_1_ycb_apple.xml:mesh@file; /Users/damirnurtdinov/Desktop/My Courses/Диплом/RL_VLA_Bootstrapping/RL_VLA_Bootstrapping/robots/cdpr/cdpr_dataset/wrappers/desk__plate-ycb_apple_wrapper/placed_1_ycb_apple.xml:mesh@file; /Users/damirnurtdinov/Desktop/My Courses/Диплом/RL_VLA_Bootstrapping/RL_VLA_Bootstrapping/robots/cdpr/cdpr_dataset/wrappers/desk__ycb_apple-ycb_baseball-ycb_pear_wrapper/desk__ycb_apple-ycb_baseball-ycb_pear_wrapper__placed_0_ycb_apple.xml:mesh@file; /Users/damirnurtdinov/Desktop/My Courses/Диплом/RL_VLA_Bootstrapping/RL_VLA_Bootstrapping/robots/cdpr/cdpr_dataset/wrappers/desk__ycb_apple-ycb_baseball-ycb_pear_wrapper/placed_0_ycb_apple.xml:mesh@file,22
/Users/damirnurtdinov/Desktop/My Courses/Диплом/CDPR-Dataset/external_assets/ycb_dataset/ycb/b_cups/texture_map.png,texture_or_image,True,0.570045,1024x1024,a321c1704c449ecb16ade8272f6a59ce036adc256bcf8f2691f6db303ac24e90,/Users/damirnurtdinov/Desktop/My Courses/Диплом/RL_VLA_Bootstrapping/RL_VLA_Bootstrapping/robots/cdpr/cdpr_dataset/wrappers/desk__bowl-ycb_b_cups-ycb_baseball/placed_2_ycb_b_cups.xml:texture@file,1
/Users/damirnurtdinov/Desktop/My Courses/Диплом/CDPR-Dataset/external_assets/ycb_dataset/ycb/b_cups/textured.obj,mesh,True,1.511370,,bc8116ecc1c0951f25e079cd92b525e24c601eaf073d6bfa1c933ccbe7de11c5,/Users/damirnurtdinov/Desktop/My Courses/Диплом/RL_VLA_Bootstrapping/RL_VLA_Bootstrapping/robots/cdpr/cdpr_dataset/wrappers/desk__bowl-ycb_b_cups-ycb_baseball/placed_2_ycb_b_cups.xml:mesh@file,1
/Users/damirnurtdinov/Desktop/My Courses/Диплом/CDPR-Dataset/external_assets/ycb_dataset/ycb/b_cups/textured_coacd_0.stl,mesh,True,0.001606,,732f095dd6a5ce7ffaf16e8f0102c855a50fb344f9101290a058cbebc5d61cbb,/Users/damirnurtdinov/Desktop/My Courses/Диплом/RL_VLA_Bootstrapping/RL_VLA_Bootstrapping/robots/cdpr/cdpr_dataset/wrappers/desk__bowl-ycb_b_cups-ycb_baseball/placed_2_ycb_b_cups.xml:mesh@file,1
/Users/damirnurtdinov/Desktop/My Courses/Диплом/CDPR-Dataset/external_assets/ycb_dataset/ycb/b_cups/textured_coacd_1.stl,mesh,True,0.001606,,c75d7fd7cb8fcd9ba6f443fcc71e9788d2650005ea3cf4f423e05f9d231f30d1,/Users/damirnurtdinov/Desktop/My Courses/Диплом/RL_VLA_Bootstrapping/RL_VLA_Bootstrapping/robots/cdpr/cdpr_dataset/wrappers/desk__bowl-ycb_b_cups-ycb_baseball/placed_2_ycb_b_cups.xml:mesh@file,1
/Users/damirnurtdinov/Desktop/My Courses/Диплом/CDPR-Dataset/external_assets/ycb_dataset/ycb/b_cups/textured_coacd_2.stl,mesh,True,0.001606,,bd67dcf115b434b7300dbbe53cff33152c5a84ec6b9e0683ae9800d701285f2e,/Users/damirnurtdinov/Desktop/My Courses/Диплом/RL_VLA_Bootstrapping/RL_VLA_Bootstrapping/robots/cdpr/cdpr_dataset/wrappers/desk__bowl-ycb_b_cups-ycb_baseball/placed_2_ycb_b_cups.xml:mesh@file,1
/Users/damirnurtdinov/Desktop/My Courses/Диплом/CDPR-Dataset/external_assets/ycb_dataset/ycb/b_cups/textured_coacd_3.stl,mesh,True,0.001606,,d04049ba6f40f9c5942737116afb9c75f2b07213d915ef4e8a6eb9cdc58eed02,/Users/damirnurtdinov/Desktop/My Courses/Диплом/RL_VLA_Bootstrapping/RL_VLA_Bootstrapping/robots/cdpr/cdpr_dataset/wrappers/desk__bowl-ycb_b_cups-ycb_baseball/placed_2_ycb_b_cups.xml:mesh@file,1
/Users/damirnurtdinov/Desktop/My Courses/Диплом/CDPR-Dataset/external_assets/ycb_dataset/ycb/b_cups/textured_coacd_4.stl,mesh,True,0.001606,,1c3ea6216140c7896e8b4a9eaf8a0569421a15cc894c6b848e64d4d0d50a9f92,/Users/damirnurtdinov/Desktop/My Courses/Диплом/RL_VLA_Bootstrapping/RL_VLA_Bootstrapping/robots/cdpr/cdpr_dataset/wrappers/desk__bowl-ycb_b_cups-ycb_baseball/placed_2_ycb_b_cups.xml:mesh@file,1
/Users/damirnurtdinov/Desktop/My Courses/Диплом/CDPR-Dataset/external_assets/ycb_dataset/ycb/baseball/texture_map.png,texture_or_image,True,0.523087,1024x1024,5a9cb00a3d3cc22367d4aab7d2b2f984df7e410f79910c8baa85dc1551629944,/Users/damirnurtdinov/Desktop/My Courses/Диплом/RL_VLA_Bootstrapping/RL_VLA_Bootstrapping/robots/cdpr/cdpr_dataset/wrappers/desk__bowl-plate-ycb_apple-ycb_baseball_wrapper/desk__bowl-plate-ycb_apple-ycb_baseball_wrapper__placed_3_ycb_baseball.xml:texture@file; /Users/damirnurtdinov/Desktop/My Courses/Диплом/RL_VLA_Bootstrapping/RL_VLA_Bootstrapping/robots/cdpr/cdpr_dataset/wrappers/desk__bowl-plate-ycb_apple-ycb_baseball_wrapper/placed_3_ycb_baseball.xml:texture@file; /Users/damirnurtdinov/Desktop/My Courses/Диплом/RL_VLA_Bootstrapping/RL_VLA_Bootstrapping/robots/cdpr/cdpr_dataset/wrappers/desk__bowl-plate-ycb_baseball-ycb_peach/placed_3_ycb_baseball.xml:texture@file; /Users/damirnurtdinov/Desktop/My Courses/Диплом/RL_VLA_Bootstrapping/RL_VLA_Bootstrapping/robots/cdpr/cdpr_dataset/wrappers/desk__bowl-plate-ycb_baseball-ycb_pear_wrapper/desk__bowl-plate-ycb_baseball-ycb_pear_wrapper__placed_2_ycb_baseball.xml:texture@file; /Users/damirnurtdinov/Desktop/My Courses/Диплом/RL_VLA_Bootstrapping/RL_VLA_Bootstrapping/robots/cdpr/cdpr_dataset/wrappers/desk__bowl-plate-ycb_baseball-ycb_pear_wrapper/placed_2_ycb_baseball.xml:texture@file; /Users/damirnurtdinov/Desktop/My Courses/Диплом/RL_VLA_Bootstrapping/RL_VLA_Bootstrapping/robots/cdpr/cdpr_dataset/wrappers/desk__bowl-plate-ycb_baseball_wrapper/desk__bowl-plate-ycb_baseball_wrapper__placed_2_ycb_baseball.xml:texture@file; /Users/damirnurtdinov/Desktop/My Courses/Диплом/RL_VLA_Bootstrapping/RL_VLA_Bootstrapping/robots/cdpr/cdpr_dataset/wrappers/desk__bowl-plate-ycb_baseball_wrapper/placed_2_ycb_baseball.xml:texture@file; /Users/damirnurtdinov/Desktop/My Courses/Диплом/RL_VLA_Bootstrapping/RL_VLA_Bootstrapping/robots/cdpr/cdpr_dataset/wrappers/desk__bowl-ycb_apple-ycb_baseball-ycb_pear_wrapper/desk__bowl-ycb_apple-ycb_baseball-ycb_pear_wrapper__placed_2_ycb_baseball.xml:texture@file; /Users/damirnurtdinov/Desktop/My Courses/Диплом/RL_VLA_Bootstrapping/RL_VLA_Bootstrapping/robots/cdpr/cdpr_dataset/wrappers/desk__bowl-ycb_apple-ycb_baseball-ycb_pear_wrapper/placed_2_ycb_baseball.xml:texture@file; /Users/damirnurtdinov/Desktop/My Courses/Диплом/RL_VLA_Bootstrapping/RL_VLA_Bootstrapping/robots/cdpr/cdpr_dataset/wrappers/desk__bowl-ycb_apple-ycb_baseball_wrapper/desk__bowl-ycb_apple-ycb_baseball_wrapper__placed_2_ycb_baseball.xml:texture@file; /Users/damirnurtdinov/Desktop/My Courses/Диплом/RL_VLA_Bootstrapping/RL_VLA_Bootstrapping/robots/cdpr/cdpr_dataset/wrappers/desk__bowl-ycb_apple-ycb_baseball_wrapper/placed_2_ycb_baseball.xml:texture@file; /Users/damirnurtdinov/Desktop/My Courses/Диплом/RL_VLA_Bootstrapping/RL_VLA_Bootstrapping/robots/cdpr/cdpr_dataset/wrappers/desk__bowl-ycb_b_cups-ycb_baseball/placed_0_ycb_baseball.xml:texture@file; /Users/damirnurtdinov/Desktop/My Courses/Диплом/RL_VLA_Bootstrapping/RL_VLA_Bootstrapping/robots/cdpr/cdpr_dataset/wrappers/desk__bowl-ycb_baseball-ycb_peach/placed_0_ycb_baseball.xml:texture@file; /Users/damirnurtdinov/Desktop/My Courses/Диплом/RL_VLA_Bootstrapping/RL_VLA_Bootstrapping/robots/cdpr/cdpr_dataset/wrappers/desk__plate-ycb_apple-ycb_baseball-ycb_pear_wrapper/desk__plate-ycb_apple-ycb_baseball-ycb_pear_wrapper__placed_2_ycb_baseball.xml:texture@file; /Users/damirnurtdinov/Desktop/My Courses/Диплом/RL_VLA_Bootstrapping/RL_VLA_Bootstrapping/robots/cdpr/cdpr_dataset/wrappers/desk__plate-ycb_apple-ycb_baseball-ycb_pear_wrapper/placed_2_ycb_baseball.xml:texture@file; /Users/damirnurtdinov/Desktop/My Courses/Диплом/RL_VLA_Bootstrapping/RL_VLA_Bootstrapping/robots/cdpr/cdpr_dataset/wrappers/desk__plate-ycb_apple-ycb_baseball_wrapper/desk__plate-ycb_apple-ycb_baseball_wrapper__placed_2_ycb_baseball.xml:texture@file; /Users/damirnurtdinov/Desktop/My Courses/Диплом/RL_VLA_Bootstrapping/RL_VLA_Bootstrapping/robots/cdpr/cdpr_dataset/wrappers/desk__plate-ycb_apple-ycb_baseball_wrapper/placed_2_ycb_baseball.xml:texture@file; /Users/damirnurtdinov/Desktop/My Courses/Диплом/RL_VLA_Bootstrapping/RL_VLA_Bootstrapping/robots/cdpr/cdpr_dataset/wrappers/desk__plate-ycb_baseball-ycb_pear/desk__plate-ycb_baseball-ycb_pear__rltmp_1779358383892150000__placed_2_ycb_baseball.xml:texture@file; /Users/damirnurtdinov/Desktop/My Courses/Диплом/RL_VLA_Bootstrapping/RL_VLA_Bootstrapping/robots/cdpr/cdpr_dataset/wrappers/desk__plate-ycb_baseball-ycb_pear/desk__plate-ycb_baseball-ycb_pear__rltmp_1779358406810652000__placed_2_ycb_baseball.xml:texture@file; /Users/damirnurtdinov/Desktop/My Courses/Диплом/RL_VLA_Bootstrapping/RL_VLA_Bootstrapping/robots/cdpr/cdpr_dataset/wrappers/desk__plate-ycb_baseball-ycb_pear/placed_2_ycb_baseball.xml:texture@file; /Users/damirnurtdinov/Desktop/My Courses/Диплом/RL_VLA_Bootstrapping/RL_VLA_Bootstrapping/robots/cdpr/cdpr_dataset/wrappers/desk__plate-ycb_baseball-ycb_pear_wrapper/desk__plate-ycb_baseball-ycb_pear_wrapper__placed_1_ycb_baseball.xml:texture@file; /Users/damirnurtdinov/Desktop/My Courses/Диплом/RL_VLA_Bootstrapping/RL_VLA_Bootstrapping/robots/cdpr/cdpr_dataset/wrappers/desk__plate-ycb_baseball-ycb_pear_wrapper/placed_1_ycb_baseball.xml:texture@file; /Users/damirnurtdinov/Desktop/My Courses/Диплом/RL_VLA_Bootstrapping/RL_VLA_Bootstrapping/robots/cdpr/cdpr_dataset/wrappers/desk__ycb_apple-ycb_baseball-ycb_pear_wrapper/desk__ycb_apple-ycb_baseball-ycb_pear_wrapper__placed_1_ycb_baseball.xml:texture@file; /Users/damirnurtdinov/Desktop/My Courses/Диплом/RL_VLA_Bootstrapping/RL_VLA_Bootstrapping/robots/cdpr/cdpr_dataset/wrappers/desk__ycb_apple-ycb_baseball-ycb_pear_wrapper/placed_1_ycb_baseball.xml:texture@file,24
/Users/damirnurtdinov/Desktop/My Courses/Диплом/CDPR-Dataset/external_assets/ycb_dataset/ycb/baseball/textured.obj,mesh,True,1.506566,,e4e93049964dfbed4190c05bee66bdfd0dad41b7ab403d485fecc7925f364d95,/Users/damirnurtdinov/Desktop/My Courses/Диплом/RL_VLA_Bootstrapping/RL_VLA_Bootstrapping/robots/cdpr/cdpr_dataset/wrappers/desk__bowl-plate-ycb_apple-ycb_baseball_wrapper/desk__bowl-plate-ycb_apple-ycb_baseball_wrapper__placed_3_ycb_baseball.xml:mesh@file; /Users/damirnurtdinov/Desktop/My Courses/Диплом/RL_VLA_Bootstrapping/RL_VLA_Bootstrapping/robots/cdpr/cdpr_dataset/wrappers/desk__bowl-plate-ycb_apple-ycb_baseball_wrapper/placed_3_ycb_baseball.xml:mesh@file; /Users/damirnurtdinov/Desktop/My Courses/Диплом/RL_VLA_Bootstrapping/RL_VLA_Bootstrapping/robots/cdpr/cdpr_dataset/wrappers/desk__bowl-plate-ycb_baseball-ycb_peach/placed_3_ycb_baseball.xml:mesh@file; /Users/damirnurtdinov/Desktop/My Courses/Диплом/RL_VLA_Bootstrapping/RL_VLA_Bootstrapping/robots/cdpr/cdpr_dataset/wrappers/desk__bowl-plate-ycb_baseball-ycb_pear_wrapper/desk__bowl-plate-ycb_baseball-ycb_pear_wrapper__placed_2_ycb_baseball.xml:mesh@file; /Users/damirnurtdinov/Desktop/My Courses/Диплом/RL_VLA_Bootstrapping/RL_VLA_Bootstrapping/robots/cdpr/cdpr_dataset/wrappers/desk__bowl-plate-ycb_baseball-ycb_pear_wrapper/placed_2_ycb_baseball.xml:mesh@file; /Users/damirnurtdinov/Desktop/My Courses/Диплом/RL_VLA_Bootstrapping/RL_VLA_Bootstrapping/robots/cdpr/cdpr_dataset/wrappers/desk__bowl-plate-ycb_baseball_wrapper/desk__bowl-plate-ycb_baseball_wrapper__placed_2_ycb_baseball.xml:mesh@file; /Users/damirnurtdinov/Desktop/My Courses/Диплом/RL_VLA_Bootstrapping/RL_VLA_Bootstrapping/robots/cdpr/cdpr_dataset/wrappers/desk__bowl-plate-ycb_baseball_wrapper/placed_2_ycb_baseball.xml:mesh@file; /Users/damirnurtdinov/Desktop/My Courses/Диплом/RL_VLA_Bootstrapping/RL_VLA_Bootstrapping/robots/cdpr/cdpr_dataset/wrappers/desk__bowl-ycb_apple-ycb_baseball-ycb_pear_wrapper/desk__bowl-ycb_apple-ycb_baseball-ycb_pear_wrapper__placed_2_ycb_baseball.xml:mesh@file; /Users/damirnurtdinov/Desktop/My Courses/Диплом/RL_VLA_Bootstrapping/RL_VLA_Bootstrapping/robots/cdpr/cdpr_dataset/wrappers/desk__bowl-ycb_apple-ycb_baseball-ycb_pear_wrapper/placed_2_ycb_baseball.xml:mesh@file; /Users/damirnurtdinov/Desktop/My Courses/Диплом/RL_VLA_Bootstrapping/RL_VLA_Bootstrapping/robots/cdpr/cdpr_dataset/wrappers/desk__bowl-ycb_apple-ycb_baseball_wrapper/desk__bowl-ycb_apple-ycb_baseball_wrapper__placed_2_ycb_baseball.xml:mesh@file; /Users/damirnurtdinov/Desktop/My Courses/Диплом/RL_VLA_Bootstrapping/RL_VLA_Bootstrapping/robots/cdpr/cdpr_dataset/wrappers/desk__bowl-ycb_apple-ycb_baseball_wrapper/placed_2_ycb_baseball.xml:mesh@file; /Users/damirnurtdinov/Desktop/My Courses/Диплом/RL_VLA_Bootstrapping/RL_VLA_Bootstrapping/robots/cdpr/cdpr_dataset/wrappers/desk__bowl-ycb_b_cups-ycb_baseball/placed_0_ycb_baseball.xml:mesh@file; /Users/damirnurtdinov/Desktop/My Courses/Диплом/RL_VLA_Bootstrapping/RL_VLA_Bootstrapping/robots/cdpr/cdpr_dataset/wrappers/desk__bowl-ycb_baseball-ycb_peach/placed_0_ycb_baseball.xml:mesh@file; /Users/damirnurtdinov/Desktop/My Courses/Диплом/RL_VLA_Bootstrapping/RL_VLA_Bootstrapping/robots/cdpr/cdpr_dataset/wrappers/desk__plate-ycb_apple-ycb_baseball-ycb_pear_wrapper/desk__plate-ycb_apple-ycb_baseball-ycb_pear_wrapper__placed_2_ycb_baseball.xml:mesh@file; /Users/damirnurtdinov/Desktop/My Courses/Диплом/RL_VLA_Bootstrapping/RL_VLA_Bootstrapping/robots/cdpr/cdpr_dataset/wrappers/desk__plate-ycb_apple-ycb_baseball-ycb_pear_wrapper/placed_2_ycb_baseball.xml:mesh@file; /Users/damirnurtdinov/Desktop/My Courses/Диплом/RL_VLA_Bootstrapping/RL_VLA_Bootstrapping/robots/cdpr/cdpr_dataset/wrappers/desk__plate-ycb_apple-ycb_baseball_wrapper/desk__plate-ycb_apple-ycb_baseball_wrapper__placed_2_ycb_baseball.xml:mesh@file; /Users/damirnurtdinov/Desktop/My Courses/Диплом/RL_VLA_Bootstrapping/RL_VLA_Bootstrapping/robots/cdpr/cdpr_dataset/wrappers/desk__plate-ycb_apple-ycb_baseball_wrapper/placed_2_ycb_baseball.xml:mesh@file; /Users/damirnurtdinov/Desktop/My Courses/Диплом/RL_VLA_Bootstrapping/RL_VLA_Bootstrapping/robots/cdpr/cdpr_dataset/wrappers/desk__plate-ycb_baseball-ycb_pear/desk__plate-ycb_baseball-ycb_pear__rltmp_1779358383892150000__placed_2_ycb_baseball.xml:mesh@file; /Users/damirnurtdinov/Desktop/My Courses/Диплом/RL_VLA_Bootstrapping/RL_VLA_Bootstrapping/robots/cdpr/cdpr_dataset/wrappers/desk__plate-ycb_baseball-ycb_pear/desk__plate-ycb_baseball-ycb_pear__rltmp_1779358406810652000__placed_2_ycb_baseball.xml:mesh@file; /Users/damirnurtdinov/Desktop/My Courses/Диплом/RL_VLA_Bootstrapping/RL_VLA_Bootstrapping/robots/cdpr/cdpr_dataset/wrappers/desk__plate-ycb_baseball-ycb_pear/placed_2_ycb_baseball.xml:mesh@file; /Users/damirnurtdinov/Desktop/My Courses/Диплом/RL_VLA_Bootstrapping/RL_VLA_Bootstrapping/robots/cdpr/cdpr_dataset/wrappers/desk__plate-ycb_baseball-ycb_pear_wrapper/desk__plate-ycb_baseball-ycb_pear_wrapper__placed_1_ycb_baseball.xml:mesh@file; /Users/damirnurtdinov/Desktop/My Courses/Диплом/RL_VLA_Bootstrapping/RL_VLA_Bootstrapping/robots/cdpr/cdpr_dataset/wrappers/desk__plate-ycb_baseball-ycb_pear_wrapper/placed_1_ycb_baseball.xml:mesh@file; /Users/damirnurtdinov/Desktop/My Courses/Диплом/RL_VLA_Bootstrapping/RL_VLA_Bootstrapping/robots/cdpr/cdpr_dataset/wrappers/desk__ycb_apple-ycb_baseball-ycb_pear_wrapper/desk__ycb_apple-ycb_baseball-ycb_pear_wrapper__placed_1_ycb_baseball.xml:mesh@file; /Users/damirnurtdinov/Desktop/My Courses/Диплом/RL_VLA_Bootstrapping/RL_VLA_Bootstrapping/robots/cdpr/cdpr_dataset/wrappers/desk__ycb_apple-ycb_baseball-ycb_pear_wrapper/placed_1_ycb_baseball.xml:mesh@file,24
/Users/damirnurtdinov/Desktop/My Courses/Диплом/CDPR-Dataset/external_assets/ycb_dataset/ycb/baseball/textured_coacd_0.stl,mesh,True,0.001606,,e219f7d58062262ab8f05be6c480faa70dab936fae7dc6445583fe6cccf8af34,/Users/damirnurtdinov/Desktop/My Courses/Диплом/RL_VLA_Bootstrapping/RL_VLA_Bootstrapping/robots/cdpr/cdpr_dataset/wrappers/desk__bowl-plate-ycb_apple-ycb_baseball_wrapper/desk__bowl-plate-ycb_apple-ycb_baseball_wrapper__placed_3_ycb_baseball.xml:mesh@file; /Users/damirnurtdinov/Desktop/My Courses/Диплом/RL_VLA_Bootstrapping/RL_VLA_Bootstrapping/robots/cdpr/cdpr_dataset/wrappers/desk__bowl-plate-ycb_apple-ycb_baseball_wrapper/placed_3_ycb_baseball.xml:mesh@file; /Users/damirnurtdinov/Desktop/My Courses/Диплом/RL_VLA_Bootstrapping/RL_VLA_Bootstrapping/robots/cdpr/cdpr_dataset/wrappers/desk__bowl-plate-ycb_baseball-ycb_peach/placed_3_ycb_baseball.xml:mesh@file; /Users/damirnurtdinov/Desktop/My Courses/Диплом/RL_VLA_Bootstrapping/RL_VLA_Bootstrapping/robots/cdpr/cdpr_dataset/wrappers/desk__bowl-plate-ycb_baseball-ycb_pear_wrapper/desk__bowl-plate-ycb_baseball-ycb_pear_wrapper__placed_2_ycb_baseball.xml:mesh@file; /Users/damirnurtdinov/Desktop/My Courses/Диплом/RL_VLA_Bootstrapping/RL_VLA_Bootstrapping/robots/cdpr/cdpr_dataset/wrappers/desk__bowl-plate-ycb_baseball-ycb_pear_wrapper/placed_2_ycb_baseball.xml:mesh@file; /Users/damirnurtdinov/Desktop/My Courses/Диплом/RL_VLA_Bootstrapping/RL_VLA_Bootstrapping/robots/cdpr/cdpr_dataset/wrappers/desk__bowl-plate-ycb_baseball_wrapper/desk__bowl-plate-ycb_baseball_wrapper__placed_2_ycb_baseball.xml:mesh@file; /Users/damirnurtdinov/Desktop/My Courses/Диплом/RL_VLA_Bootstrapping/RL_VLA_Bootstrapping/robots/cdpr/cdpr_dataset/wrappers/desk__bowl-plate-ycb_baseball_wrapper/placed_2_ycb_baseball.xml:mesh@file; /Users/damirnurtdinov/Desktop/My Courses/Диплом/RL_VLA_Bootstrapping/RL_VLA_Bootstrapping/robots/cdpr/cdpr_dataset/wrappers/desk__bowl-ycb_apple-ycb_baseball-ycb_pear_wrapper/desk__bowl-ycb_apple-ycb_baseball-ycb_pear_wrapper__placed_2_ycb_baseball.xml:mesh@file; /Users/damirnurtdinov/Desktop/My Courses/Диплом/RL_VLA_Bootstrapping/RL_VLA_Bootstrapping/robots/cdpr/cdpr_dataset/wrappers/desk__bowl-ycb_apple-ycb_baseball-ycb_pear_wrapper/placed_2_ycb_baseball.xml:mesh@file; /Users/damirnurtdinov/Desktop/My Courses/Диплом/RL_VLA_Bootstrapping/RL_VLA_Bootstrapping/robots/cdpr/cdpr_dataset/wrappers/desk__bowl-ycb_apple-ycb_baseball_wrapper/desk__bowl-ycb_apple-ycb_baseball_wrapper__placed_2_ycb_baseball.xml:mesh@file; /Users/damirnurtdinov/Desktop/My Courses/Диплом/RL_VLA_Bootstrapping/RL_VLA_Bootstrapping/robots/cdpr/cdpr_dataset/wrappers/desk__bowl-ycb_apple-ycb_baseball_wrapper/placed_2_ycb_baseball.xml:mesh@file; /Users/damirnurtdinov/Desktop/My Courses/Диплом/RL_VLA_Bootstrapping/RL_VLA_Bootstrapping/robots/cdpr/cdpr_dataset/wrappers/desk__bowl-ycb_b_cups-ycb_baseball/placed_0_ycb_baseball.xml:mesh@file; /Users/damirnurtdinov/Desktop/My Courses/Диплом/RL_VLA_Bootstrapping/RL_VLA_Bootstrapping/robots/cdpr/cdpr_dataset/wrappers/desk__bowl-ycb_baseball-ycb_peach/placed_0_ycb_baseball.xml:mesh@file; /Users/damirnurtdinov/Desktop/My Courses/Диплом/RL_VLA_Bootstrapping/RL_VLA_Bootstrapping/robots/cdpr/cdpr_dataset/wrappers/desk__plate-ycb_apple-ycb_baseball-ycb_pear_wrapper/desk__plate-ycb_apple-ycb_baseball-ycb_pear_wrapper__placed_2_ycb_baseball.xml:mesh@file; /Users/damirnurtdinov/Desktop/My Courses/Диплом/RL_VLA_Bootstrapping/RL_VLA_Bootstrapping/robots/cdpr/cdpr_dataset/wrappers/desk__plate-ycb_apple-ycb_baseball-ycb_pear_wrapper/placed_2_ycb_baseball.xml:mesh@file; /Users/damirnurtdinov/Desktop/My Courses/Диплом/RL_VLA_Bootstrapping/RL_VLA_Bootstrapping/robots/cdpr/cdpr_dataset/wrappers/desk__plate-ycb_apple-ycb_baseball_wrapper/desk__plate-ycb_apple-ycb_baseball_wrapper__placed_2_ycb_baseball.xml:mesh@file; /Users/damirnurtdinov/Desktop/My Courses/Диплом/RL_VLA_Bootstrapping/RL_VLA_Bootstrapping/robots/cdpr/cdpr_dataset/wrappers/desk__plate-ycb_apple-ycb_baseball_wrapper/placed_2_ycb_baseball.xml:mesh@file; /Users/damirnurtdinov/Desktop/My Courses/Диплом/RL_VLA_Bootstrapping/RL_VLA_Bootstrapping/robots/cdpr/cdpr_dataset/wrappers/desk__plate-ycb_baseball-ycb_pear/desk__plate-ycb_baseball-ycb_pear__rltmp_1779358383892150000__placed_2_ycb_baseball.xml:mesh@file; /Users/damirnurtdinov/Desktop/My Courses/Диплом/RL_VLA_Bootstrapping/RL_VLA_Bootstrapping/robots/cdpr/cdpr_dataset/wrappers/desk__plate-ycb_baseball-ycb_pear/desk__plate-ycb_baseball-ycb_pear__rltmp_1779358406810652000__placed_2_ycb_baseball.xml:mesh@file; /Users/damirnurtdinov/Desktop/My Courses/Диплом/RL_VLA_Bootstrapping/RL_VLA_Bootstrapping/robots/cdpr/cdpr_dataset/wrappers/desk__plate-ycb_baseball-ycb_pear/placed_2_ycb_baseball.xml:mesh@file; /Users/damirnurtdinov/Desktop/My Courses/Диплом/RL_VLA_Bootstrapping/RL_VLA_Bootstrapping/robots/cdpr/cdpr_dataset/wrappers/desk__plate-ycb_baseball-ycb_pear_wrapper/desk__plate-ycb_baseball-ycb_pear_wrapper__placed_1_ycb_baseball.xml:mesh@file; /Users/damirnurtdinov/Desktop/My Courses/Диплом/RL_VLA_Bootstrapping/RL_VLA_Bootstrapping/robots/cdpr/cdpr_dataset/wrappers/desk__plate-ycb_baseball-ycb_pear_wrapper/placed_1_ycb_baseball.xml:mesh@file; /Users/damirnurtdinov/Desktop/My Courses/Диплом/RL_VLA_Bootstrapping/RL_VLA_Bootstrapping/robots/cdpr/cdpr_dataset/wrappers/desk__ycb_apple-ycb_baseball-ycb_pear_wrapper/desk__ycb_apple-ycb_baseball-ycb_pear_wrapper__placed_1_ycb_baseball.xml:mesh@file; /Users/damirnurtdinov/Desktop/My Courses/Диплом/RL_VLA_Bootstrapping/RL_VLA_Bootstrapping/robots/cdpr/cdpr_dataset/wrappers/desk__ycb_apple-ycb_baseball-ycb_pear_wrapper/placed_1_ycb_baseball.xml:mesh@file,24
/Users/damirnurtdinov/Desktop/My Courses/Диплом/CDPR-Dataset/external_assets/ycb_dataset/ycb/bowl/texture_map.png,texture_or_image,True,0.500031,1024x1024,934683f03a6e59c58015331b863fc8e4fd030bc75e43cfb7a85133106c073eae,/Users/damirnurtdinov/Desktop/My Courses/Диплом/RL_VLA_Bootstrapping/RL_VLA_Bootstrapping/robots/cdpr/cdpr_dataset/wrappers/desk__bowl-plate-ycb_apple-ycb_baseball_wrapper/desk__bowl-plate-ycb_apple-ycb_baseball_wrapper__placed_0_bowl.xml:texture@file; /Users/damirnurtdinov/Desktop/My Courses/Диплом/RL_VLA_Bootstrapping/RL_VLA_Bootstrapping/robots/cdpr/cdpr_dataset/wrappers/desk__bowl-plate-ycb_apple-ycb_baseball_wrapper/placed_0_bowl.xml:texture@file; /Users/damirnurtdinov/Desktop/My Courses/Диплом/RL_VLA_Bootstrapping/RL_VLA_Bootstrapping/robots/cdpr/cdpr_dataset/wrappers/desk__bowl-plate-ycb_apple-ycb_pear_wrapper/desk__bowl-plate-ycb_apple-ycb_pear_wrapper__placed_0_bowl.xml:texture@file; /Users/damirnurtdinov/Desktop/My Courses/Диплом/RL_VLA_Bootstrapping/RL_VLA_Bootstrapping/robots/cdpr/cdpr_dataset/wrappers/desk__bowl-plate-ycb_apple-ycb_pear_wrapper/placed_0_bowl.xml:texture@file; /Users/damirnurtdinov/Desktop/My Courses/Диплом/RL_VLA_Bootstrapping/RL_VLA_Bootstrapping/robots/cdpr/cdpr_dataset/wrappers/desk__bowl-plate-ycb_apple_wrapper/desk__bowl-plate-ycb_apple_wrapper__placed_0_bowl.xml:texture@file; /Users/damirnurtdinov/Desktop/My Courses/Диплом/RL_VLA_Bootstrapping/RL_VLA_Bootstrapping/robots/cdpr/cdpr_dataset/wrappers/desk__bowl-plate-ycb_apple_wrapper/placed_0_bowl.xml:texture@file; /Users/damirnurtdinov/Desktop/My Courses/Диплом/RL_VLA_Bootstrapping/RL_VLA_Bootstrapping/robots/cdpr/cdpr_dataset/wrappers/desk__bowl-plate-ycb_baseball-ycb_peach/placed_1_bowl.xml:texture@file; /Users/damirnurtdinov/Desktop/My Courses/Диплом/RL_VLA_Bootstrapping/RL_VLA_Bootstrapping/robots/cdpr/cdpr_dataset/wrappers/desk__bowl-plate-ycb_baseball-ycb_pear_wrapper/desk__bowl-plate-ycb_baseball-ycb_pear_wrapper__placed_0_bowl.xml:texture@file; /Users/damirnurtdinov/Desktop/My Courses/Диплом/RL_VLA_Bootstrapping/RL_VLA_Bootstrapping/robots/cdpr/cdpr_dataset/wrappers/desk__bowl-plate-ycb_baseball-ycb_pear_wrapper/placed_0_bowl.xml:texture@file; /Users/damirnurtdinov/Desktop/My Courses/Диплом/RL_VLA_Bootstrapping/RL_VLA_Bootstrapping/robots/cdpr/cdpr_dataset/wrappers/desk__bowl-plate-ycb_baseball_wrapper/desk__bowl-plate-ycb_baseball_wrapper__placed_0_bowl.xml:texture@file; /Users/damirnurtdinov/Desktop/My Courses/Диплом/RL_VLA_Bootstrapping/RL_VLA_Bootstrapping/robots/cdpr/cdpr_dataset/wrappers/desk__bowl-plate-ycb_baseball_wrapper/placed_0_bowl.xml:texture@file; /Users/damirnurtdinov/Desktop/My Courses/Диплом/RL_VLA_Bootstrapping/RL_VLA_Bootstrapping/robots/cdpr/cdpr_dataset/wrappers/desk__bowl-ycb_apple-ycb_baseball-ycb_pear_wrapper/desk__bowl-ycb_apple-ycb_baseball-ycb_pear_wrapper__placed_0_bowl.xml:texture@file; /Users/damirnurtdinov/Desktop/My Courses/Диплом/RL_VLA_Bootstrapping/RL_VLA_Bootstrapping/robots/cdpr/cdpr_dataset/wrappers/desk__bowl-ycb_apple-ycb_baseball-ycb_pear_wrapper/placed_0_bowl.xml:texture@file; /Users/damirnurtdinov/Desktop/My Courses/Диплом/RL_VLA_Bootstrapping/RL_VLA_Bootstrapping/robots/cdpr/cdpr_dataset/wrappers/desk__bowl-ycb_apple-ycb_baseball_wrapper/desk__bowl-ycb_apple-ycb_baseball_wrapper__placed_0_bowl.xml:texture@file; /Users/damirnurtdinov/Desktop/My Courses/Диплом/RL_VLA_Bootstrapping/RL_VLA_Bootstrapping/robots/cdpr/cdpr_dataset/wrappers/desk__bowl-ycb_apple-ycb_baseball_wrapper/placed_0_bowl.xml:texture@file; /Users/damirnurtdinov/Desktop/My Courses/Диплом/RL_VLA_Bootstrapping/RL_VLA_Bootstrapping/robots/cdpr/cdpr_dataset/wrappers/desk__bowl-ycb_apple-ycb_pear_wrapper/desk__bowl-ycb_apple-ycb_pear_wrapper__placed_0_bowl.xml:texture@file; /Users/damirnurtdinov/Desktop/My Courses/Диплом/RL_VLA_Bootstrapping/RL_VLA_Bootstrapping/robots/cdpr/cdpr_dataset/wrappers/desk__bowl-ycb_apple-ycb_pear_wrapper/placed_0_bowl.xml:texture@file; /Users/damirnurtdinov/Desktop/My Courses/Диплом/RL_VLA_Bootstrapping/RL_VLA_Bootstrapping/robots/cdpr/cdpr_dataset/wrappers/desk__bowl-ycb_b_cups-ycb_baseball/placed_1_bowl.xml:texture@file; /Users/damirnurtdinov/Desktop/My Courses/Диплом/RL_VLA_Bootstrapping/RL_VLA_Bootstrapping/robots/cdpr/cdpr_dataset/wrappers/desk__bowl-ycb_baseball-ycb_peach/placed_1_bowl.xml:texture@file; /Users/damirnurtdinov/Desktop/My Courses/Диплом/RL_VLA_Bootstrapping/RL_VLA_Bootstrapping/robots/cdpr/cdpr_dataset/wrappers/desk__bowl-ycb_peach-ycb_pear/placed_1_bowl.xml:texture@file,20
/Users/damirnurtdinov/Desktop/My Courses/Диплом/CDPR-Dataset/external_assets/ycb_dataset/ycb/bowl/textured.obj,mesh,True,1.511423,,8d3f150aa9d47a42b36876b381dc024a8ae6fb27bb9d84f3386d5c5e0cf6684d,/Users/damirnurtdinov/Desktop/My Courses/Диплом/RL_VLA_Bootstrapping/RL_VLA_Bootstrapping/robots/cdpr/cdpr_dataset/wrappers/desk__bowl-plate-ycb_apple-ycb_baseball_wrapper/desk__bowl-plate-ycb_apple-ycb_baseball_wrapper__placed_0_bowl.xml:mesh@file; /Users/damirnurtdinov/Desktop/My Courses/Диплом/RL_VLA_Bootstrapping/RL_VLA_Bootstrapping/robots/cdpr/cdpr_dataset/wrappers/desk__bowl-plate-ycb_apple-ycb_baseball_wrapper/placed_0_bowl.xml:mesh@file; /Users/damirnurtdinov/Desktop/My Courses/Диплом/RL_VLA_Bootstrapping/RL_VLA_Bootstrapping/robots/cdpr/cdpr_dataset/wrappers/desk__bowl-plate-ycb_apple-ycb_pear_wrapper/desk__bowl-plate-ycb_apple-ycb_pear_wrapper__placed_0_bowl.xml:mesh@file; /Users/damirnurtdinov/Desktop/My Courses/Диплом/RL_VLA_Bootstrapping/RL_VLA_Bootstrapping/robots/cdpr/cdpr_dataset/wrappers/desk__bowl-plate-ycb_apple-ycb_pear_wrapper/placed_0_bowl.xml:mesh@file; /Users/damirnurtdinov/Desktop/My Courses/Диплом/RL_VLA_Bootstrapping/RL_VLA_Bootstrapping/robots/cdpr/cdpr_dataset/wrappers/desk__bowl-plate-ycb_apple_wrapper/desk__bowl-plate-ycb_apple_wrapper__placed_0_bowl.xml:mesh@file; /Users/damirnurtdinov/Desktop/My Courses/Диплом/RL_VLA_Bootstrapping/RL_VLA_Bootstrapping/robots/cdpr/cdpr_dataset/wrappers/desk__bowl-plate-ycb_apple_wrapper/placed_0_bowl.xml:mesh@file; /Users/damirnurtdinov/Desktop/My Courses/Диплом/RL_VLA_Bootstrapping/RL_VLA_Bootstrapping/robots/cdpr/cdpr_dataset/wrappers/desk__bowl-plate-ycb_baseball-ycb_peach/placed_1_bowl.xml:mesh@file; /Users/damirnurtdinov/Desktop/My Courses/Диплом/RL_VLA_Bootstrapping/RL_VLA_Bootstrapping/robots/cdpr/cdpr_dataset/wrappers/desk__bowl-plate-ycb_baseball-ycb_pear_wrapper/desk__bowl-plate-ycb_baseball-ycb_pear_wrapper__placed_0_bowl.xml:mesh@file; /Users/damirnurtdinov/Desktop/My Courses/Диплом/RL_VLA_Bootstrapping/RL_VLA_Bootstrapping/robots/cdpr/cdpr_dataset/wrappers/desk__bowl-plate-ycb_baseball-ycb_pear_wrapper/placed_0_bowl.xml:mesh@file; /Users/damirnurtdinov/Desktop/My Courses/Диплом/RL_VLA_Bootstrapping/RL_VLA_Bootstrapping/robots/cdpr/cdpr_dataset/wrappers/desk__bowl-plate-ycb_baseball_wrapper/desk__bowl-plate-ycb_baseball_wrapper__placed_0_bowl.xml:mesh@file; /Users/damirnurtdinov/Desktop/My Courses/Диплом/RL_VLA_Bootstrapping/RL_VLA_Bootstrapping/robots/cdpr/cdpr_dataset/wrappers/desk__bowl-plate-ycb_baseball_wrapper/placed_0_bowl.xml:mesh@file; /Users/damirnurtdinov/Desktop/My Courses/Диплом/RL_VLA_Bootstrapping/RL_VLA_Bootstrapping/robots/cdpr/cdpr_dataset/wrappers/desk__bowl-ycb_apple-ycb_baseball-ycb_pear_wrapper/desk__bowl-ycb_apple-ycb_baseball-ycb_pear_wrapper__placed_0_bowl.xml:mesh@file; /Users/damirnurtdinov/Desktop/My Courses/Диплом/RL_VLA_Bootstrapping/RL_VLA_Bootstrapping/robots/cdpr/cdpr_dataset/wrappers/desk__bowl-ycb_apple-ycb_baseball-ycb_pear_wrapper/placed_0_bowl.xml:mesh@file; /Users/damirnurtdinov/Desktop/My Courses/Диплом/RL_VLA_Bootstrapping/RL_VLA_Bootstrapping/robots/cdpr/cdpr_dataset/wrappers/desk__bowl-ycb_apple-ycb_baseball_wrapper/desk__bowl-ycb_apple-ycb_baseball_wrapper__placed_0_bowl.xml:mesh@file; /Users/damirnurtdinov/Desktop/My Courses/Диплом/RL_VLA_Bootstrapping/RL_VLA_Bootstrapping/robots/cdpr/cdpr_dataset/wrappers/desk__bowl-ycb_apple-ycb_baseball_wrapper/placed_0_bowl.xml:mesh@file; /Users/damirnurtdinov/Desktop/My Courses/Диплом/RL_VLA_Bootstrapping/RL_VLA_Bootstrapping/robots/cdpr/cdpr_dataset/wrappers/desk__bowl-ycb_apple-ycb_pear_wrapper/desk__bowl-ycb_apple-ycb_pear_wrapper__placed_0_bowl.xml:mesh@file; /Users/damirnurtdinov/Desktop/My Courses/Диплом/RL_VLA_Bootstrapping/RL_VLA_Bootstrapping/robots/cdpr/cdpr_dataset/wrappers/desk__bowl-ycb_apple-ycb_pear_wrapper/placed_0_bowl.xml:mesh@file; /Users/damirnurtdinov/Desktop/My Courses/Диплом/RL_VLA_Bootstrapping/RL_VLA_Bootstrapping/robots/cdpr/cdpr_dataset/wrappers/desk__bowl-ycb_b_cups-ycb_baseball/placed_1_bowl.xml:mesh@file; /Users/damirnurtdinov/Desktop/My Courses/Диплом/RL_VLA_Bootstrapping/RL_VLA_Bootstrapping/robots/cdpr/cdpr_dataset/wrappers/desk__bowl-ycb_baseball-ycb_peach/placed_1_bowl.xml:mesh@file; /Users/damirnurtdinov/Desktop/My Courses/Диплом/RL_VLA_Bootstrapping/RL_VLA_Bootstrapping/robots/cdpr/cdpr_dataset/wrappers/desk__bowl-ycb_peach-ycb_pear/placed_1_bowl.xml:mesh@file,20
/Users/damirnurtdinov/Desktop/My Courses/Диплом/CDPR-Dataset/external_assets/ycb_dataset/ycb/bowl/textured_coacd_0.stl,mesh,True,0.001606,,56a91cab60af8e626bd007e299a41467d8e8d81268fa834db2bf94576bf2d9e2,/Users/damirnurtdinov/Desktop/My Courses/Диплом/RL_VLA_Bootstrapping/RL_VLA_Bootstrapping/robots/cdpr/cdpr_dataset/wrappers/desk__bowl-plate-ycb_apple-ycb_baseball_wrapper/desk__bowl-plate-ycb_apple-ycb_baseball_wrapper__placed_0_bowl.xml:mesh@file; /Users/damirnurtdinov/Desktop/My Courses/Диплом/RL_VLA_Bootstrapping/RL_VLA_Bootstrapping/robots/cdpr/cdpr_dataset/wrappers/desk__bowl-plate-ycb_apple-ycb_baseball_wrapper/placed_0_bowl.xml:mesh@file; /Users/damirnurtdinov/Desktop/My Courses/Диплом/RL_VLA_Bootstrapping/RL_VLA_Bootstrapping/robots/cdpr/cdpr_dataset/wrappers/desk__bowl-plate-ycb_apple-ycb_pear_wrapper/desk__bowl-plate-ycb_apple-ycb_pear_wrapper__placed_0_bowl.xml:mesh@file; /Users/damirnurtdinov/Desktop/My Courses/Диплом/RL_VLA_Bootstrapping/RL_VLA_Bootstrapping/robots/cdpr/cdpr_dataset/wrappers/desk__bowl-plate-ycb_apple-ycb_pear_wrapper/placed_0_bowl.xml:mesh@file; /Users/damirnurtdinov/Desktop/My Courses/Диплом/RL_VLA_Bootstrapping/RL_VLA_Bootstrapping/robots/cdpr/cdpr_dataset/wrappers/desk__bowl-plate-ycb_apple_wrapper/desk__bowl-plate-ycb_apple_wrapper__placed_0_bowl.xml:mesh@file; /Users/damirnurtdinov/Desktop/My Courses/Диплом/RL_VLA_Bootstrapping/RL_VLA_Bootstrapping/robots/cdpr/cdpr_dataset/wrappers/desk__bowl-plate-ycb_apple_wrapper/placed_0_bowl.xml:mesh@file; /Users/damirnurtdinov/Desktop/My Courses/Диплом/RL_VLA_Bootstrapping/RL_VLA_Bootstrapping/robots/cdpr/cdpr_dataset/wrappers/desk__bowl-plate-ycb_baseball-ycb_peach/placed_1_bowl.xml:mesh@file; /Users/damirnurtdinov/Desktop/My Courses/Диплом/RL_VLA_Bootstrapping/RL_VLA_Bootstrapping/robots/cdpr/cdpr_dataset/wrappers/desk__bowl-plate-ycb_baseball-ycb_pear_wrapper/desk__bowl-plate-ycb_baseball-ycb_pear_wrapper__placed_0_bowl.xml:mesh@file; /Users/damirnurtdinov/Desktop/My Courses/Диплом/RL_VLA_Bootstrapping/RL_VLA_Bootstrapping/robots/cdpr/cdpr_dataset/wrappers/desk__bowl-plate-ycb_baseball-ycb_pear_wrapper/placed_0_bowl.xml:mesh@file; /Users/damirnurtdinov/Desktop/My Courses/Диплом/RL_VLA_Bootstrapping/RL_VLA_Bootstrapping/robots/cdpr/cdpr_dataset/wrappers/desk__bowl-plate-ycb_baseball_wrapper/desk__bowl-plate-ycb_baseball_wrapper__placed_0_bowl.xml:mesh@file; /Users/damirnurtdinov/Desktop/My Courses/Диплом/RL_VLA_Bootstrapping/RL_VLA_Bootstrapping/robots/cdpr/cdpr_dataset/wrappers/desk__bowl-plate-ycb_baseball_wrapper/placed_0_bowl.xml:mesh@file; /Users/damirnurtdinov/Desktop/My Courses/Диплом/RL_VLA_Bootstrapping/RL_VLA_Bootstrapping/robots/cdpr/cdpr_dataset/wrappers/desk__bowl-ycb_apple-ycb_baseball-ycb_pear_wrapper/desk__bowl-ycb_apple-ycb_baseball-ycb_pear_wrapper__placed_0_bowl.xml:mesh@file; /Users/damirnurtdinov/Desktop/My Courses/Диплом/RL_VLA_Bootstrapping/RL_VLA_Bootstrapping/robots/cdpr/cdpr_dataset/wrappers/desk__bowl-ycb_apple-ycb_baseball-ycb_pear_wrapper/placed_0_bowl.xml:mesh@file; /Users/damirnurtdinov/Desktop/My Courses/Диплом/RL_VLA_Bootstrapping/RL_VLA_Bootstrapping/robots/cdpr/cdpr_dataset/wrappers/desk__bowl-ycb_apple-ycb_baseball_wrapper/desk__bowl-ycb_apple-ycb_baseball_wrapper__placed_0_bowl.xml:mesh@file; /Users/damirnurtdinov/Desktop/My Courses/Диплом/RL_VLA_Bootstrapping/RL_VLA_Bootstrapping/robots/cdpr/cdpr_dataset/wrappers/desk__bowl-ycb_apple-ycb_baseball_wrapper/placed_0_bowl.xml:mesh@file; /Users/damirnurtdinov/Desktop/My Courses/Диплом/RL_VLA_Bootstrapping/RL_VLA_Bootstrapping/robots/cdpr/cdpr_dataset/wrappers/desk__bowl-ycb_apple-ycb_pear_wrapper/desk__bowl-ycb_apple-ycb_pear_wrapper__placed_0_bowl.xml:mesh@file; /Users/damirnurtdinov/Desktop/My Courses/Диплом/RL_VLA_Bootstrapping/RL_VLA_Bootstrapping/robots/cdpr/cdpr_dataset/wrappers/desk__bowl-ycb_apple-ycb_pear_wrapper/placed_0_bowl.xml:mesh@file; /Users/damirnurtdinov/Desktop/My Courses/Диплом/RL_VLA_Bootstrapping/RL_VLA_Bootstrapping/robots/cdpr/cdpr_dataset/wrappers/desk__bowl-ycb_b_cups-ycb_baseball/placed_1_bowl.xml:mesh@file; /Users/damirnurtdinov/Desktop/My Courses/Диплом/RL_VLA_Bootstrapping/RL_VLA_Bootstrapping/robots/cdpr/cdpr_dataset/wrappers/desk__bowl-ycb_baseball-ycb_peach/placed_1_bowl.xml:mesh@file; /Users/damirnurtdinov/Desktop/My Courses/Диплом/RL_VLA_Bootstrapping/RL_VLA_Bootstrapping/robots/cdpr/cdpr_dataset/wrappers/desk__bowl-ycb_peach-ycb_pear/placed_1_bowl.xml:mesh@file,20
/Users/damirnurtdinov/Desktop/My Courses/Диплом/CDPR-Dataset/external_assets/ycb_dataset/ycb/bowl/textured_coacd_1.stl,mesh,True,0.001606,,b14975f578daa96bfebbe84656307b9912ee123d114d3ab4dc6863dc0478e01d,/Users/damirnurtdinov/Desktop/My Courses/Диплом/RL_VLA_Bootstrapping/RL_VLA_Bootstrapping/robots/cdpr/cdpr_dataset/wrappers/desk__bowl-plate-ycb_apple-ycb_baseball_wrapper/desk__bowl-plate-ycb_apple-ycb_baseball_wrapper__placed_0_bowl.xml:mesh@file; /Users/damirnurtdinov/Desktop/My Courses/Диплом/RL_VLA_Bootstrapping/RL_VLA_Bootstrapping/robots/cdpr/cdpr_dataset/wrappers/desk__bowl-plate-ycb_apple-ycb_baseball_wrapper/placed_0_bowl.xml:mesh@file; /Users/damirnurtdinov/Desktop/My Courses/Диплом/RL_VLA_Bootstrapping/RL_VLA_Bootstrapping/robots/cdpr/cdpr_dataset/wrappers/desk__bowl-plate-ycb_apple-ycb_pear_wrapper/desk__bowl-plate-ycb_apple-ycb_pear_wrapper__placed_0_bowl.xml:mesh@file; /Users/damirnurtdinov/Desktop/My Courses/Диплом/RL_VLA_Bootstrapping/RL_VLA_Bootstrapping/robots/cdpr/cdpr_dataset/wrappers/desk__bowl-plate-ycb_apple-ycb_pear_wrapper/placed_0_bowl.xml:mesh@file; /Users/damirnurtdinov/Desktop/My Courses/Диплом/RL_VLA_Bootstrapping/RL_VLA_Bootstrapping/robots/cdpr/cdpr_dataset/wrappers/desk__bowl-plate-ycb_apple_wrapper/desk__bowl-plate-ycb_apple_wrapper__placed_0_bowl.xml:mesh@file; /Users/damirnurtdinov/Desktop/My Courses/Диплом/RL_VLA_Bootstrapping/RL_VLA_Bootstrapping/robots/cdpr/cdpr_dataset/wrappers/desk__bowl-plate-ycb_apple_wrapper/placed_0_bowl.xml:mesh@file; /Users/damirnurtdinov/Desktop/My Courses/Диплом/RL_VLA_Bootstrapping/RL_VLA_Bootstrapping/robots/cdpr/cdpr_dataset/wrappers/desk__bowl-plate-ycb_baseball-ycb_peach/placed_1_bowl.xml:mesh@file; /Users/damirnurtdinov/Desktop/My Courses/Диплом/RL_VLA_Bootstrapping/RL_VLA_Bootstrapping/robots/cdpr/cdpr_dataset/wrappers/desk__bowl-plate-ycb_baseball-ycb_pear_wrapper/desk__bowl-plate-ycb_baseball-ycb_pear_wrapper__placed_0_bowl.xml:mesh@file; /Users/damirnurtdinov/Desktop/My Courses/Диплом/RL_VLA_Bootstrapping/RL_VLA_Bootstrapping/robots/cdpr/cdpr_dataset/wrappers/desk__bowl-plate-ycb_baseball-ycb_pear_wrapper/placed_0_bowl.xml:mesh@file; /Users/damirnurtdinov/Desktop/My Courses/Диплом/RL_VLA_Bootstrapping/RL_VLA_Bootstrapping/robots/cdpr/cdpr_dataset/wrappers/desk__bowl-plate-ycb_baseball_wrapper/desk__bowl-plate-ycb_baseball_wrapper__placed_0_bowl.xml:mesh@file; /Users/damirnurtdinov/Desktop/My Courses/Диплом/RL_VLA_Bootstrapping/RL_VLA_Bootstrapping/robots/cdpr/cdpr_dataset/wrappers/desk__bowl-plate-ycb_baseball_wrapper/placed_0_bowl.xml:mesh@file; /Users/damirnurtdinov/Desktop/My Courses/Диплом/RL_VLA_Bootstrapping/RL_VLA_Bootstrapping/robots/cdpr/cdpr_dataset/wrappers/desk__bowl-ycb_apple-ycb_baseball-ycb_pear_wrapper/desk__bowl-ycb_apple-ycb_baseball-ycb_pear_wrapper__placed_0_bowl.xml:mesh@file; /Users/damirnurtdinov/Desktop/My Courses/Диплом/RL_VLA_Bootstrapping/RL_VLA_Bootstrapping/robots/cdpr/cdpr_dataset/wrappers/desk__bowl-ycb_apple-ycb_baseball-ycb_pear_wrapper/placed_0_bowl.xml:mesh@file; /Users/damirnurtdinov/Desktop/My Courses/Диплом/RL_VLA_Bootstrapping/RL_VLA_Bootstrapping/robots/cdpr/cdpr_dataset/wrappers/desk__bowl-ycb_apple-ycb_baseball_wrapper/desk__bowl-ycb_apple-ycb_baseball_wrapper__placed_0_bowl.xml:mesh@file; /Users/damirnurtdinov/Desktop/My Courses/Диплом/RL_VLA_Bootstrapping/RL_VLA_Bootstrapping/robots/cdpr/cdpr_dataset/wrappers/desk__bowl-ycb_apple-ycb_baseball_wrapper/placed_0_bowl.xml:mesh@file; /Users/damirnurtdinov/Desktop/My Courses/Диплом/RL_VLA_Bootstrapping/RL_VLA_Bootstrapping/robots/cdpr/cdpr_dataset/wrappers/desk__bowl-ycb_apple-ycb_pear_wrapper/desk__bowl-ycb_apple-ycb_pear_wrapper__placed_0_bowl.xml:mesh@file; /Users/damirnurtdinov/Desktop/My Courses/Диплом/RL_VLA_Bootstrapping/RL_VLA_Bootstrapping/robots/cdpr/cdpr_dataset/wrappers/desk__bowl-ycb_apple-ycb_pear_wrapper/placed_0_bowl.xml:mesh@file; /Users/damirnurtdinov/Desktop/My Courses/Диплом/RL_VLA_Bootstrapping/RL_VLA_Bootstrapping/robots/cdpr/cdpr_dataset/wrappers/desk__bowl-ycb_b_cups-ycb_baseball/placed_1_bowl.xml:mesh@file; /Users/damirnurtdinov/Desktop/My Courses/Диплом/RL_VLA_Bootstrapping/RL_VLA_Bootstrapping/robots/cdpr/cdpr_dataset/wrappers/desk__bowl-ycb_baseball-ycb_peach/placed_1_bowl.xml:mesh@file; /Users/damirnurtdinov/Desktop/My Courses/Диплом/RL_VLA_Bootstrapping/RL_VLA_Bootstrapping/robots/cdpr/cdpr_dataset/wrappers/desk__bowl-ycb_peach-ycb_pear/placed_1_bowl.xml:mesh@file,20
/Users/damirnurtdinov/Desktop/My Courses/Диплом/CDPR-Dataset/external_assets/ycb_dataset/ycb/bowl/textured_coacd_2.stl,mesh,True,0.001606,,6967a718fb75b6a847ea72c6c08207c46322add9a244a3ba84724eeb8a5a29df,/Users/damirnurtdinov/Desktop/My Courses/Диплом/RL_VLA_Bootstrapping/RL_VLA_Bootstrapping/robots/cdpr/cdpr_dataset/wrappers/desk__bowl-plate-ycb_apple-ycb_baseball_wrapper/desk__bowl-plate-ycb_apple-ycb_baseball_wrapper__placed_0_bowl.xml:mesh@file; /Users/damirnurtdinov/Desktop/My Courses/Диплом/RL_VLA_Bootstrapping/RL_VLA_Bootstrapping/robots/cdpr/cdpr_dataset/wrappers/desk__bowl-plate-ycb_apple-ycb_baseball_wrapper/placed_0_bowl.xml:mesh@file; /Users/damirnurtdinov/Desktop/My Courses/Диплом/RL_VLA_Bootstrapping/RL_VLA_Bootstrapping/robots/cdpr/cdpr_dataset/wrappers/desk__bowl-plate-ycb_apple-ycb_pear_wrapper/desk__bowl-plate-ycb_apple-ycb_pear_wrapper__placed_0_bowl.xml:mesh@file; /Users/damirnurtdinov/Desktop/My Courses/Диплом/RL_VLA_Bootstrapping/RL_VLA_Bootstrapping/robots/cdpr/cdpr_dataset/wrappers/desk__bowl-plate-ycb_apple-ycb_pear_wrapper/placed_0_bowl.xml:mesh@file; /Users/damirnurtdinov/Desktop/My Courses/Диплом/RL_VLA_Bootstrapping/RL_VLA_Bootstrapping/robots/cdpr/cdpr_dataset/wrappers/desk__bowl-plate-ycb_apple_wrapper/desk__bowl-plate-ycb_apple_wrapper__placed_0_bowl.xml:mesh@file; /Users/damirnurtdinov/Desktop/My Courses/Диплом/RL_VLA_Bootstrapping/RL_VLA_Bootstrapping/robots/cdpr/cdpr_dataset/wrappers/desk__bowl-plate-ycb_apple_wrapper/placed_0_bowl.xml:mesh@file; /Users/damirnurtdinov/Desktop/My Courses/Диплом/RL_VLA_Bootstrapping/RL_VLA_Bootstrapping/robots/cdpr/cdpr_dataset/wrappers/desk__bowl-plate-ycb_baseball-ycb_peach/placed_1_bowl.xml:mesh@file; /Users/damirnurtdinov/Desktop/My Courses/Диплом/RL_VLA_Bootstrapping/RL_VLA_Bootstrapping/robots/cdpr/cdpr_dataset/wrappers/desk__bowl-plate-ycb_baseball-ycb_pear_wrapper/desk__bowl-plate-ycb_baseball-ycb_pear_wrapper__placed_0_bowl.xml:mesh@file; /Users/damirnurtdinov/Desktop/My Courses/Диплом/RL_VLA_Bootstrapping/RL_VLA_Bootstrapping/robots/cdpr/cdpr_dataset/wrappers/desk__bowl-plate-ycb_baseball-ycb_pear_wrapper/placed_0_bowl.xml:mesh@file; /Users/damirnurtdinov/Desktop/My Courses/Диплом/RL_VLA_Bootstrapping/RL_VLA_Bootstrapping/robots/cdpr/cdpr_dataset/wrappers/desk__bowl-plate-ycb_baseball_wrapper/desk__bowl-plate-ycb_baseball_wrapper__placed_0_bowl.xml:mesh@file; /Users/damirnurtdinov/Desktop/My Courses/Диплом/RL_VLA_Bootstrapping/RL_VLA_Bootstrapping/robots/cdpr/cdpr_dataset/wrappers/desk__bowl-plate-ycb_baseball_wrapper/placed_0_bowl.xml:mesh@file; /Users/damirnurtdinov/Desktop/My Courses/Диплом/RL_VLA_Bootstrapping/RL_VLA_Bootstrapping/robots/cdpr/cdpr_dataset/wrappers/desk__bowl-ycb_apple-ycb_baseball-ycb_pear_wrapper/desk__bowl-ycb_apple-ycb_baseball-ycb_pear_wrapper__placed_0_bowl.xml:mesh@file; /Users/damirnurtdinov/Desktop/My Courses/Диплом/RL_VLA_Bootstrapping/RL_VLA_Bootstrapping/robots/cdpr/cdpr_dataset/wrappers/desk__bowl-ycb_apple-ycb_baseball-ycb_pear_wrapper/placed_0_bowl.xml:mesh@file; /Users/damirnurtdinov/Desktop/My Courses/Диплом/RL_VLA_Bootstrapping/RL_VLA_Bootstrapping/robots/cdpr/cdpr_dataset/wrappers/desk__bowl-ycb_apple-ycb_baseball_wrapper/desk__bowl-ycb_apple-ycb_baseball_wrapper__placed_0_bowl.xml:mesh@file; /Users/damirnurtdinov/Desktop/My Courses/Диплом/RL_VLA_Bootstrapping/RL_VLA_Bootstrapping/robots/cdpr/cdpr_dataset/wrappers/desk__bowl-ycb_apple-ycb_baseball_wrapper/placed_0_bowl.xml:mesh@file; /Users/damirnurtdinov/Desktop/My Courses/Диплом/RL_VLA_Bootstrapping/RL_VLA_Bootstrapping/robots/cdpr/cdpr_dataset/wrappers/desk__bowl-ycb_apple-ycb_pear_wrapper/desk__bowl-ycb_apple-ycb_pear_wrapper__placed_0_bowl.xml:mesh@file; /Users/damirnurtdinov/Desktop/My Courses/Диплом/RL_VLA_Bootstrapping/RL_VLA_Bootstrapping/robots/cdpr/cdpr_dataset/wrappers/desk__bowl-ycb_apple-ycb_pear_wrapper/placed_0_bowl.xml:mesh@file; /Users/damirnurtdinov/Desktop/My Courses/Диплом/RL_VLA_Bootstrapping/RL_VLA_Bootstrapping/robots/cdpr/cdpr_dataset/wrappers/desk__bowl-ycb_b_cups-ycb_baseball/placed_1_bowl.xml:mesh@file; /Users/damirnurtdinov/Desktop/My Courses/Диплом/RL_VLA_Bootstrapping/RL_VLA_Bootstrapping/robots/cdpr/cdpr_dataset/wrappers/desk__bowl-ycb_baseball-ycb_peach/placed_1_bowl.xml:mesh@file; /Users/damirnurtdinov/Desktop/My Courses/Диплом/RL_VLA_Bootstrapping/RL_VLA_Bootstrapping/robots/cdpr/cdpr_dataset/wrappers/desk__bowl-ycb_peach-ycb_pear/placed_1_bowl.xml:mesh@file,20
/Users/damirnurtdinov/Desktop/My Courses/Диплом/CDPR-Dataset/external_assets/ycb_dataset/ycb/bowl/textured_coacd_3.stl,mesh,True,0.001606,,4e952ec6b3c92110ec0acfce1bd6c9cef2da324b296cbfa53915fe2899befcf0,/Users/damirnurtdinov/Desktop/My Courses/Диплом/RL_VLA_Bootstrapping/RL_VLA_Bootstrapping/robots/cdpr/cdpr_dataset/wrappers/desk__bowl-plate-ycb_apple-ycb_baseball_wrapper/desk__bowl-plate-ycb_apple-ycb_baseball_wrapper__placed_0_bowl.xml:mesh@file; /Users/damirnurtdinov/Desktop/My Courses/Диплом/RL_VLA_Bootstrapping/RL_VLA_Bootstrapping/robots/cdpr/cdpr_dataset/wrappers/desk__bowl-plate-ycb_apple-ycb_baseball_wrapper/placed_0_bowl.xml:mesh@file; /Users/damirnurtdinov/Desktop/My Courses/Диплом/RL_VLA_Bootstrapping/RL_VLA_Bootstrapping/robots/cdpr/cdpr_dataset/wrappers/desk__bowl-plate-ycb_apple-ycb_pear_wrapper/desk__bowl-plate-ycb_apple-ycb_pear_wrapper__placed_0_bowl.xml:mesh@file; /Users/damirnurtdinov/Desktop/My Courses/Диплом/RL_VLA_Bootstrapping/RL_VLA_Bootstrapping/robots/cdpr/cdpr_dataset/wrappers/desk__bowl-plate-ycb_apple-ycb_pear_wrapper/placed_0_bowl.xml:mesh@file; /Users/damirnurtdinov/Desktop/My Courses/Диплом/RL_VLA_Bootstrapping/RL_VLA_Bootstrapping/robots/cdpr/cdpr_dataset/wrappers/desk__bowl-plate-ycb_apple_wrapper/desk__bowl-plate-ycb_apple_wrapper__placed_0_bowl.xml:mesh@file; /Users/damirnurtdinov/Desktop/My Courses/Диплом/RL_VLA_Bootstrapping/RL_VLA_Bootstrapping/robots/cdpr/cdpr_dataset/wrappers/desk__bowl-plate-ycb_apple_wrapper/placed_0_bowl.xml:mesh@file; /Users/damirnurtdinov/Desktop/My Courses/Диплом/RL_VLA_Bootstrapping/RL_VLA_Bootstrapping/robots/cdpr/cdpr_dataset/wrappers/desk__bowl-plate-ycb_baseball-ycb_peach/placed_1_bowl.xml:mesh@file; /Users/damirnurtdinov/Desktop/My Courses/Диплом/RL_VLA_Bootstrapping/RL_VLA_Bootstrapping/robots/cdpr/cdpr_dataset/wrappers/desk__bowl-plate-ycb_baseball-ycb_pear_wrapper/desk__bowl-plate-ycb_baseball-ycb_pear_wrapper__placed_0_bowl.xml:mesh@file; /Users/damirnurtdinov/Desktop/My Courses/Диплом/RL_VLA_Bootstrapping/RL_VLA_Bootstrapping/robots/cdpr/cdpr_dataset/wrappers/desk__bowl-plate-ycb_baseball-ycb_pear_wrapper/placed_0_bowl.xml:mesh@file; /Users/damirnurtdinov/Desktop/My Courses/Диплом/RL_VLA_Bootstrapping/RL_VLA_Bootstrapping/robots/cdpr/cdpr_dataset/wrappers/desk__bowl-plate-ycb_baseball_wrapper/desk__bowl-plate-ycb_baseball_wrapper__placed_0_bowl.xml:mesh@file; /Users/damirnurtdinov/Desktop/My Courses/Диплом/RL_VLA_Bootstrapping/RL_VLA_Bootstrapping/robots/cdpr/cdpr_dataset/wrappers/desk__bowl-plate-ycb_baseball_wrapper/placed_0_bowl.xml:mesh@file; /Users/damirnurtdinov/Desktop/My Courses/Диплом/RL_VLA_Bootstrapping/RL_VLA_Bootstrapping/robots/cdpr/cdpr_dataset/wrappers/desk__bowl-ycb_apple-ycb_baseball-ycb_pear_wrapper/desk__bowl-ycb_apple-ycb_baseball-ycb_pear_wrapper__placed_0_bowl.xml:mesh@file; /Users/damirnurtdinov/Desktop/My Courses/Диплом/RL_VLA_Bootstrapping/RL_VLA_Bootstrapping/robots/cdpr/cdpr_dataset/wrappers/desk__bowl-ycb_apple-ycb_baseball-ycb_pear_wrapper/placed_0_bowl.xml:mesh@file; /Users/damirnurtdinov/Desktop/My Courses/Диплом/RL_VLA_Bootstrapping/RL_VLA_Bootstrapping/robots/cdpr/cdpr_dataset/wrappers/desk__bowl-ycb_apple-ycb_baseball_wrapper/desk__bowl-ycb_apple-ycb_baseball_wrapper__placed_0_bowl.xml:mesh@file; /Users/damirnurtdinov/Desktop/My Courses/Диплом/RL_VLA_Bootstrapping/RL_VLA_Bootstrapping/robots/cdpr/cdpr_dataset/wrappers/desk__bowl-ycb_apple-ycb_baseball_wrapper/placed_0_bowl.xml:mesh@file; /Users/damirnurtdinov/Desktop/My Courses/Диплом/RL_VLA_Bootstrapping/RL_VLA_Bootstrapping/robots/cdpr/cdpr_dataset/wrappers/desk__bowl-ycb_apple-ycb_pear_wrapper/desk__bowl-ycb_apple-ycb_pear_wrapper__placed_0_bowl.xml:mesh@file; /Users/damirnurtdinov/Desktop/My Courses/Диплом/RL_VLA_Bootstrapping/RL_VLA_Bootstrapping/robots/cdpr/cdpr_dataset/wrappers/desk__bowl-ycb_apple-ycb_pear_wrapper/placed_0_bowl.xml:mesh@file; /Users/damirnurtdinov/Desktop/My Courses/Диплом/RL_VLA_Bootstrapping/RL_VLA_Bootstrapping/robots/cdpr/cdpr_dataset/wrappers/desk__bowl-ycb_b_cups-ycb_baseball/placed_1_bowl.xml:mesh@file; /Users/damirnurtdinov/Desktop/My Courses/Диплом/RL_VLA_Bootstrapping/RL_VLA_Bootstrapping/robots/cdpr/cdpr_dataset/wrappers/desk__bowl-ycb_baseball-ycb_peach/placed_1_bowl.xml:mesh@file; /Users/damirnurtdinov/Desktop/My Courses/Диплом/RL_VLA_Bootstrapping/RL_VLA_Bootstrapping/robots/cdpr/cdpr_dataset/wrappers/desk__bowl-ycb_peach-ycb_pear/placed_1_bowl.xml:mesh@file,20
/Users/damirnurtdinov/Desktop/My Courses/Диплом/CDPR-Dataset/external_assets/ycb_dataset/ycb/bowl/textured_coacd_4.stl,mesh,True,0.001606,,6bdb39e5796d001a3eec47f49af1e88e1db9f1aab1b1f86182595b51d0d16dbb,/Users/damirnurtdinov/Desktop/My Courses/Диплом/RL_VLA_Bootstrapping/RL_VLA_Bootstrapping/robots/cdpr/cdpr_dataset/wrappers/desk__bowl-plate-ycb_apple-ycb_baseball_wrapper/desk__bowl-plate-ycb_apple-ycb_baseball_wrapper__placed_0_bowl.xml:mesh@file; /Users/damirnurtdinov/Desktop/My Courses/Диплом/RL_VLA_Bootstrapping/RL_VLA_Bootstrapping/robots/cdpr/cdpr_dataset/wrappers/desk__bowl-plate-ycb_apple-ycb_baseball_wrapper/placed_0_bowl.xml:mesh@file; /Users/damirnurtdinov/Desktop/My Courses/Диплом/RL_VLA_Bootstrapping/RL_VLA_Bootstrapping/robots/cdpr/cdpr_dataset/wrappers/desk__bowl-plate-ycb_apple-ycb_pear_wrapper/desk__bowl-plate-ycb_apple-ycb_pear_wrapper__placed_0_bowl.xml:mesh@file; /Users/damirnurtdinov/Desktop/My Courses/Диплом/RL_VLA_Bootstrapping/RL_VLA_Bootstrapping/robots/cdpr/cdpr_dataset/wrappers/desk__bowl-plate-ycb_apple-ycb_pear_wrapper/placed_0_bowl.xml:mesh@file; /Users/damirnurtdinov/Desktop/My Courses/Диплом/RL_VLA_Bootstrapping/RL_VLA_Bootstrapping/robots/cdpr/cdpr_dataset/wrappers/desk__bowl-plate-ycb_apple_wrapper/desk__bowl-plate-ycb_apple_wrapper__placed_0_bowl.xml:mesh@file; /Users/damirnurtdinov/Desktop/My Courses/Диплом/RL_VLA_Bootstrapping/RL_VLA_Bootstrapping/robots/cdpr/cdpr_dataset/wrappers/desk__bowl-plate-ycb_apple_wrapper/placed_0_bowl.xml:mesh@file; /Users/damirnurtdinov/Desktop/My Courses/Диплом/RL_VLA_Bootstrapping/RL_VLA_Bootstrapping/robots/cdpr/cdpr_dataset/wrappers/desk__bowl-plate-ycb_baseball-ycb_peach/placed_1_bowl.xml:mesh@file; /Users/damirnurtdinov/Desktop/My Courses/Диплом/RL_VLA_Bootstrapping/RL_VLA_Bootstrapping/robots/cdpr/cdpr_dataset/wrappers/desk__bowl-plate-ycb_baseball-ycb_pear_wrapper/desk__bowl-plate-ycb_baseball-ycb_pear_wrapper__placed_0_bowl.xml:mesh@file; /Users/damirnurtdinov/Desktop/My Courses/Диплом/RL_VLA_Bootstrapping/RL_VLA_Bootstrapping/robots/cdpr/cdpr_dataset/wrappers/desk__bowl-plate-ycb_baseball-ycb_pear_wrapper/placed_0_bowl.xml:mesh@file; /Users/damirnurtdinov/Desktop/My Courses/Диплом/RL_VLA_Bootstrapping/RL_VLA_Bootstrapping/robots/cdpr/cdpr_dataset/wrappers/desk__bowl-plate-ycb_baseball_wrapper/desk__bowl-plate-ycb_baseball_wrapper__placed_0_bowl.xml:mesh@file; /Users/damirnurtdinov/Desktop/My Courses/Диплом/RL_VLA_Bootstrapping/RL_VLA_Bootstrapping/robots/cdpr/cdpr_dataset/wrappers/desk__bowl-plate-ycb_baseball_wrapper/placed_0_bowl.xml:mesh@file; /Users/damirnurtdinov/Desktop/My Courses/Диплом/RL_VLA_Bootstrapping/RL_VLA_Bootstrapping/robots/cdpr/cdpr_dataset/wrappers/desk__bowl-ycb_apple-ycb_baseball-ycb_pear_wrapper/desk__bowl-ycb_apple-ycb_baseball-ycb_pear_wrapper__placed_0_bowl.xml:mesh@file; /Users/damirnurtdinov/Desktop/My Courses/Диплом/RL_VLA_Bootstrapping/RL_VLA_Bootstrapping/robots/cdpr/cdpr_dataset/wrappers/desk__bowl-ycb_apple-ycb_baseball-ycb_pear_wrapper/placed_0_bowl.xml:mesh@file; /Users/damirnurtdinov/Desktop/My Courses/Диплом/RL_VLA_Bootstrapping/RL_VLA_Bootstrapping/robots/cdpr/cdpr_dataset/wrappers/desk__bowl-ycb_apple-ycb_baseball_wrapper/desk__bowl-ycb_apple-ycb_baseball_wrapper__placed_0_bowl.xml:mesh@file; /Users/damirnurtdinov/Desktop/My Courses/Диплом/RL_VLA_Bootstrapping/RL_VLA_Bootstrapping/robots/cdpr/cdpr_dataset/wrappers/desk__bowl-ycb_apple-ycb_baseball_wrapper/placed_0_bowl.xml:mesh@file; /Users/damirnurtdinov/Desktop/My Courses/Диплом/RL_VLA_Bootstrapping/RL_VLA_Bootstrapping/robots/cdpr/cdpr_dataset/wrappers/desk__bowl-ycb_apple-ycb_pear_wrapper/desk__bowl-ycb_apple-ycb_pear_wrapper__placed_0_bowl.xml:mesh@file; /Users/damirnurtdinov/Desktop/My Courses/Диплом/RL_VLA_Bootstrapping/RL_VLA_Bootstrapping/robots/cdpr/cdpr_dataset/wrappers/desk__bowl-ycb_apple-ycb_pear_wrapper/placed_0_bowl.xml:mesh@file; /Users/damirnurtdinov/Desktop/My Courses/Диплом/RL_VLA_Bootstrapping/RL_VLA_Bootstrapping/robots/cdpr/cdpr_dataset/wrappers/desk__bowl-ycb_b_cups-ycb_baseball/placed_1_bowl.xml:mesh@file; /Users/damirnurtdinov/Desktop/My Courses/Диплом/RL_VLA_Bootstrapping/RL_VLA_Bootstrapping/robots/cdpr/cdpr_dataset/wrappers/desk__bowl-ycb_baseball-ycb_peach/placed_1_bowl.xml:mesh@file; /Users/damirnurtdinov/Desktop/My Courses/Диплом/RL_VLA_Bootstrapping/RL_VLA_Bootstrapping/robots/cdpr/cdpr_dataset/wrappers/desk__bowl-ycb_peach-ycb_pear/placed_1_bowl.xml:mesh@file,20
/Users/damirnurtdinov/Desktop/My Courses/Диплом/CDPR-Dataset/external_assets/ycb_dataset/ycb/peach/texture_map.png,texture_or_image,True,0.308326,1024x1024,96870af3ecbc1c2bfb47165c66bd5c8661b0e368464d7c2efe21c9e35e45b5fd,/Users/damirnurtdinov/Desktop/My Courses/Диплом/RL_VLA_Bootstrapping/RL_VLA_Bootstrapping/robots/cdpr/cdpr_dataset/wrappers/desk__bowl-plate-ycb_baseball-ycb_peach/placed_0_ycb_peach.xml:texture@file; /Users/damirnurtdinov/Desktop/My Courses/Диплом/RL_VLA_Bootstrapping/RL_VLA_Bootstrapping/robots/cdpr/cdpr_dataset/wrappers/desk__bowl-ycb_baseball-ycb_peach/placed_2_ycb_peach.xml:texture@file; /Users/damirnurtdinov/Desktop/My Courses/Диплом/RL_VLA_Bootstrapping/RL_VLA_Bootstrapping/robots/cdpr/cdpr_dataset/wrappers/desk__bowl-ycb_peach-ycb_pear/placed_2_ycb_peach.xml:texture@file,3
/Users/damirnurtdinov/Desktop/My Courses/Диплом/CDPR-Dataset/external_assets/ycb_dataset/ycb/peach/textured.obj,mesh,True,1.507691,,7972ed43aa37395f9b75ba85fe3572cebaa782180e3e67b50183ad50fa809928,/Users/damirnurtdinov/Desktop/My Courses/Диплом/RL_VLA_Bootstrapping/RL_VLA_Bootstrapping/robots/cdpr/cdpr_dataset/wrappers/desk__bowl-plate-ycb_baseball-ycb_peach/placed_0_ycb_peach.xml:mesh@file; /Users/damirnurtdinov/Desktop/My Courses/Диплом/RL_VLA_Bootstrapping/RL_VLA_Bootstrapping/robots/cdpr/cdpr_dataset/wrappers/desk__bowl-ycb_baseball-ycb_peach/placed_2_ycb_peach.xml:mesh@file; /Users/damirnurtdinov/Desktop/My Courses/Диплом/RL_VLA_Bootstrapping/RL_VLA_Bootstrapping/robots/cdpr/cdpr_dataset/wrappers/desk__bowl-ycb_peach-ycb_pear/placed_2_ycb_peach.xml:mesh@file,3
/Users/damirnurtdinov/Desktop/My Courses/Диплом/CDPR-Dataset/external_assets/ycb_dataset/ycb/peach/textured_coacd_0.stl,mesh,True,0.001606,,f289039e1fbc1cc490f07b12edd0b37a512cec52e77ca62f89cbccd9b746e932,/Users/damirnurtdinov/Desktop/My Courses/Диплом/RL_VLA_Bootstrapping/RL_VLA_Bootstrapping/robots/cdpr/cdpr_dataset/wrappers/desk__bowl-plate-ycb_baseball-ycb_peach/placed_0_ycb_peach.xml:mesh@file; /Users/damirnurtdinov/Desktop/My Courses/Диплом/RL_VLA_Bootstrapping/RL_VLA_Bootstrapping/robots/cdpr/cdpr_dataset/wrappers/desk__bowl-ycb_baseball-ycb_peach/placed_2_ycb_peach.xml:mesh@file; /Users/damirnurtdinov/Desktop/My Courses/Диплом/RL_VLA_Bootstrapping/RL_VLA_Bootstrapping/robots/cdpr/cdpr_dataset/wrappers/desk__bowl-ycb_peach-ycb_pear/placed_2_ycb_peach.xml:mesh@file,3
/Users/damirnurtdinov/Desktop/My Courses/Диплом/CDPR-Dataset/external_assets/ycb_dataset/ycb/peach/textured_coacd_1.stl,mesh,True,0.001606,,6988d34341ef7a8456ba524e2ee7e4636f00a401f8074dcd8965b71a1fe41a31,/Users/damirnurtdinov/Desktop/My Courses/Диплом/RL_VLA_Bootstrapping/RL_VLA_Bootstrapping/robots/cdpr/cdpr_dataset/wrappers/desk__bowl-plate-ycb_baseball-ycb_peach/placed_0_ycb_peach.xml:mesh@file; /Users/damirnurtdinov/Desktop/My Courses/Диплом/RL_VLA_Bootstrapping/RL_VLA_Bootstrapping/robots/cdpr/cdpr_dataset/wrappers/desk__bowl-ycb_baseball-ycb_peach/placed_2_ycb_peach.xml:mesh@file; /Users/damirnurtdinov/Desktop/My Courses/Диплом/RL_VLA_Bootstrapping/RL_VLA_Bootstrapping/robots/cdpr/cdpr_dataset/wrappers/desk__bowl-ycb_peach-ycb_pear/placed_2_ycb_peach.xml:mesh@file,3
/Users/damirnurtdinov/Desktop/My Courses/Диплом/CDPR-Dataset/external_assets/ycb_dataset/ycb/peach/textured_coacd_2.stl,mesh,True,0.001606,,981a0fb01f9ee0c87c008e7fea6265584264b9d57005c4b2e5ff6b8f9d43bc6c,/Users/damirnurtdinov/Desktop/My Courses/Диплом/RL_VLA_Bootstrapping/RL_VLA_Bootstrapping/robots/cdpr/cdpr_dataset/wrappers/desk__bowl-plate-ycb_baseball-ycb_peach/placed_0_ycb_peach.xml:mesh@file; /Users/damirnurtdinov/Desktop/My Courses/Диплом/RL_VLA_Bootstrapping/RL_VLA_Bootstrapping/robots/cdpr/cdpr_dataset/wrappers/desk__bowl-ycb_baseball-ycb_peach/placed_2_ycb_peach.xml:mesh@file; /Users/damirnurtdinov/Desktop/My Courses/Диплом/RL_VLA_Bootstrapping/RL_VLA_Bootstrapping/robots/cdpr/cdpr_dataset/wrappers/desk__bowl-ycb_peach-ycb_pear/placed_2_ycb_peach.xml:mesh@file,3
/Users/damirnurtdinov/Desktop/My Courses/Диплом/CDPR-Dataset/external_assets/ycb_dataset/ycb/peach/textured_coacd_3.stl,mesh,True,0.001606,,dfa03587f89ee803c6b8da6ac4003eca0ba9950a55839b62f4a8ace3d3c0a1d5,/Users/damirnurtdinov/Desktop/My Courses/Диплом/RL_VLA_Bootstrapping/RL_VLA_Bootstrapping/robots/cdpr/cdpr_dataset/wrappers/desk__bowl-plate-ycb_baseball-ycb_peach/placed_0_ycb_peach.xml:mesh@file; /Users/damirnurtdinov/Desktop/My Courses/Диплом/RL_VLA_Bootstrapping/RL_VLA_Bootstrapping/robots/cdpr/cdpr_dataset/wrappers/desk__bowl-ycb_baseball-ycb_peach/placed_2_ycb_peach.xml:mesh@file; /Users/damirnurtdinov/Desktop/My Courses/Диплом/RL_VLA_Bootstrapping/RL_VLA_Bootstrapping/robots/cdpr/cdpr_dataset/wrappers/desk__bowl-ycb_peach-ycb_pear/placed_2_ycb_peach.xml:mesh@file,3
/Users/damirnurtdinov/Desktop/My Courses/Диплом/CDPR-Dataset/external_assets/ycb_dataset/ycb/peach/textured_coacd_4.stl,mesh,True,0.001606,,09a8923a3981f006212aed3d0d53f0f744c9fc8d8e22304c6df07b47a4294634,/Users/damirnurtdinov/Desktop/My Courses/Диплом/RL_VLA_Bootstrapping/RL_VLA_Bootstrapping/robots/cdpr/cdpr_dataset/wrappers/desk__bowl-plate-ycb_baseball-ycb_peach/placed_0_ycb_peach.xml:mesh@file; /Users/damirnurtdinov/Desktop/My Courses/Диплом/RL_VLA_Bootstrapping/RL_VLA_Bootstrapping/robots/cdpr/cdpr_dataset/wrappers/desk__bowl-ycb_baseball-ycb_peach/placed_2_ycb_peach.xml:mesh@file; /Users/damirnurtdinov/Desktop/My Courses/Диплом/RL_VLA_Bootstrapping/RL_VLA_Bootstrapping/robots/cdpr/cdpr_dataset/wrappers/desk__bowl-ycb_peach-ycb_pear/placed_2_ycb_peach.xml:mesh@file,3
/Users/damirnurtdinov/Desktop/My Courses/Диплом/CDPR-Dataset/external_assets/ycb_dataset/ycb/pear/texture_map.png,texture_or_image,True,0.498632,1024x1024,61a210f4459c4af6cb089060125ecd022e995728f10021f73feaadd4d9883e93,/Users/damirnurtdinov/Desktop/My Courses/Диплом/RL_VLA_Bootstrapping/RL_VLA_Bootstrapping/robots/cdpr/cdpr_dataset/wrappers/desk__bowl-plate-ycb_apple-ycb_pear_wrapper/desk__bowl-plate-ycb_apple-ycb_pear_wrapper__placed_3_ycb_pear.xml:texture@file; /Users/damirnurtdinov/Desktop/My Courses/Диплом/RL_VLA_Bootstrapping/RL_VLA_Bootstrapping/robots/cdpr/cdpr_dataset/wrappers/desk__bowl-plate-ycb_apple-ycb_pear_wrapper/placed_3_ycb_pear.xml:texture@file; /Users/damirnurtdinov/Desktop/My Courses/Диплом/RL_VLA_Bootstrapping/RL_VLA_Bootstrapping/robots/cdpr/cdpr_dataset/wrappers/desk__bowl-plate-ycb_baseball-ycb_pear_wrapper/desk__bowl-plate-ycb_baseball-ycb_pear_wrapper__placed_3_ycb_pear.xml:texture@file; /Users/damirnurtdinov/Desktop/My Courses/Диплом/RL_VLA_Bootstrapping/RL_VLA_Bootstrapping/robots/cdpr/cdpr_dataset/wrappers/desk__bowl-plate-ycb_baseball-ycb_pear_wrapper/placed_3_ycb_pear.xml:texture@file; /Users/damirnurtdinov/Desktop/My Courses/Диплом/RL_VLA_Bootstrapping/RL_VLA_Bootstrapping/robots/cdpr/cdpr_dataset/wrappers/desk__bowl-ycb_apple-ycb_baseball-ycb_pear_wrapper/desk__bowl-ycb_apple-ycb_baseball-ycb_pear_wrapper__placed_3_ycb_pear.xml:texture@file; /Users/damirnurtdinov/Desktop/My Courses/Диплом/RL_VLA_Bootstrapping/RL_VLA_Bootstrapping/robots/cdpr/cdpr_dataset/wrappers/desk__bowl-ycb_apple-ycb_baseball-ycb_pear_wrapper/placed_3_ycb_pear.xml:texture@file; /Users/damirnurtdinov/Desktop/My Courses/Диплом/RL_VLA_Bootstrapping/RL_VLA_Bootstrapping/robots/cdpr/cdpr_dataset/wrappers/desk__bowl-ycb_apple-ycb_pear_wrapper/desk__bowl-ycb_apple-ycb_pear_wrapper__placed_2_ycb_pear.xml:texture@file; /Users/damirnurtdinov/Desktop/My Courses/Диплом/RL_VLA_Bootstrapping/RL_VLA_Bootstrapping/robots/cdpr/cdpr_dataset/wrappers/desk__bowl-ycb_apple-ycb_pear_wrapper/placed_2_ycb_pear.xml:texture@file; /Users/damirnurtdinov/Desktop/My Courses/Диплом/RL_VLA_Bootstrapping/RL_VLA_Bootstrapping/robots/cdpr/cdpr_dataset/wrappers/desk__bowl-ycb_peach-ycb_pear/placed_0_ycb_pear.xml:texture@file; /Users/damirnurtdinov/Desktop/My Courses/Диплом/RL_VLA_Bootstrapping/RL_VLA_Bootstrapping/robots/cdpr/cdpr_dataset/wrappers/desk__plate-ycb_apple-ycb_baseball-ycb_pear_wrapper/desk__plate-ycb_apple-ycb_baseball-ycb_pear_wrapper__placed_3_ycb_pear.xml:texture@file; /Users/damirnurtdinov/Desktop/My Courses/Диплом/RL_VLA_Bootstrapping/RL_VLA_Bootstrapping/robots/cdpr/cdpr_dataset/wrappers/desk__plate-ycb_apple-ycb_baseball-ycb_pear_wrapper/placed_3_ycb_pear.xml:texture@file; /Users/damirnurtdinov/Desktop/My Courses/Диплом/RL_VLA_Bootstrapping/RL_VLA_Bootstrapping/robots/cdpr/cdpr_dataset/wrappers/desk__plate-ycb_apple-ycb_pear_wrapper/desk__plate-ycb_apple-ycb_pear_wrapper__placed_2_ycb_pear.xml:texture@file; /Users/damirnurtdinov/Desktop/My Courses/Диплом/RL_VLA_Bootstrapping/RL_VLA_Bootstrapping/robots/cdpr/cdpr_dataset/wrappers/desk__plate-ycb_apple-ycb_pear_wrapper/placed_2_ycb_pear.xml:texture@file; /Users/damirnurtdinov/Desktop/My Courses/Диплом/RL_VLA_Bootstrapping/RL_VLA_Bootstrapping/robots/cdpr/cdpr_dataset/wrappers/desk__plate-ycb_baseball-ycb_pear/desk__plate-ycb_baseball-ycb_pear__rltmp_1779358383892150000__placed_0_ycb_pear.xml:texture@file; /Users/damirnurtdinov/Desktop/My Courses/Диплом/RL_VLA_Bootstrapping/RL_VLA_Bootstrapping/robots/cdpr/cdpr_dataset/wrappers/desk__plate-ycb_baseball-ycb_pear/desk__plate-ycb_baseball-ycb_pear__rltmp_1779358406810652000__placed_0_ycb_pear.xml:texture@file; /Users/damirnurtdinov/Desktop/My Courses/Диплом/RL_VLA_Bootstrapping/RL_VLA_Bootstrapping/robots/cdpr/cdpr_dataset/wrappers/desk__plate-ycb_baseball-ycb_pear/placed_0_ycb_pear.xml:texture@file; /Users/damirnurtdinov/Desktop/My Courses/Диплом/RL_VLA_Bootstrapping/RL_VLA_Bootstrapping/robots/cdpr/cdpr_dataset/wrappers/desk__plate-ycb_baseball-ycb_pear_wrapper/desk__plate-ycb_baseball-ycb_pear_wrapper__placed_2_ycb_pear.xml:texture@file; /Users/damirnurtdinov/Desktop/My Courses/Диплом/RL_VLA_Bootstrapping/RL_VLA_Bootstrapping/robots/cdpr/cdpr_dataset/wrappers/desk__plate-ycb_baseball-ycb_pear_wrapper/placed_2_ycb_pear.xml:texture@file; /Users/damirnurtdinov/Desktop/My Courses/Диплом/RL_VLA_Bootstrapping/RL_VLA_Bootstrapping/robots/cdpr/cdpr_dataset/wrappers/desk__ycb_apple-ycb_baseball-ycb_pear_wrapper/desk__ycb_apple-ycb_baseball-ycb_pear_wrapper__placed_2_ycb_pear.xml:texture@file; /Users/damirnurtdinov/Desktop/My Courses/Диплом/RL_VLA_Bootstrapping/RL_VLA_Bootstrapping/robots/cdpr/cdpr_dataset/wrappers/desk__ycb_apple-ycb_baseball-ycb_pear_wrapper/placed_2_ycb_pear.xml:texture@file,20
/Users/damirnurtdinov/Desktop/My Courses/Диплом/CDPR-Dataset/external_assets/ycb_dataset/ycb/pear/textured.obj,mesh,True,1.522935,,92390189e7d4cd4b20035749a0bd97e379cfdbf9c19e0e02c3d49c44d70c44c2,/Users/damirnurtdinov/Desktop/My Courses/Диплом/RL_VLA_Bootstrapping/RL_VLA_Bootstrapping/robots/cdpr/cdpr_dataset/wrappers/desk__bowl-plate-ycb_apple-ycb_pear_wrapper/desk__bowl-plate-ycb_apple-ycb_pear_wrapper__placed_3_ycb_pear.xml:mesh@file; /Users/damirnurtdinov/Desktop/My Courses/Диплом/RL_VLA_Bootstrapping/RL_VLA_Bootstrapping/robots/cdpr/cdpr_dataset/wrappers/desk__bowl-plate-ycb_apple-ycb_pear_wrapper/placed_3_ycb_pear.xml:mesh@file; /Users/damirnurtdinov/Desktop/My Courses/Диплом/RL_VLA_Bootstrapping/RL_VLA_Bootstrapping/robots/cdpr/cdpr_dataset/wrappers/desk__bowl-plate-ycb_baseball-ycb_pear_wrapper/desk__bowl-plate-ycb_baseball-ycb_pear_wrapper__placed_3_ycb_pear.xml:mesh@file; /Users/damirnurtdinov/Desktop/My Courses/Диплом/RL_VLA_Bootstrapping/RL_VLA_Bootstrapping/robots/cdpr/cdpr_dataset/wrappers/desk__bowl-plate-ycb_baseball-ycb_pear_wrapper/placed_3_ycb_pear.xml:mesh@file; /Users/damirnurtdinov/Desktop/My Courses/Диплом/RL_VLA_Bootstrapping/RL_VLA_Bootstrapping/robots/cdpr/cdpr_dataset/wrappers/desk__bowl-ycb_apple-ycb_baseball-ycb_pear_wrapper/desk__bowl-ycb_apple-ycb_baseball-ycb_pear_wrapper__placed_3_ycb_pear.xml:mesh@file; /Users/damirnurtdinov/Desktop/My Courses/Диплом/RL_VLA_Bootstrapping/RL_VLA_Bootstrapping/robots/cdpr/cdpr_dataset/wrappers/desk__bowl-ycb_apple-ycb_baseball-ycb_pear_wrapper/placed_3_ycb_pear.xml:mesh@file; /Users/damirnurtdinov/Desktop/My Courses/Диплом/RL_VLA_Bootstrapping/RL_VLA_Bootstrapping/robots/cdpr/cdpr_dataset/wrappers/desk__bowl-ycb_apple-ycb_pear_wrapper/desk__bowl-ycb_apple-ycb_pear_wrapper__placed_2_ycb_pear.xml:mesh@file; /Users/damirnurtdinov/Desktop/My Courses/Диплом/RL_VLA_Bootstrapping/RL_VLA_Bootstrapping/robots/cdpr/cdpr_dataset/wrappers/desk__bowl-ycb_apple-ycb_pear_wrapper/placed_2_ycb_pear.xml:mesh@file; /Users/damirnurtdinov/Desktop/My Courses/Диплом/RL_VLA_Bootstrapping/RL_VLA_Bootstrapping/robots/cdpr/cdpr_dataset/wrappers/desk__bowl-ycb_peach-ycb_pear/placed_0_ycb_pear.xml:mesh@file; /Users/damirnurtdinov/Desktop/My Courses/Диплом/RL_VLA_Bootstrapping/RL_VLA_Bootstrapping/robots/cdpr/cdpr_dataset/wrappers/desk__plate-ycb_apple-ycb_baseball-ycb_pear_wrapper/desk__plate-ycb_apple-ycb_baseball-ycb_pear_wrapper__placed_3_ycb_pear.xml:mesh@file; /Users/damirnurtdinov/Desktop/My Courses/Диплом/RL_VLA_Bootstrapping/RL_VLA_Bootstrapping/robots/cdpr/cdpr_dataset/wrappers/desk__plate-ycb_apple-ycb_baseball-ycb_pear_wrapper/placed_3_ycb_pear.xml:mesh@file; /Users/damirnurtdinov/Desktop/My Courses/Диплом/RL_VLA_Bootstrapping/RL_VLA_Bootstrapping/robots/cdpr/cdpr_dataset/wrappers/desk__plate-ycb_apple-ycb_pear_wrapper/desk__plate-ycb_apple-ycb_pear_wrapper__placed_2_ycb_pear.xml:mesh@file; /Users/damirnurtdinov/Desktop/My Courses/Диплом/RL_VLA_Bootstrapping/RL_VLA_Bootstrapping/robots/cdpr/cdpr_dataset/wrappers/desk__plate-ycb_apple-ycb_pear_wrapper/placed_2_ycb_pear.xml:mesh@file; /Users/damirnurtdinov/Desktop/My Courses/Диплом/RL_VLA_Bootstrapping/RL_VLA_Bootstrapping/robots/cdpr/cdpr_dataset/wrappers/desk__plate-ycb_baseball-ycb_pear/desk__plate-ycb_baseball-ycb_pear__rltmp_1779358383892150000__placed_0_ycb_pear.xml:mesh@file; /Users/damirnurtdinov/Desktop/My Courses/Диплом/RL_VLA_Bootstrapping/RL_VLA_Bootstrapping/robots/cdpr/cdpr_dataset/wrappers/desk__plate-ycb_baseball-ycb_pear/desk__plate-ycb_baseball-ycb_pear__rltmp_1779358406810652000__placed_0_ycb_pear.xml:mesh@file; /Users/damirnurtdinov/Desktop/My Courses/Диплом/RL_VLA_Bootstrapping/RL_VLA_Bootstrapping/robots/cdpr/cdpr_dataset/wrappers/desk__plate-ycb_baseball-ycb_pear/placed_0_ycb_pear.xml:mesh@file; /Users/damirnurtdinov/Desktop/My Courses/Диплом/RL_VLA_Bootstrapping/RL_VLA_Bootstrapping/robots/cdpr/cdpr_dataset/wrappers/desk__plate-ycb_baseball-ycb_pear_wrapper/desk__plate-ycb_baseball-ycb_pear_wrapper__placed_2_ycb_pear.xml:mesh@file; /Users/damirnurtdinov/Desktop/My Courses/Диплом/RL_VLA_Bootstrapping/RL_VLA_Bootstrapping/robots/cdpr/cdpr_dataset/wrappers/desk__plate-ycb_baseball-ycb_pear_wrapper/placed_2_ycb_pear.xml:mesh@file; /Users/damirnurtdinov/Desktop/My Courses/Диплом/RL_VLA_Bootstrapping/RL_VLA_Bootstrapping/robots/cdpr/cdpr_dataset/wrappers/desk__ycb_apple-ycb_baseball-ycb_pear_wrapper/desk__ycb_apple-ycb_baseball-ycb_pear_wrapper__placed_2_ycb_pear.xml:mesh@file; /Users/damirnurtdinov/Desktop/My Courses/Диплом/RL_VLA_Bootstrapping/RL_VLA_Bootstrapping/robots/cdpr/cdpr_dataset/wrappers/desk__ycb_apple-ycb_baseball-ycb_pear_wrapper/placed_2_ycb_pear.xml:mesh@file,20
/Users/damirnurtdinov/Desktop/My Courses/Диплом/CDPR-Dataset/external_assets/ycb_dataset/ycb/pear/textured_coacd_0.stl,mesh,True,0.001606,,b383905dd0f4e95c54c5f9012dd0048a0121557d8edc806b70eab5f84c1201fc,/Users/damirnurtdinov/Desktop/My Courses/Диплом/RL_VLA_Bootstrapping/RL_VLA_Bootstrapping/robots/cdpr/cdpr_dataset/wrappers/desk__bowl-plate-ycb_apple-ycb_pear_wrapper/desk__bowl-plate-ycb_apple-ycb_pear_wrapper__placed_3_ycb_pear.xml:mesh@file; /Users/damirnurtdinov/Desktop/My Courses/Диплом/RL_VLA_Bootstrapping/RL_VLA_Bootstrapping/robots/cdpr/cdpr_dataset/wrappers/desk__bowl-plate-ycb_apple-ycb_pear_wrapper/placed_3_ycb_pear.xml:mesh@file; /Users/damirnurtdinov/Desktop/My Courses/Диплом/RL_VLA_Bootstrapping/RL_VLA_Bootstrapping/robots/cdpr/cdpr_dataset/wrappers/desk__bowl-plate-ycb_baseball-ycb_pear_wrapper/desk__bowl-plate-ycb_baseball-ycb_pear_wrapper__placed_3_ycb_pear.xml:mesh@file; /Users/damirnurtdinov/Desktop/My Courses/Диплом/RL_VLA_Bootstrapping/RL_VLA_Bootstrapping/robots/cdpr/cdpr_dataset/wrappers/desk__bowl-plate-ycb_baseball-ycb_pear_wrapper/placed_3_ycb_pear.xml:mesh@file; /Users/damirnurtdinov/Desktop/My Courses/Диплом/RL_VLA_Bootstrapping/RL_VLA_Bootstrapping/robots/cdpr/cdpr_dataset/wrappers/desk__bowl-ycb_apple-ycb_baseball-ycb_pear_wrapper/desk__bowl-ycb_apple-ycb_baseball-ycb_pear_wrapper__placed_3_ycb_pear.xml:mesh@file; /Users/damirnurtdinov/Desktop/My Courses/Диплом/RL_VLA_Bootstrapping/RL_VLA_Bootstrapping/robots/cdpr/cdpr_dataset/wrappers/desk__bowl-ycb_apple-ycb_baseball-ycb_pear_wrapper/placed_3_ycb_pear.xml:mesh@file; /Users/damirnurtdinov/Desktop/My Courses/Диплом/RL_VLA_Bootstrapping/RL_VLA_Bootstrapping/robots/cdpr/cdpr_dataset/wrappers/desk__bowl-ycb_apple-ycb_pear_wrapper/desk__bowl-ycb_apple-ycb_pear_wrapper__placed_2_ycb_pear.xml:mesh@file; /Users/damirnurtdinov/Desktop/My Courses/Диплом/RL_VLA_Bootstrapping/RL_VLA_Bootstrapping/robots/cdpr/cdpr_dataset/wrappers/desk__bowl-ycb_apple-ycb_pear_wrapper/placed_2_ycb_pear.xml:mesh@file; /Users/damirnurtdinov/Desktop/My Courses/Диплом/RL_VLA_Bootstrapping/RL_VLA_Bootstrapping/robots/cdpr/cdpr_dataset/wrappers/desk__bowl-ycb_peach-ycb_pear/placed_0_ycb_pear.xml:mesh@file; /Users/damirnurtdinov/Desktop/My Courses/Диплом/RL_VLA_Bootstrapping/RL_VLA_Bootstrapping/robots/cdpr/cdpr_dataset/wrappers/desk__plate-ycb_apple-ycb_baseball-ycb_pear_wrapper/desk__plate-ycb_apple-ycb_baseball-ycb_pear_wrapper__placed_3_ycb_pear.xml:mesh@file; /Users/damirnurtdinov/Desktop/My Courses/Диплом/RL_VLA_Bootstrapping/RL_VLA_Bootstrapping/robots/cdpr/cdpr_dataset/wrappers/desk__plate-ycb_apple-ycb_baseball-ycb_pear_wrapper/placed_3_ycb_pear.xml:mesh@file; /Users/damirnurtdinov/Desktop/My Courses/Диплом/RL_VLA_Bootstrapping/RL_VLA_Bootstrapping/robots/cdpr/cdpr_dataset/wrappers/desk__plate-ycb_apple-ycb_pear_wrapper/desk__plate-ycb_apple-ycb_pear_wrapper__placed_2_ycb_pear.xml:mesh@file; /Users/damirnurtdinov/Desktop/My Courses/Диплом/RL_VLA_Bootstrapping/RL_VLA_Bootstrapping/robots/cdpr/cdpr_dataset/wrappers/desk__plate-ycb_apple-ycb_pear_wrapper/placed_2_ycb_pear.xml:mesh@file; /Users/damirnurtdinov/Desktop/My Courses/Диплом/RL_VLA_Bootstrapping/RL_VLA_Bootstrapping/robots/cdpr/cdpr_dataset/wrappers/desk__plate-ycb_baseball-ycb_pear/desk__plate-ycb_baseball-ycb_pear__rltmp_1779358383892150000__placed_0_ycb_pear.xml:mesh@file; /Users/damirnurtdinov/Desktop/My Courses/Диплом/RL_VLA_Bootstrapping/RL_VLA_Bootstrapping/robots/cdpr/cdpr_dataset/wrappers/desk__plate-ycb_baseball-ycb_pear/desk__plate-ycb_baseball-ycb_pear__rltmp_1779358406810652000__placed_0_ycb_pear.xml:mesh@file; /Users/damirnurtdinov/Desktop/My Courses/Диплом/RL_VLA_Bootstrapping/RL_VLA_Bootstrapping/robots/cdpr/cdpr_dataset/wrappers/desk__plate-ycb_baseball-ycb_pear/placed_0_ycb_pear.xml:mesh@file; /Users/damirnurtdinov/Desktop/My Courses/Диплом/RL_VLA_Bootstrapping/RL_VLA_Bootstrapping/robots/cdpr/cdpr_dataset/wrappers/desk__plate-ycb_baseball-ycb_pear_wrapper/desk__plate-ycb_baseball-ycb_pear_wrapper__placed_2_ycb_pear.xml:mesh@file; /Users/damirnurtdinov/Desktop/My Courses/Диплом/RL_VLA_Bootstrapping/RL_VLA_Bootstrapping/robots/cdpr/cdpr_dataset/wrappers/desk__plate-ycb_baseball-ycb_pear_wrapper/placed_2_ycb_pear.xml:mesh@file; /Users/damirnurtdinov/Desktop/My Courses/Диплом/RL_VLA_Bootstrapping/RL_VLA_Bootstrapping/robots/cdpr/cdpr_dataset/wrappers/desk__ycb_apple-ycb_baseball-ycb_pear_wrapper/desk__ycb_apple-ycb_baseball-ycb_pear_wrapper__placed_2_ycb_pear.xml:mesh@file; /Users/damirnurtdinov/Desktop/My Courses/Диплом/RL_VLA_Bootstrapping/RL_VLA_Bootstrapping/robots/cdpr/cdpr_dataset/wrappers/desk__ycb_apple-ycb_baseball-ycb_pear_wrapper/placed_2_ycb_pear.xml:mesh@file,20
/Users/damirnurtdinov/Desktop/My Courses/Диплом/CDPR-Dataset/external_assets/ycb_dataset/ycb/pear/textured_coacd_1.stl,mesh,True,0.001606,,aa45f004d7b85a1fc7a734c56f67ddaca4a41886bfe322b6a2e5d06527b28714,/Users/damirnurtdinov/Desktop/My Courses/Диплом/RL_VLA_Bootstrapping/RL_VLA_Bootstrapping/robots/cdpr/cdpr_dataset/wrappers/desk__bowl-plate-ycb_apple-ycb_pear_wrapper/desk__bowl-plate-ycb_apple-ycb_pear_wrapper__placed_3_ycb_pear.xml:mesh@file; /Users/damirnurtdinov/Desktop/My Courses/Диплом/RL_VLA_Bootstrapping/RL_VLA_Bootstrapping/robots/cdpr/cdpr_dataset/wrappers/desk__bowl-plate-ycb_apple-ycb_pear_wrapper/placed_3_ycb_pear.xml:mesh@file; /Users/damirnurtdinov/Desktop/My Courses/Диплом/RL_VLA_Bootstrapping/RL_VLA_Bootstrapping/robots/cdpr/cdpr_dataset/wrappers/desk__bowl-plate-ycb_baseball-ycb_pear_wrapper/desk__bowl-plate-ycb_baseball-ycb_pear_wrapper__placed_3_ycb_pear.xml:mesh@file; /Users/damirnurtdinov/Desktop/My Courses/Диплом/RL_VLA_Bootstrapping/RL_VLA_Bootstrapping/robots/cdpr/cdpr_dataset/wrappers/desk__bowl-plate-ycb_baseball-ycb_pear_wrapper/placed_3_ycb_pear.xml:mesh@file; /Users/damirnurtdinov/Desktop/My Courses/Диплом/RL_VLA_Bootstrapping/RL_VLA_Bootstrapping/robots/cdpr/cdpr_dataset/wrappers/desk__bowl-ycb_apple-ycb_baseball-ycb_pear_wrapper/desk__bowl-ycb_apple-ycb_baseball-ycb_pear_wrapper__placed_3_ycb_pear.xml:mesh@file; /Users/damirnurtdinov/Desktop/My Courses/Диплом/RL_VLA_Bootstrapping/RL_VLA_Bootstrapping/robots/cdpr/cdpr_dataset/wrappers/desk__bowl-ycb_apple-ycb_baseball-ycb_pear_wrapper/placed_3_ycb_pear.xml:mesh@file; /Users/damirnurtdinov/Desktop/My Courses/Диплом/RL_VLA_Bootstrapping/RL_VLA_Bootstrapping/robots/cdpr/cdpr_dataset/wrappers/desk__bowl-ycb_apple-ycb_pear_wrapper/desk__bowl-ycb_apple-ycb_pear_wrapper__placed_2_ycb_pear.xml:mesh@file; /Users/damirnurtdinov/Desktop/My Courses/Диплом/RL_VLA_Bootstrapping/RL_VLA_Bootstrapping/robots/cdpr/cdpr_dataset/wrappers/desk__bowl-ycb_apple-ycb_pear_wrapper/placed_2_ycb_pear.xml:mesh@file; /Users/damirnurtdinov/Desktop/My Courses/Диплом/RL_VLA_Bootstrapping/RL_VLA_Bootstrapping/robots/cdpr/cdpr_dataset/wrappers/desk__bowl-ycb_peach-ycb_pear/placed_0_ycb_pear.xml:mesh@file; /Users/damirnurtdinov/Desktop/My Courses/Диплом/RL_VLA_Bootstrapping/RL_VLA_Bootstrapping/robots/cdpr/cdpr_dataset/wrappers/desk__plate-ycb_apple-ycb_baseball-ycb_pear_wrapper/desk__plate-ycb_apple-ycb_baseball-ycb_pear_wrapper__placed_3_ycb_pear.xml:mesh@file; /Users/damirnurtdinov/Desktop/My Courses/Диплом/RL_VLA_Bootstrapping/RL_VLA_Bootstrapping/robots/cdpr/cdpr_dataset/wrappers/desk__plate-ycb_apple-ycb_baseball-ycb_pear_wrapper/placed_3_ycb_pear.xml:mesh@file; /Users/damirnurtdinov/Desktop/My Courses/Диплом/RL_VLA_Bootstrapping/RL_VLA_Bootstrapping/robots/cdpr/cdpr_dataset/wrappers/desk__plate-ycb_apple-ycb_pear_wrapper/desk__plate-ycb_apple-ycb_pear_wrapper__placed_2_ycb_pear.xml:mesh@file; /Users/damirnurtdinov/Desktop/My Courses/Диплом/RL_VLA_Bootstrapping/RL_VLA_Bootstrapping/robots/cdpr/cdpr_dataset/wrappers/desk__plate-ycb_apple-ycb_pear_wrapper/placed_2_ycb_pear.xml:mesh@file; /Users/damirnurtdinov/Desktop/My Courses/Диплом/RL_VLA_Bootstrapping/RL_VLA_Bootstrapping/robots/cdpr/cdpr_dataset/wrappers/desk__plate-ycb_baseball-ycb_pear/desk__plate-ycb_baseball-ycb_pear__rltmp_1779358383892150000__placed_0_ycb_pear.xml:mesh@file; /Users/damirnurtdinov/Desktop/My Courses/Диплом/RL_VLA_Bootstrapping/RL_VLA_Bootstrapping/robots/cdpr/cdpr_dataset/wrappers/desk__plate-ycb_baseball-ycb_pear/desk__plate-ycb_baseball-ycb_pear__rltmp_1779358406810652000__placed_0_ycb_pear.xml:mesh@file; /Users/damirnurtdinov/Desktop/My Courses/Диплом/RL_VLA_Bootstrapping/RL_VLA_Bootstrapping/robots/cdpr/cdpr_dataset/wrappers/desk__plate-ycb_baseball-ycb_pear/placed_0_ycb_pear.xml:mesh@file; /Users/damirnurtdinov/Desktop/My Courses/Диплом/RL_VLA_Bootstrapping/RL_VLA_Bootstrapping/robots/cdpr/cdpr_dataset/wrappers/desk__plate-ycb_baseball-ycb_pear_wrapper/desk__plate-ycb_baseball-ycb_pear_wrapper__placed_2_ycb_pear.xml:mesh@file; /Users/damirnurtdinov/Desktop/My Courses/Диплом/RL_VLA_Bootstrapping/RL_VLA_Bootstrapping/robots/cdpr/cdpr_dataset/wrappers/desk__plate-ycb_baseball-ycb_pear_wrapper/placed_2_ycb_pear.xml:mesh@file; /Users/damirnurtdinov/Desktop/My Courses/Диплом/RL_VLA_Bootstrapping/RL_VLA_Bootstrapping/robots/cdpr/cdpr_dataset/wrappers/desk__ycb_apple-ycb_baseball-ycb_pear_wrapper/desk__ycb_apple-ycb_baseball-ycb_pear_wrapper__placed_2_ycb_pear.xml:mesh@file; /Users/damirnurtdinov/Desktop/My Courses/Диплом/RL_VLA_Bootstrapping/RL_VLA_Bootstrapping/robots/cdpr/cdpr_dataset/wrappers/desk__ycb_apple-ycb_baseball-ycb_pear_wrapper/placed_2_ycb_pear.xml:mesh@file,20
/Users/damirnurtdinov/Desktop/My Courses/Диплом/CDPR-Dataset/external_assets/ycb_dataset/ycb/pear/textured_coacd_2.stl,mesh,True,0.001606,,c4f5cb94dd0065aa47acb2da6693cf8b7d531f1e92dfd3b63ee433b9a5db58ee,/Users/damirnurtdinov/Desktop/My Courses/Диплом/RL_VLA_Bootstrapping/RL_VLA_Bootstrapping/robots/cdpr/cdpr_dataset/wrappers/desk__bowl-plate-ycb_apple-ycb_pear_wrapper/desk__bowl-plate-ycb_apple-ycb_pear_wrapper__placed_3_ycb_pear.xml:mesh@file; /Users/damirnurtdinov/Desktop/My Courses/Диплом/RL_VLA_Bootstrapping/RL_VLA_Bootstrapping/robots/cdpr/cdpr_dataset/wrappers/desk__bowl-plate-ycb_apple-ycb_pear_wrapper/placed_3_ycb_pear.xml:mesh@file; /Users/damirnurtdinov/Desktop/My Courses/Диплом/RL_VLA_Bootstrapping/RL_VLA_Bootstrapping/robots/cdpr/cdpr_dataset/wrappers/desk__bowl-plate-ycb_baseball-ycb_pear_wrapper/desk__bowl-plate-ycb_baseball-ycb_pear_wrapper__placed_3_ycb_pear.xml:mesh@file; /Users/damirnurtdinov/Desktop/My Courses/Диплом/RL_VLA_Bootstrapping/RL_VLA_Bootstrapping/robots/cdpr/cdpr_dataset/wrappers/desk__bowl-plate-ycb_baseball-ycb_pear_wrapper/placed_3_ycb_pear.xml:mesh@file; /Users/damirnurtdinov/Desktop/My Courses/Диплом/RL_VLA_Bootstrapping/RL_VLA_Bootstrapping/robots/cdpr/cdpr_dataset/wrappers/desk__bowl-ycb_apple-ycb_baseball-ycb_pear_wrapper/desk__bowl-ycb_apple-ycb_baseball-ycb_pear_wrapper__placed_3_ycb_pear.xml:mesh@file; /Users/damirnurtdinov/Desktop/My Courses/Диплом/RL_VLA_Bootstrapping/RL_VLA_Bootstrapping/robots/cdpr/cdpr_dataset/wrappers/desk__bowl-ycb_apple-ycb_baseball-ycb_pear_wrapper/placed_3_ycb_pear.xml:mesh@file; /Users/damirnurtdinov/Desktop/My Courses/Диплом/RL_VLA_Bootstrapping/RL_VLA_Bootstrapping/robots/cdpr/cdpr_dataset/wrappers/desk__bowl-ycb_apple-ycb_pear_wrapper/desk__bowl-ycb_apple-ycb_pear_wrapper__placed_2_ycb_pear.xml:mesh@file; /Users/damirnurtdinov/Desktop/My Courses/Диплом/RL_VLA_Bootstrapping/RL_VLA_Bootstrapping/robots/cdpr/cdpr_dataset/wrappers/desk__bowl-ycb_apple-ycb_pear_wrapper/placed_2_ycb_pear.xml:mesh@file; /Users/damirnurtdinov/Desktop/My Courses/Диплом/RL_VLA_Bootstrapping/RL_VLA_Bootstrapping/robots/cdpr/cdpr_dataset/wrappers/desk__bowl-ycb_peach-ycb_pear/placed_0_ycb_pear.xml:mesh@file; /Users/damirnurtdinov/Desktop/My Courses/Диплом/RL_VLA_Bootstrapping/RL_VLA_Bootstrapping/robots/cdpr/cdpr_dataset/wrappers/desk__plate-ycb_apple-ycb_baseball-ycb_pear_wrapper/desk__plate-ycb_apple-ycb_baseball-ycb_pear_wrapper__placed_3_ycb_pear.xml:mesh@file; /Users/damirnurtdinov/Desktop/My Courses/Диплом/RL_VLA_Bootstrapping/RL_VLA_Bootstrapping/robots/cdpr/cdpr_dataset/wrappers/desk__plate-ycb_apple-ycb_baseball-ycb_pear_wrapper/placed_3_ycb_pear.xml:mesh@file; /Users/damirnurtdinov/Desktop/My Courses/Диплом/RL_VLA_Bootstrapping/RL_VLA_Bootstrapping/robots/cdpr/cdpr_dataset/wrappers/desk__plate-ycb_apple-ycb_pear_wrapper/desk__plate-ycb_apple-ycb_pear_wrapper__placed_2_ycb_pear.xml:mesh@file; /Users/damirnurtdinov/Desktop/My Courses/Диплом/RL_VLA_Bootstrapping/RL_VLA_Bootstrapping/robots/cdpr/cdpr_dataset/wrappers/desk__plate-ycb_apple-ycb_pear_wrapper/placed_2_ycb_pear.xml:mesh@file; /Users/damirnurtdinov/Desktop/My Courses/Диплом/RL_VLA_Bootstrapping/RL_VLA_Bootstrapping/robots/cdpr/cdpr_dataset/wrappers/desk__plate-ycb_baseball-ycb_pear/desk__plate-ycb_baseball-ycb_pear__rltmp_1779358383892150000__placed_0_ycb_pear.xml:mesh@file; /Users/damirnurtdinov/Desktop/My Courses/Диплом/RL_VLA_Bootstrapping/RL_VLA_Bootstrapping/robots/cdpr/cdpr_dataset/wrappers/desk__plate-ycb_baseball-ycb_pear/desk__plate-ycb_baseball-ycb_pear__rltmp_1779358406810652000__placed_0_ycb_pear.xml:mesh@file; /Users/damirnurtdinov/Desktop/My Courses/Диплом/RL_VLA_Bootstrapping/RL_VLA_Bootstrapping/robots/cdpr/cdpr_dataset/wrappers/desk__plate-ycb_baseball-ycb_pear/placed_0_ycb_pear.xml:mesh@file; /Users/damirnurtdinov/Desktop/My Courses/Диплом/RL_VLA_Bootstrapping/RL_VLA_Bootstrapping/robots/cdpr/cdpr_dataset/wrappers/desk__plate-ycb_baseball-ycb_pear_wrapper/desk__plate-ycb_baseball-ycb_pear_wrapper__placed_2_ycb_pear.xml:mesh@file; /Users/damirnurtdinov/Desktop/My Courses/Диплом/RL_VLA_Bootstrapping/RL_VLA_Bootstrapping/robots/cdpr/cdpr_dataset/wrappers/desk__plate-ycb_baseball-ycb_pear_wrapper/placed_2_ycb_pear.xml:mesh@file; /Users/damirnurtdinov/Desktop/My Courses/Диплом/RL_VLA_Bootstrapping/RL_VLA_Bootstrapping/robots/cdpr/cdpr_dataset/wrappers/desk__ycb_apple-ycb_baseball-ycb_pear_wrapper/desk__ycb_apple-ycb_baseball-ycb_pear_wrapper__placed_2_ycb_pear.xml:mesh@file; /Users/damirnurtdinov/Desktop/My Courses/Диплом/RL_VLA_Bootstrapping/RL_VLA_Bootstrapping/robots/cdpr/cdpr_dataset/wrappers/desk__ycb_apple-ycb_baseball-ycb_pear_wrapper/placed_2_ycb_pear.xml:mesh@file,20
/Users/damirnurtdinov/Desktop/My Courses/Диплом/CDPR-Dataset/external_assets/ycb_dataset/ycb/pear/textured_coacd_3.stl,mesh,True,0.001606,,09bd1b6d0471cceea77195e3097ab0d52e554da938b9b56cbdd6dae5fc22ec65,/Users/damirnurtdinov/Desktop/My Courses/Диплом/RL_VLA_Bootstrapping/RL_VLA_Bootstrapping/robots/cdpr/cdpr_dataset/wrappers/desk__bowl-plate-ycb_apple-ycb_pear_wrapper/desk__bowl-plate-ycb_apple-ycb_pear_wrapper__placed_3_ycb_pear.xml:mesh@file; /Users/damirnurtdinov/Desktop/My Courses/Диплом/RL_VLA_Bootstrapping/RL_VLA_Bootstrapping/robots/cdpr/cdpr_dataset/wrappers/desk__bowl-plate-ycb_apple-ycb_pear_wrapper/placed_3_ycb_pear.xml:mesh@file; /Users/damirnurtdinov/Desktop/My Courses/Диплом/RL_VLA_Bootstrapping/RL_VLA_Bootstrapping/robots/cdpr/cdpr_dataset/wrappers/desk__bowl-plate-ycb_baseball-ycb_pear_wrapper/desk__bowl-plate-ycb_baseball-ycb_pear_wrapper__placed_3_ycb_pear.xml:mesh@file; /Users/damirnurtdinov/Desktop/My Courses/Диплом/RL_VLA_Bootstrapping/RL_VLA_Bootstrapping/robots/cdpr/cdpr_dataset/wrappers/desk__bowl-plate-ycb_baseball-ycb_pear_wrapper/placed_3_ycb_pear.xml:mesh@file; /Users/damirnurtdinov/Desktop/My Courses/Диплом/RL_VLA_Bootstrapping/RL_VLA_Bootstrapping/robots/cdpr/cdpr_dataset/wrappers/desk__bowl-ycb_apple-ycb_baseball-ycb_pear_wrapper/desk__bowl-ycb_apple-ycb_baseball-ycb_pear_wrapper__placed_3_ycb_pear.xml:mesh@file; /Users/damirnurtdinov/Desktop/My Courses/Диплом/RL_VLA_Bootstrapping/RL_VLA_Bootstrapping/robots/cdpr/cdpr_dataset/wrappers/desk__bowl-ycb_apple-ycb_baseball-ycb_pear_wrapper/placed_3_ycb_pear.xml:mesh@file; /Users/damirnurtdinov/Desktop/My Courses/Диплом/RL_VLA_Bootstrapping/RL_VLA_Bootstrapping/robots/cdpr/cdpr_dataset/wrappers/desk__bowl-ycb_apple-ycb_pear_wrapper/desk__bowl-ycb_apple-ycb_pear_wrapper__placed_2_ycb_pear.xml:mesh@file; /Users/damirnurtdinov/Desktop/My Courses/Диплом/RL_VLA_Bootstrapping/RL_VLA_Bootstrapping/robots/cdpr/cdpr_dataset/wrappers/desk__bowl-ycb_apple-ycb_pear_wrapper/placed_2_ycb_pear.xml:mesh@file; /Users/damirnurtdinov/Desktop/My Courses/Диплом/RL_VLA_Bootstrapping/RL_VLA_Bootstrapping/robots/cdpr/cdpr_dataset/wrappers/desk__bowl-ycb_peach-ycb_pear/placed_0_ycb_pear.xml:mesh@file; /Users/damirnurtdinov/Desktop/My Courses/Диплом/RL_VLA_Bootstrapping/RL_VLA_Bootstrapping/robots/cdpr/cdpr_dataset/wrappers/desk__plate-ycb_apple-ycb_baseball-ycb_pear_wrapper/desk__plate-ycb_apple-ycb_baseball-ycb_pear_wrapper__placed_3_ycb_pear.xml:mesh@file; /Users/damirnurtdinov/Desktop/My Courses/Диплом/RL_VLA_Bootstrapping/RL_VLA_Bootstrapping/robots/cdpr/cdpr_dataset/wrappers/desk__plate-ycb_apple-ycb_baseball-ycb_pear_wrapper/placed_3_ycb_pear.xml:mesh@file; /Users/damirnurtdinov/Desktop/My Courses/Диплом/RL_VLA_Bootstrapping/RL_VLA_Bootstrapping/robots/cdpr/cdpr_dataset/wrappers/desk__plate-ycb_apple-ycb_pear_wrapper/desk__plate-ycb_apple-ycb_pear_wrapper__placed_2_ycb_pear.xml:mesh@file; /Users/damirnurtdinov/Desktop/My Courses/Диплом/RL_VLA_Bootstrapping/RL_VLA_Bootstrapping/robots/cdpr/cdpr_dataset/wrappers/desk__plate-ycb_apple-ycb_pear_wrapper/placed_2_ycb_pear.xml:mesh@file; /Users/damirnurtdinov/Desktop/My Courses/Диплом/RL_VLA_Bootstrapping/RL_VLA_Bootstrapping/robots/cdpr/cdpr_dataset/wrappers/desk__plate-ycb_baseball-ycb_pear/desk__plate-ycb_baseball-ycb_pear__rltmp_1779358383892150000__placed_0_ycb_pear.xml:mesh@file; /Users/damirnurtdinov/Desktop/My Courses/Диплом/RL_VLA_Bootstrapping/RL_VLA_Bootstrapping/robots/cdpr/cdpr_dataset/wrappers/desk__plate-ycb_baseball-ycb_pear/desk__plate-ycb_baseball-ycb_pear__rltmp_1779358406810652000__placed_0_ycb_pear.xml:mesh@file; /Users/damirnurtdinov/Desktop/My Courses/Диплом/RL_VLA_Bootstrapping/RL_VLA_Bootstrapping/robots/cdpr/cdpr_dataset/wrappers/desk__plate-ycb_baseball-ycb_pear/placed_0_ycb_pear.xml:mesh@file; /Users/damirnurtdinov/Desktop/My Courses/Диплом/RL_VLA_Bootstrapping/RL_VLA_Bootstrapping/robots/cdpr/cdpr_dataset/wrappers/desk__plate-ycb_baseball-ycb_pear_wrapper/desk__plate-ycb_baseball-ycb_pear_wrapper__placed_2_ycb_pear.xml:mesh@file; /Users/damirnurtdinov/Desktop/My Courses/Диплом/RL_VLA_Bootstrapping/RL_VLA_Bootstrapping/robots/cdpr/cdpr_dataset/wrappers/desk__plate-ycb_baseball-ycb_pear_wrapper/placed_2_ycb_pear.xml:mesh@file; /Users/damirnurtdinov/Desktop/My Courses/Диплом/RL_VLA_Bootstrapping/RL_VLA_Bootstrapping/robots/cdpr/cdpr_dataset/wrappers/desk__ycb_apple-ycb_baseball-ycb_pear_wrapper/desk__ycb_apple-ycb_baseball-ycb_pear_wrapper__placed_2_ycb_pear.xml:mesh@file; /Users/damirnurtdinov/Desktop/My Courses/Диплом/RL_VLA_Bootstrapping/RL_VLA_Bootstrapping/robots/cdpr/cdpr_dataset/wrappers/desk__ycb_apple-ycb_baseball-ycb_pear_wrapper/placed_2_ycb_pear.xml:mesh@file,20
/Users/damirnurtdinov/Desktop/My Courses/Диплом/LIBERO/libero/libero/assets/scenes/desk/desk_texture.png,texture_or_image,True,0.466681,1024x1024,f1f228aca1dab2c88833d00d10983d3df62e64569bb61ad66865490cbd08a5c3,/Users/damirnurtdinov/Desktop/My Courses/Диплом/RL_VLA_Bootstrapping/RL_VLA_Bootstrapping/robots/cdpr/cdpr_dataset/wrappers/desk__bowl-plate-ycb_apple-ycb_baseball_wrapper/desk__bowl-plate-ycb_apple-ycb_baseball_wrapper__desk_zshift.xml:texture@file; /Users/damirnurtdinov/Desktop/My Courses/Диплом/RL_VLA_Bootstrapping/RL_VLA_Bootstrapping/robots/cdpr/cdpr_dataset/wrappers/desk__bowl-plate-ycb_apple-ycb_baseball_wrapper/desk_zshift.xml:texture@file; /Users/damirnurtdinov/Desktop/My Courses/Диплом/RL_VLA_Bootstrapping/RL_VLA_Bootstrapping/robots/cdpr/cdpr_dataset/wrappers/desk__bowl-plate-ycb_apple-ycb_pear_wrapper/desk__bowl-plate-ycb_apple-ycb_pear_wrapper__desk_zshift.xml:texture@file; /Users/damirnurtdinov/Desktop/My Courses/Диплом/RL_VLA_Bootstrapping/RL_VLA_Bootstrapping/robots/cdpr/cdpr_dataset/wrappers/desk__bowl-plate-ycb_apple-ycb_pear_wrapper/desk_zshift.xml:texture@file; /Users/damirnurtdinov/Desktop/My Courses/Диплом/RL_VLA_Bootstrapping/RL_VLA_Bootstrapping/robots/cdpr/cdpr_dataset/wrappers/desk__bowl-plate-ycb_apple_wrapper/desk__bowl-plate-ycb_apple_wrapper__desk_zshift.xml:texture@file; /Users/damirnurtdinov/Desktop/My Courses/Диплом/RL_VLA_Bootstrapping/RL_VLA_Bootstrapping/robots/cdpr/cdpr_dataset/wrappers/desk__bowl-plate-ycb_apple_wrapper/desk_zshift.xml:texture@file; /Users/damirnurtdinov/Desktop/My Courses/Диплом/RL_VLA_Bootstrapping/RL_VLA_Bootstrapping/robots/cdpr/cdpr_dataset/wrappers/desk__bowl-plate-ycb_baseball-ycb_peach/desk_zshift.xml:texture@file; /Users/damirnurtdinov/Desktop/My Courses/Диплом/RL_VLA_Bootstrapping/RL_VLA_Bootstrapping/robots/cdpr/cdpr_dataset/wrappers/desk__bowl-plate-ycb_baseball-ycb_pear_wrapper/desk__bowl-plate-ycb_baseball-ycb_pear_wrapper__desk_zshift.xml:texture@file; /Users/damirnurtdinov/Desktop/My Courses/Диплом/RL_VLA_Bootstrapping/RL_VLA_Bootstrapping/robots/cdpr/cdpr_dataset/wrappers/desk__bowl-plate-ycb_baseball-ycb_pear_wrapper/desk_zshift.xml:texture@file; /Users/damirnurtdinov/Desktop/My Courses/Диплом/RL_VLA_Bootstrapping/RL_VLA_Bootstrapping/robots/cdpr/cdpr_dataset/wrappers/desk__bowl-plate-ycb_baseball_wrapper/desk__bowl-plate-ycb_baseball_wrapper__desk_zshift.xml:texture@file; /Users/damirnurtdinov/Desktop/My Courses/Диплом/RL_VLA_Bootstrapping/RL_VLA_Bootstrapping/robots/cdpr/cdpr_dataset/wrappers/desk__bowl-plate-ycb_baseball_wrapper/desk_zshift.xml:texture@file; /Users/damirnurtdinov/Desktop/My Courses/Диплом/RL_VLA_Bootstrapping/RL_VLA_Bootstrapping/robots/cdpr/cdpr_dataset/wrappers/desk__bowl-ycb_apple-ycb_baseball-ycb_pear_wrapper/desk__bowl-ycb_apple-ycb_baseball-ycb_pear_wrapper__desk_zshift.xml:texture@file; /Users/damirnurtdinov/Desktop/My Courses/Диплом/RL_VLA_Bootstrapping/RL_VLA_Bootstrapping/robots/cdpr/cdpr_dataset/wrappers/desk__bowl-ycb_apple-ycb_baseball-ycb_pear_wrapper/desk_zshift.xml:texture@file; /Users/damirnurtdinov/Desktop/My Courses/Диплом/RL_VLA_Bootstrapping/RL_VLA_Bootstrapping/robots/cdpr/cdpr_dataset/wrappers/desk__bowl-ycb_apple-ycb_baseball_wrapper/desk__bowl-ycb_apple-ycb_baseball_wrapper__desk_zshift.xml:texture@file; /Users/damirnurtdinov/Desktop/My Courses/Диплом/RL_VLA_Bootstrapping/RL_VLA_Bootstrapping/robots/cdpr/cdpr_dataset/wrappers/desk__bowl-ycb_apple-ycb_baseball_wrapper/desk_zshift.xml:texture@file; /Users/damirnurtdinov/Desktop/My Courses/Диплом/RL_VLA_Bootstrapping/RL_VLA_Bootstrapping/robots/cdpr/cdpr_dataset/wrappers/desk__bowl-ycb_apple-ycb_pear_wrapper/desk__bowl-ycb_apple-ycb_pear_wrapper__desk_zshift.xml:texture@file; /Users/damirnurtdinov/Desktop/My Courses/Диплом/RL_VLA_Bootstrapping/RL_VLA_Bootstrapping/robots/cdpr/cdpr_dataset/wrappers/desk__bowl-ycb_apple-ycb_pear_wrapper/desk_zshift.xml:texture@file; /Users/damirnurtdinov/Desktop/My Courses/Диплом/RL_VLA_Bootstrapping/RL_VLA_Bootstrapping/robots/cdpr/cdpr_dataset/wrappers/desk__bowl-ycb_b_cups-ycb_baseball/desk_zshift.xml:texture@file; /Users/damirnurtdinov/Desktop/My Courses/Диплом/RL_VLA_Bootstrapping/RL_VLA_Bootstrapping/robots/cdpr/cdpr_dataset/wrappers/desk__bowl-ycb_baseball-ycb_peach/desk_zshift.xml:texture@file; /Users/damirnurtdinov/Desktop/My Courses/Диплом/RL_VLA_Bootstrapping/RL_VLA_Bootstrapping/robots/cdpr/cdpr_dataset/wrappers/desk__bowl-ycb_peach-ycb_pear/desk_zshift.xml:texture@file; /Users/damirnurtdinov/Desktop/My Courses/Диплом/RL_VLA_Bootstrapping/RL_VLA_Bootstrapping/robots/cdpr/cdpr_dataset/wrappers/desk__plate-ycb_apple-ycb_baseball-ycb_pear_wrapper/desk__plate-ycb_apple-ycb_baseball-ycb_pear_wrapper__desk_zshift.xml:texture@file; /Users/damirnurtdinov/Desktop/My Courses/Диплом/RL_VLA_Bootstrapping/RL_VLA_Bootstrapping/robots/cdpr/cdpr_dataset/wrappers/desk__plate-ycb_apple-ycb_baseball-ycb_pear_wrapper/desk_zshift.xml:texture@file; /Users/damirnurtdinov/Desktop/My Courses/Диплом/RL_VLA_Bootstrapping/RL_VLA_Bootstrapping/robots/cdpr/cdpr_dataset/wrappers/desk__plate-ycb_apple-ycb_baseball_wrapper/desk__plate-ycb_apple-ycb_baseball_wrapper__desk_zshift.xml:texture@file; /Users/damirnurtdinov/Desktop/My Courses/Диплом/RL_VLA_Bootstrapping/RL_VLA_Bootstrapping/robots/cdpr/cdpr_dataset/wrappers/desk__plate-ycb_apple-ycb_baseball_wrapper/desk_zshift.xml:texture@file; /Users/damirnurtdinov/Desktop/My Courses/Диплом/RL_VLA_Bootstrapping/RL_VLA_Bootstrapping/robots/cdpr/cdpr_dataset/wrappers/desk__plate-ycb_apple-ycb_pear_wrapper/desk__plate-ycb_apple-ycb_pear_wrapper__desk_zshift.xml:texture@file; /Users/damirnurtdinov/Desktop/My Courses/Диплом/RL_VLA_Bootstrapping/RL_VLA_Bootstrapping/robots/cdpr/cdpr_dataset/wrappers/desk__plate-ycb_apple-ycb_pear_wrapper/desk_zshift.xml:texture@file; /Users/damirnurtdinov/Desktop/My Courses/Диплом/RL_VLA_Bootstrapping/RL_VLA_Bootstrapping/robots/cdpr/cdpr_dataset/wrappers/desk__plate-ycb_apple_wrapper/desk__plate-ycb_apple_wrapper__desk_zshift.xml:texture@file; /Users/damirnurtdinov/Desktop/My Courses/Диплом/RL_VLA_Bootstrapping/RL_VLA_Bootstrapping/robots/cdpr/cdpr_dataset/wrappers/desk__plate-ycb_apple_wrapper/desk_zshift.xml:texture@file; /Users/damirnurtdinov/Desktop/My Courses/Диплом/RL_VLA_Bootstrapping/RL_VLA_Bootstrapping/robots/cdpr/cdpr_dataset/wrappers/desk__plate-ycb_baseball-ycb_pear/desk__plate-ycb_baseball-ycb_pear__rltmp_1779358383892150000__desk_zshift.xml:texture@file; /Users/damirnurtdinov/Desktop/My Courses/Диплом/RL_VLA_Bootstrapping/RL_VLA_Bootstrapping/robots/cdpr/cdpr_dataset/wrappers/desk__plate-ycb_baseball-ycb_pear/desk__plate-ycb_baseball-ycb_pear__rltmp_1779358406810652000__desk_zshift.xml:texture@file; /Users/damirnurtdinov/Desktop/My Courses/Диплом/RL_VLA_Bootstrapping/RL_VLA_Bootstrapping/robots/cdpr/cdpr_dataset/wrappers/desk__plate-ycb_baseball-ycb_pear/desk_zshift.xml:texture@file; /Users/damirnurtdinov/Desktop/My Courses/Диплом/RL_VLA_Bootstrapping/RL_VLA_Bootstrapping/robots/cdpr/cdpr_dataset/wrappers/desk__plate-ycb_baseball-ycb_pear_wrapper/desk__plate-ycb_baseball-ycb_pear_wrapper__desk_zshift.xml:texture@file; /Users/damirnurtdinov/Desktop/My Courses/Диплом/RL_VLA_Bootstrapping/RL_VLA_Bootstrapping/robots/cdpr/cdpr_dataset/wrappers/desk__plate-ycb_baseball-ycb_pear_wrapper/desk_zshift.xml:texture@file; /Users/damirnurtdinov/Desktop/My Courses/Диплом/RL_VLA_Bootstrapping/RL_VLA_Bootstrapping/robots/cdpr/cdpr_dataset/wrappers/desk__ycb_apple-ycb_baseball-ycb_pear_wrapper/desk__ycb_apple-ycb_baseball-ycb_pear_wrapper__desk_zshift.xml:texture@file; /Users/damirnurtdinov/Desktop/My Courses/Диплом/RL_VLA_Bootstrapping/RL_VLA_Bootstrapping/robots/cdpr/cdpr_dataset/wrappers/desk__ycb_apple-ycb_baseball-ycb_pear_wrapper/desk_zshift.xml:texture@file,35
/Users/damirnurtdinov/Desktop/My Courses/Диплом/LIBERO/libero/libero/assets/scenes/desk/visual/desk_vis.msh,other,True,0.708221,,b883c91335372a5f7be2af0b83b95d2db429a5010110c8ca9739aef03d15f8f3,/Users/damirnurtdinov/Desktop/My Courses/Диплом/RL_VLA_Bootstrapping/RL_VLA_Bootstrapping/robots/cdpr/cdpr_dataset/wrappers/desk__bowl-plate-ycb_apple-ycb_baseball_wrapper/desk__bowl-plate-ycb_apple-ycb_baseball_wrapper__desk_zshift.xml:mesh@file; /Users/damirnurtdinov/Desktop/My Courses/Диплом/RL_VLA_Bootstrapping/RL_VLA_Bootstrapping/robots/cdpr/cdpr_dataset/wrappers/desk__bowl-plate-ycb_apple-ycb_baseball_wrapper/desk_zshift.xml:mesh@file; /Users/damirnurtdinov/Desktop/My Courses/Диплом/RL_VLA_Bootstrapping/RL_VLA_Bootstrapping/robots/cdpr/cdpr_dataset/wrappers/desk__bowl-plate-ycb_apple-ycb_pear_wrapper/desk__bowl-plate-ycb_apple-ycb_pear_wrapper__desk_zshift.xml:mesh@file; /Users/damirnurtdinov/Desktop/My Courses/Диплом/RL_VLA_Bootstrapping/RL_VLA_Bootstrapping/robots/cdpr/cdpr_dataset/wrappers/desk__bowl-plate-ycb_apple-ycb_pear_wrapper/desk_zshift.xml:mesh@file; /Users/damirnurtdinov/Desktop/My Courses/Диплом/RL_VLA_Bootstrapping/RL_VLA_Bootstrapping/robots/cdpr/cdpr_dataset/wrappers/desk__bowl-plate-ycb_apple_wrapper/desk__bowl-plate-ycb_apple_wrapper__desk_zshift.xml:mesh@file; /Users/damirnurtdinov/Desktop/My Courses/Диплом/RL_VLA_Bootstrapping/RL_VLA_Bootstrapping/robots/cdpr/cdpr_dataset/wrappers/desk__bowl-plate-ycb_apple_wrapper/desk_zshift.xml:mesh@file; /Users/damirnurtdinov/Desktop/My Courses/Диплом/RL_VLA_Bootstrapping/RL_VLA_Bootstrapping/robots/cdpr/cdpr_dataset/wrappers/desk__bowl-plate-ycb_baseball-ycb_peach/desk_zshift.xml:mesh@file; /Users/damirnurtdinov/Desktop/My Courses/Диплом/RL_VLA_Bootstrapping/RL_VLA_Bootstrapping/robots/cdpr/cdpr_dataset/wrappers/desk__bowl-plate-ycb_baseball-ycb_pear_wrapper/desk__bowl-plate-ycb_baseball-ycb_pear_wrapper__desk_zshift.xml:mesh@file; /Users/damirnurtdinov/Desktop/My Courses/Диплом/RL_VLA_Bootstrapping/RL_VLA_Bootstrapping/robots/cdpr/cdpr_dataset/wrappers/desk__bowl-plate-ycb_baseball-ycb_pear_wrapper/desk_zshift.xml:mesh@file; /Users/damirnurtdinov/Desktop/My Courses/Диплом/RL_VLA_Bootstrapping/RL_VLA_Bootstrapping/robots/cdpr/cdpr_dataset/wrappers/desk__bowl-plate-ycb_baseball_wrapper/desk__bowl-plate-ycb_baseball_wrapper__desk_zshift.xml:mesh@file; /Users/damirnurtdinov/Desktop/My Courses/Диплом/RL_VLA_Bootstrapping/RL_VLA_Bootstrapping/robots/cdpr/cdpr_dataset/wrappers/desk__bowl-plate-ycb_baseball_wrapper/desk_zshift.xml:mesh@file; /Users/damirnurtdinov/Desktop/My Courses/Диплом/RL_VLA_Bootstrapping/RL_VLA_Bootstrapping/robots/cdpr/cdpr_dataset/wrappers/desk__bowl-ycb_apple-ycb_baseball-ycb_pear_wrapper/desk__bowl-ycb_apple-ycb_baseball-ycb_pear_wrapper__desk_zshift.xml:mesh@file; /Users/damirnurtdinov/Desktop/My Courses/Диплом/RL_VLA_Bootstrapping/RL_VLA_Bootstrapping/robots/cdpr/cdpr_dataset/wrappers/desk__bowl-ycb_apple-ycb_baseball-ycb_pear_wrapper/desk_zshift.xml:mesh@file; /Users/damirnurtdinov/Desktop/My Courses/Диплом/RL_VLA_Bootstrapping/RL_VLA_Bootstrapping/robots/cdpr/cdpr_dataset/wrappers/desk__bowl-ycb_apple-ycb_baseball_wrapper/desk__bowl-ycb_apple-ycb_baseball_wrapper__desk_zshift.xml:mesh@file; /Users/damirnurtdinov/Desktop/My Courses/Диплом/RL_VLA_Bootstrapping/RL_VLA_Bootstrapping/robots/cdpr/cdpr_dataset/wrappers/desk__bowl-ycb_apple-ycb_baseball_wrapper/desk_zshift.xml:mesh@file; /Users/damirnurtdinov/Desktop/My Courses/Диплом/RL_VLA_Bootstrapping/RL_VLA_Bootstrapping/robots/cdpr/cdpr_dataset/wrappers/desk__bowl-ycb_apple-ycb_pear_wrapper/desk__bowl-ycb_apple-ycb_pear_wrapper__desk_zshift.xml:mesh@file; /Users/damirnurtdinov/Desktop/My Courses/Диплом/RL_VLA_Bootstrapping/RL_VLA_Bootstrapping/robots/cdpr/cdpr_dataset/wrappers/desk__bowl-ycb_apple-ycb_pear_wrapper/desk_zshift.xml:mesh@file; /Users/damirnurtdinov/Desktop/My Courses/Диплом/RL_VLA_Bootstrapping/RL_VLA_Bootstrapping/robots/cdpr/cdpr_dataset/wrappers/desk__bowl-ycb_b_cups-ycb_baseball/desk_zshift.xml:mesh@file; /Users/damirnurtdinov/Desktop/My Courses/Диплом/RL_VLA_Bootstrapping/RL_VLA_Bootstrapping/robots/cdpr/cdpr_dataset/wrappers/desk__bowl-ycb_baseball-ycb_peach/desk_zshift.xml:mesh@file; /Users/damirnurtdinov/Desktop/My Courses/Диплом/RL_VLA_Bootstrapping/RL_VLA_Bootstrapping/robots/cdpr/cdpr_dataset/wrappers/desk__bowl-ycb_peach-ycb_pear/desk_zshift.xml:mesh@file; /Users/damirnurtdinov/Desktop/My Courses/Диплом/RL_VLA_Bootstrapping/RL_VLA_Bootstrapping/robots/cdpr/cdpr_dataset/wrappers/desk__plate-ycb_apple-ycb_baseball-ycb_pear_wrapper/desk__plate-ycb_apple-ycb_baseball-ycb_pear_wrapper__desk_zshift.xml:mesh@file; /Users/damirnurtdinov/Desktop/My Courses/Диплом/RL_VLA_Bootstrapping/RL_VLA_Bootstrapping/robots/cdpr/cdpr_dataset/wrappers/desk__plate-ycb_apple-ycb_baseball-ycb_pear_wrapper/desk_zshift.xml:mesh@file; /Users/damirnurtdinov/Desktop/My Courses/Диплом/RL_VLA_Bootstrapping/RL_VLA_Bootstrapping/robots/cdpr/cdpr_dataset/wrappers/desk__plate-ycb_apple-ycb_baseball_wrapper/desk__plate-ycb_apple-ycb_baseball_wrapper__desk_zshift.xml:mesh@file; /Users/damirnurtdinov/Desktop/My Courses/Диплом/RL_VLA_Bootstrapping/RL_VLA_Bootstrapping/robots/cdpr/cdpr_dataset/wrappers/desk__plate-ycb_apple-ycb_baseball_wrapper/desk_zshift.xml:mesh@file; /Users/damirnurtdinov/Desktop/My Courses/Диплом/RL_VLA_Bootstrapping/RL_VLA_Bootstrapping/robots/cdpr/cdpr_dataset/wrappers/desk__plate-ycb_apple-ycb_pear_wrapper/desk__plate-ycb_apple-ycb_pear_wrapper__desk_zshift.xml:mesh@file; /Users/damirnurtdinov/Desktop/My Courses/Диплом/RL_VLA_Bootstrapping/RL_VLA_Bootstrapping/robots/cdpr/cdpr_dataset/wrappers/desk__plate-ycb_apple-ycb_pear_wrapper/desk_zshift.xml:mesh@file; /Users/damirnurtdinov/Desktop/My Courses/Диплом/RL_VLA_Bootstrapping/RL_VLA_Bootstrapping/robots/cdpr/cdpr_dataset/wrappers/desk__plate-ycb_apple_wrapper/desk__plate-ycb_apple_wrapper__desk_zshift.xml:mesh@file; /Users/damirnurtdinov/Desktop/My Courses/Диплом/RL_VLA_Bootstrapping/RL_VLA_Bootstrapping/robots/cdpr/cdpr_dataset/wrappers/desk__plate-ycb_apple_wrapper/desk_zshift.xml:mesh@file; /Users/damirnurtdinov/Desktop/My Courses/Диплом/RL_VLA_Bootstrapping/RL_VLA_Bootstrapping/robots/cdpr/cdpr_dataset/wrappers/desk__plate-ycb_baseball-ycb_pear/desk__plate-ycb_baseball-ycb_pear__rltmp_1779358383892150000__desk_zshift.xml:mesh@file; /Users/damirnurtdinov/Desktop/My Courses/Диплом/RL_VLA_Bootstrapping/RL_VLA_Bootstrapping/robots/cdpr/cdpr_dataset/wrappers/desk__plate-ycb_baseball-ycb_pear/desk__plate-ycb_baseball-ycb_pear__rltmp_1779358406810652000__desk_zshift.xml:mesh@file; /Users/damirnurtdinov/Desktop/My Courses/Диплом/RL_VLA_Bootstrapping/RL_VLA_Bootstrapping/robots/cdpr/cdpr_dataset/wrappers/desk__plate-ycb_baseball-ycb_pear/desk_zshift.xml:mesh@file; /Users/damirnurtdinov/Desktop/My Courses/Диплом/RL_VLA_Bootstrapping/RL_VLA_Bootstrapping/robots/cdpr/cdpr_dataset/wrappers/desk__plate-ycb_baseball-ycb_pear_wrapper/desk__plate-ycb_baseball-ycb_pear_wrapper__desk_zshift.xml:mesh@file; /Users/damirnurtdinov/Desktop/My Courses/Диплом/RL_VLA_Bootstrapping/RL_VLA_Bootstrapping/robots/cdpr/cdpr_dataset/wrappers/desk__plate-ycb_baseball-ycb_pear_wrapper/desk_zshift.xml:mesh@file; /Users/damirnurtdinov/Desktop/My Courses/Диплом/RL_VLA_Bootstrapping/RL_VLA_Bootstrapping/robots/cdpr/cdpr_dataset/wrappers/desk__ycb_apple-ycb_baseball-ycb_pear_wrapper/desk__ycb_apple-ycb_baseball-ycb_pear_wrapper__desk_zshift.xml:mesh@file; /Users/damirnurtdinov/Desktop/My Courses/Диплом/RL_VLA_Bootstrapping/RL_VLA_Bootstrapping/robots/cdpr/cdpr_dataset/wrappers/desk__ycb_apple-ycb_baseball-ycb_pear_wrapper/desk_zshift.xml:mesh@file,35
/Users/damirnurtdinov/Desktop/My Courses/Диплом/LIBERO/libero/libero/assets/stable_scanned_objects/plate/texture.png,texture_or_image,True,8.259713,4096x4096,6b742142bf0e29a90d76c4b0254a4481e9eff4807eff3ac6c4ac67a5888fb005,/Users/damirnurtdinov/Desktop/My Courses/Диплом/RL_VLA_Bootstrapping/RL_VLA_Bootstrapping/robots/cdpr/cdpr_dataset/wrappers/desk__bowl-plate-ycb_apple-ycb_baseball_wrapper/desk__bowl-plate-ycb_apple-ycb_baseball_wrapper__placed_1_plate.xml:texture@file; /Users/damirnurtdinov/Desktop/My Courses/Диплом/RL_VLA_Bootstrapping/RL_VLA_Bootstrapping/robots/cdpr/cdpr_dataset/wrappers/desk__bowl-plate-ycb_apple-ycb_baseball_wrapper/placed_1_plate.xml:texture@file; /Users/damirnurtdinov/Desktop/My Courses/Диплом/RL_VLA_Bootstrapping/RL_VLA_Bootstrapping/robots/cdpr/cdpr_dataset/wrappers/desk__bowl-plate-ycb_apple-ycb_pear_wrapper/desk__bowl-plate-ycb_apple-ycb_pear_wrapper__placed_1_plate.xml:texture@file; /Users/damirnurtdinov/Desktop/My Courses/Диплом/RL_VLA_Bootstrapping/RL_VLA_Bootstrapping/robots/cdpr/cdpr_dataset/wrappers/desk__bowl-plate-ycb_apple-ycb_pear_wrapper/placed_1_plate.xml:texture@file; /Users/damirnurtdinov/Desktop/My Courses/Диплом/RL_VLA_Bootstrapping/RL_VLA_Bootstrapping/robots/cdpr/cdpr_dataset/wrappers/desk__bowl-plate-ycb_apple_wrapper/desk__bowl-plate-ycb_apple_wrapper__placed_1_plate.xml:texture@file; /Users/damirnurtdinov/Desktop/My Courses/Диплом/RL_VLA_Bootstrapping/RL_VLA_Bootstrapping/robots/cdpr/cdpr_dataset/wrappers/desk__bowl-plate-ycb_apple_wrapper/placed_1_plate.xml:texture@file; /Users/damirnurtdinov/Desktop/My Courses/Диплом/RL_VLA_Bootstrapping/RL_VLA_Bootstrapping/robots/cdpr/cdpr_dataset/wrappers/desk__bowl-plate-ycb_baseball-ycb_peach/placed_2_plate.xml:texture@file; /Users/damirnurtdinov/Desktop/My Courses/Диплом/RL_VLA_Bootstrapping/RL_VLA_Bootstrapping/robots/cdpr/cdpr_dataset/wrappers/desk__bowl-plate-ycb_baseball-ycb_pear_wrapper/desk__bowl-plate-ycb_baseball-ycb_pear_wrapper__placed_1_plate.xml:texture@file; /Users/damirnurtdinov/Desktop/My Courses/Диплом/RL_VLA_Bootstrapping/RL_VLA_Bootstrapping/robots/cdpr/cdpr_dataset/wrappers/desk__bowl-plate-ycb_baseball-ycb_pear_wrapper/placed_1_plate.xml:texture@file; /Users/damirnurtdinov/Desktop/My Courses/Диплом/RL_VLA_Bootstrapping/RL_VLA_Bootstrapping/robots/cdpr/cdpr_dataset/wrappers/desk__bowl-plate-ycb_baseball_wrapper/desk__bowl-plate-ycb_baseball_wrapper__placed_1_plate.xml:texture@file; /Users/damirnurtdinov/Desktop/My Courses/Диплом/RL_VLA_Bootstrapping/RL_VLA_Bootstrapping/robots/cdpr/cdpr_dataset/wrappers/desk__bowl-plate-ycb_baseball_wrapper/placed_1_plate.xml:texture@file; /Users/damirnurtdinov/Desktop/My Courses/Диплом/RL_VLA_Bootstrapping/RL_VLA_Bootstrapping/robots/cdpr/cdpr_dataset/wrappers/desk__plate-ycb_apple-ycb_baseball-ycb_pear_wrapper/desk__plate-ycb_apple-ycb_baseball-ycb_pear_wrapper__placed_0_plate.xml:texture@file; /Users/damirnurtdinov/Desktop/My Courses/Диплом/RL_VLA_Bootstrapping/RL_VLA_Bootstrapping/robots/cdpr/cdpr_dataset/wrappers/desk__plate-ycb_apple-ycb_baseball-ycb_pear_wrapper/placed_0_plate.xml:texture@file; /Users/damirnurtdinov/Desktop/My Courses/Диплом/RL_VLA_Bootstrapping/RL_VLA_Bootstrapping/robots/cdpr/cdpr_dataset/wrappers/desk__plate-ycb_apple-ycb_baseball_wrapper/desk__plate-ycb_apple-ycb_baseball_wrapper__placed_0_plate.xml:texture@file; /Users/damirnurtdinov/Desktop/My Courses/Диплом/RL_VLA_Bootstrapping/RL_VLA_Bootstrapping/robots/cdpr/cdpr_dataset/wrappers/desk__plate-ycb_apple-ycb_baseball_wrapper/placed_0_plate.xml:texture@file; /Users/damirnurtdinov/Desktop/My Courses/Диплом/RL_VLA_Bootstrapping/RL_VLA_Bootstrapping/robots/cdpr/cdpr_dataset/wrappers/desk__plate-ycb_apple-ycb_pear_wrapper/desk__plate-ycb_apple-ycb_pear_wrapper__placed_0_plate.xml:texture@file; /Users/damirnurtdinov/Desktop/My Courses/Диплом/RL_VLA_Bootstrapping/RL_VLA_Bootstrapping/robots/cdpr/cdpr_dataset/wrappers/desk__plate-ycb_apple-ycb_pear_wrapper/placed_0_plate.xml:texture@file; /Users/damirnurtdinov/Desktop/My Courses/Диплом/RL_VLA_Bootstrapping/RL_VLA_Bootstrapping/robots/cdpr/cdpr_dataset/wrappers/desk__plate-ycb_apple_wrapper/desk__plate-ycb_apple_wrapper__placed_0_plate.xml:texture@file; /Users/damirnurtdinov/Desktop/My Courses/Диплом/RL_VLA_Bootstrapping/RL_VLA_Bootstrapping/robots/cdpr/cdpr_dataset/wrappers/desk__plate-ycb_apple_wrapper/placed_0_plate.xml:texture@file; /Users/damirnurtdinov/Desktop/My Courses/Диплом/RL_VLA_Bootstrapping/RL_VLA_Bootstrapping/robots/cdpr/cdpr_dataset/wrappers/desk__plate-ycb_baseball-ycb_pear/desk__plate-ycb_baseball-ycb_pear__rltmp_1779358383892150000__placed_1_plate.xml:texture@file; /Users/damirnurtdinov/Desktop/My Courses/Диплом/RL_VLA_Bootstrapping/RL_VLA_Bootstrapping/robots/cdpr/cdpr_dataset/wrappers/desk__plate-ycb_baseball-ycb_pear/desk__plate-ycb_baseball-ycb_pear__rltmp_1779358406810652000__placed_1_plate.xml:texture@file; /Users/damirnurtdinov/Desktop/My Courses/Диплом/RL_VLA_Bootstrapping/RL_VLA_Bootstrapping/robots/cdpr/cdpr_dataset/wrappers/desk__plate-ycb_baseball-ycb_pear/placed_1_plate.xml:texture@file; /Users/damirnurtdinov/Desktop/My Courses/Диплом/RL_VLA_Bootstrapping/RL_VLA_Bootstrapping/robots/cdpr/cdpr_dataset/wrappers/desk__plate-ycb_baseball-ycb_pear_wrapper/desk__plate-ycb_baseball-ycb_pear_wrapper__placed_0_plate.xml:texture@file; /Users/damirnurtdinov/Desktop/My Courses/Диплом/RL_VLA_Bootstrapping/RL_VLA_Bootstrapping/robots/cdpr/cdpr_dataset/wrappers/desk__plate-ycb_baseball-ycb_pear_wrapper/placed_0_plate.xml:texture@file,24
/Users/damirnurtdinov/Desktop/My Courses/Диплом/LIBERO/libero/libero/assets/stable_scanned_objects/plate/visual/model_vis.msh,other,True,0.356796,,7d3278b1cefb2ed496094cad18f0c66004ee65ab933122ec8d5efdc78daa96b4,/Users/damirnurtdinov/Desktop/My Courses/Диплом/RL_VLA_Bootstrapping/RL_VLA_Bootstrapping/robots/cdpr/cdpr_dataset/wrappers/desk__bowl-plate-ycb_apple-ycb_baseball_wrapper/desk__bowl-plate-ycb_apple-ycb_baseball_wrapper__placed_1_plate.xml:mesh@file; /Users/damirnurtdinov/Desktop/My Courses/Диплом/RL_VLA_Bootstrapping/RL_VLA_Bootstrapping/robots/cdpr/cdpr_dataset/wrappers/desk__bowl-plate-ycb_apple-ycb_baseball_wrapper/placed_1_plate.xml:mesh@file; /Users/damirnurtdinov/Desktop/My Courses/Диплом/RL_VLA_Bootstrapping/RL_VLA_Bootstrapping/robots/cdpr/cdpr_dataset/wrappers/desk__bowl-plate-ycb_apple-ycb_pear_wrapper/desk__bowl-plate-ycb_apple-ycb_pear_wrapper__placed_1_plate.xml:mesh@file; /Users/damirnurtdinov/Desktop/My Courses/Диплом/RL_VLA_Bootstrapping/RL_VLA_Bootstrapping/robots/cdpr/cdpr_dataset/wrappers/desk__bowl-plate-ycb_apple-ycb_pear_wrapper/placed_1_plate.xml:mesh@file; /Users/damirnurtdinov/Desktop/My Courses/Диплом/RL_VLA_Bootstrapping/RL_VLA_Bootstrapping/robots/cdpr/cdpr_dataset/wrappers/desk__bowl-plate-ycb_apple_wrapper/desk__bowl-plate-ycb_apple_wrapper__placed_1_plate.xml:mesh@file; /Users/damirnurtdinov/Desktop/My Courses/Диплом/RL_VLA_Bootstrapping/RL_VLA_Bootstrapping/robots/cdpr/cdpr_dataset/wrappers/desk__bowl-plate-ycb_apple_wrapper/placed_1_plate.xml:mesh@file; /Users/damirnurtdinov/Desktop/My Courses/Диплом/RL_VLA_Bootstrapping/RL_VLA_Bootstrapping/robots/cdpr/cdpr_dataset/wrappers/desk__bowl-plate-ycb_baseball-ycb_peach/placed_2_plate.xml:mesh@file; /Users/damirnurtdinov/Desktop/My Courses/Диплом/RL_VLA_Bootstrapping/RL_VLA_Bootstrapping/robots/cdpr/cdpr_dataset/wrappers/desk__bowl-plate-ycb_baseball-ycb_pear_wrapper/desk__bowl-plate-ycb_baseball-ycb_pear_wrapper__placed_1_plate.xml:mesh@file; /Users/damirnurtdinov/Desktop/My Courses/Диплом/RL_VLA_Bootstrapping/RL_VLA_Bootstrapping/robots/cdpr/cdpr_dataset/wrappers/desk__bowl-plate-ycb_baseball-ycb_pear_wrapper/placed_1_plate.xml:mesh@file; /Users/damirnurtdinov/Desktop/My Courses/Диплом/RL_VLA_Bootstrapping/RL_VLA_Bootstrapping/robots/cdpr/cdpr_dataset/wrappers/desk__bowl-plate-ycb_baseball_wrapper/desk__bowl-plate-ycb_baseball_wrapper__placed_1_plate.xml:mesh@file; /Users/damirnurtdinov/Desktop/My Courses/Диплом/RL_VLA_Bootstrapping/RL_VLA_Bootstrapping/robots/cdpr/cdpr_dataset/wrappers/desk__bowl-plate-ycb_baseball_wrapper/placed_1_plate.xml:mesh@file; /Users/damirnurtdinov/Desktop/My Courses/Диплом/RL_VLA_Bootstrapping/RL_VLA_Bootstrapping/robots/cdpr/cdpr_dataset/wrappers/desk__plate-ycb_apple-ycb_baseball-ycb_pear_wrapper/desk__plate-ycb_apple-ycb_baseball-ycb_pear_wrapper__placed_0_plate.xml:mesh@file; /Users/damirnurtdinov/Desktop/My Courses/Диплом/RL_VLA_Bootstrapping/RL_VLA_Bootstrapping/robots/cdpr/cdpr_dataset/wrappers/desk__plate-ycb_apple-ycb_baseball-ycb_pear_wrapper/placed_0_plate.xml:mesh@file; /Users/damirnurtdinov/Desktop/My Courses/Диплом/RL_VLA_Bootstrapping/RL_VLA_Bootstrapping/robots/cdpr/cdpr_dataset/wrappers/desk__plate-ycb_apple-ycb_baseball_wrapper/desk__plate-ycb_apple-ycb_baseball_wrapper__placed_0_plate.xml:mesh@file; /Users/damirnurtdinov/Desktop/My Courses/Диплом/RL_VLA_Bootstrapping/RL_VLA_Bootstrapping/robots/cdpr/cdpr_dataset/wrappers/desk__plate-ycb_apple-ycb_baseball_wrapper/placed_0_plate.xml:mesh@file; /Users/damirnurtdinov/Desktop/My Courses/Диплом/RL_VLA_Bootstrapping/RL_VLA_Bootstrapping/robots/cdpr/cdpr_dataset/wrappers/desk__plate-ycb_apple-ycb_pear_wrapper/desk__plate-ycb_apple-ycb_pear_wrapper__placed_0_plate.xml:mesh@file; /Users/damirnurtdinov/Desktop/My Courses/Диплом/RL_VLA_Bootstrapping/RL_VLA_Bootstrapping/robots/cdpr/cdpr_dataset/wrappers/desk__plate-ycb_apple-ycb_pear_wrapper/placed_0_plate.xml:mesh@file; /Users/damirnurtdinov/Desktop/My Courses/Диплом/RL_VLA_Bootstrapping/RL_VLA_Bootstrapping/robots/cdpr/cdpr_dataset/wrappers/desk__plate-ycb_apple_wrapper/desk__plate-ycb_apple_wrapper__placed_0_plate.xml:mesh@file; /Users/damirnurtdinov/Desktop/My Courses/Диплом/RL_VLA_Bootstrapping/RL_VLA_Bootstrapping/robots/cdpr/cdpr_dataset/wrappers/desk__plate-ycb_apple_wrapper/placed_0_plate.xml:mesh@file; /Users/damirnurtdinov/Desktop/My Courses/Диплом/RL_VLA_Bootstrapping/RL_VLA_Bootstrapping/robots/cdpr/cdpr_dataset/wrappers/desk__plate-ycb_baseball-ycb_pear/desk__plate-ycb_baseball-ycb_pear__rltmp_1779358383892150000__placed_1_plate.xml:mesh@file; /Users/damirnurtdinov/Desktop/My Courses/Диплом/RL_VLA_Bootstrapping/RL_VLA_Bootstrapping/robots/cdpr/cdpr_dataset/wrappers/desk__plate-ycb_baseball-ycb_pear/desk__plate-ycb_baseball-ycb_pear__rltmp_1779358406810652000__placed_1_plate.xml:mesh@file; /Users/damirnurtdinov/Desktop/My Courses/Диплом/RL_VLA_Bootstrapping/RL_VLA_Bootstrapping/robots/cdpr/cdpr_dataset/wrappers/desk__plate-ycb_baseball-ycb_pear/placed_1_plate.xml:mesh@file; /Users/damirnurtdinov/Desktop/My Courses/Диплом/RL_VLA_Bootstrapping/RL_VLA_Bootstrapping/robots/cdpr/cdpr_dataset/wrappers/desk__plate-ycb_baseball-ycb_pear_wrapper/desk__plate-ycb_baseball-ycb_pear_wrapper__placed_0_plate.xml:mesh@file; /Users/damirnurtdinov/Desktop/My Courses/Диплом/RL_VLA_Bootstrapping/RL_VLA_Bootstrapping/robots/cdpr/cdpr_dataset/wrappers/desk__plate-ycb_baseball-ycb_pear_wrapper/placed_0_plate.xml:mesh@file,24
/Users/damirnurtdinov/Desktop/My Courses/Диплом/RL_VLA_Bootstrapping/RL_VLA_Bootstrapping/robots/cdpr/cdpr_dataset/wrappers/desk__bowl-plate-ycb_apple-ycb_baseball_wrapper/desk__bowl-plate-ycb_apple-ycb_baseball_wrapper__cdpr_ee_override.xml,xml,True,0.008195,,aeeb2a68f382e5157745215c84be87bea1ccca99b9c9091b59d905b75f7a43b9,/Users/damirnurtdinov/Desktop/My Courses/Диплом/RL_VLA_Bootstrapping/RL_VLA_Bootstrapping/robots/cdpr/cdpr_dataset/wrappers/desk__bowl-plate-ycb_apple-ycb_baseball_wrapper/desk__bowl-plate-ycb_apple-ycb_baseball_wrapper.xml:include@file,1
/Users/damirnurtdinov/Desktop/My Courses/Диплом/RL_VLA_Bootstrapping/RL_VLA_Bootstrapping/robots/cdpr/cdpr_dataset/wrappers/desk__bowl-plate-ycb_apple-ycb_baseball_wrapper/desk__bowl-plate-ycb_apple-ycb_baseball_wrapper__desk_zshift.xml,xml,True,0.002652,,8dc381b03aeb113f5a75ae9b0c3b0cfab9025e587c1ec4b34722cac7c908c861,/Users/damirnurtdinov/Desktop/My Courses/Диплом/RL_VLA_Bootstrapping/RL_VLA_Bootstrapping/robots/cdpr/cdpr_dataset/wrappers/desk__bowl-plate-ycb_apple-ycb_baseball_wrapper/desk__bowl-plate-ycb_apple-ycb_baseball_wrapper.xml:include@file,1
/Users/damirnurtdinov/Desktop/My Courses/Диплом/RL_VLA_Bootstrapping/RL_VLA_Bootstrapping/robots/cdpr/cdpr_dataset/wrappers/desk__bowl-plate-ycb_apple-ycb_baseball_wrapper/desk__bowl-plate-ycb_apple-ycb_baseball_wrapper__placed_0_bowl.xml,xml,True,0.002553,,b74d64d009d24693ce1470ed67af29212a62f327a9d1211e928bfca39969d61f,/Users/damirnurtdinov/Desktop/My Courses/Диплом/RL_VLA_Bootstrapping/RL_VLA_Bootstrapping/robots/cdpr/cdpr_dataset/wrappers/desk__bowl-plate-ycb_apple-ycb_baseball_wrapper/desk__bowl-plate-ycb_apple-ycb_baseball_wrapper.xml:include@file,1
/Users/damirnurtdinov/Desktop/My Courses/Диплом/RL_VLA_Bootstrapping/RL_VLA_Bootstrapping/robots/cdpr/cdpr_dataset/wrappers/desk__bowl-plate-ycb_apple-ycb_baseball_wrapper/desk__bowl-plate-ycb_apple-ycb_baseball_wrapper__placed_1_plate.xml,xml,True,0.003541,,6ec3ed035a6ff4b91407c3e6b36f1b3245a944370c8855f53f1ce7a7861ed2e1,/Users/damirnurtdinov/Desktop/My Courses/Диплом/RL_VLA_Bootstrapping/RL_VLA_Bootstrapping/robots/cdpr/cdpr_dataset/wrappers/desk__bowl-plate-ycb_apple-ycb_baseball_wrapper/desk__bowl-plate-ycb_apple-ycb_baseball_wrapper.xml:include@file,1
/Users/damirnurtdinov/Desktop/My Courses/Диплом/RL_VLA_Bootstrapping/RL_VLA_Bootstrapping/robots/cdpr/cdpr_dataset/wrappers/desk__bowl-plate-ycb_apple-ycb_baseball_wrapper/desk__bowl-plate-ycb_apple-ycb_baseball_wrapper__placed_2_ycb_apple.xml,xml,True,0.002584,,cae51992ab738f96a4a4a039c549fc00b20b35294fa34a2c843b5b006178f723,/Users/damirnurtdinov/Desktop/My Courses/Диплом/RL_VLA_Bootstrapping/RL_VLA_Bootstrapping/robots/cdpr/cdpr_dataset/wrappers/desk__bowl-plate-ycb_apple-ycb_baseball_wrapper/desk__bowl-plate-ycb_apple-ycb_baseball_wrapper.xml:include@file,1
/Users/damirnurtdinov/Desktop/My Courses/Диплом/RL_VLA_Bootstrapping/RL_VLA_Bootstrapping/robots/cdpr/cdpr_dataset/wrappers/desk__bowl-plate-ycb_apple-ycb_baseball_wrapper/desk__bowl-plate-ycb_apple-ycb_baseball_wrapper__placed_3_ycb_baseball.xml,xml,True,0.001310,,91558234de72d35ebb4f4acc71906e3ec7540b5d80ba1b7d1abcdce2c11fcbf5,/Users/damirnurtdinov/Desktop/My Courses/Диплом/RL_VLA_Bootstrapping/RL_VLA_Bootstrapping/robots/cdpr/cdpr_dataset/wrappers/desk__bowl-plate-ycb_apple-ycb_baseball_wrapper/desk__bowl-plate-ycb_apple-ycb_baseball_wrapper.xml:include@file,1
/Users/damirnurtdinov/Desktop/My Courses/Диплом/RL_VLA_Bootstrapping/RL_VLA_Bootstrapping/robots/cdpr/cdpr_dataset/wrappers/desk__bowl-plate-ycb_apple-ycb_pear_wrapper/desk__bowl-plate-ycb_apple-ycb_pear_wrapper__cdpr_ee_override.xml,xml,True,0.008195,,aeeb2a68f382e5157745215c84be87bea1ccca99b9c9091b59d905b75f7a43b9,/Users/damirnurtdinov/Desktop/My Courses/Диплом/RL_VLA_Bootstrapping/RL_VLA_Bootstrapping/robots/cdpr/cdpr_dataset/wrappers/desk__bowl-plate-ycb_apple-ycb_pear_wrapper/desk__bowl-plate-ycb_apple-ycb_pear_wrapper.xml:include@file,1
/Users/damirnurtdinov/Desktop/My Courses/Диплом/RL_VLA_Bootstrapping/RL_VLA_Bootstrapping/robots/cdpr/cdpr_dataset/wrappers/desk__bowl-plate-ycb_apple-ycb_pear_wrapper/desk__bowl-plate-ycb_apple-ycb_pear_wrapper__desk_zshift.xml,xml,True,0.002652,,8dc381b03aeb113f5a75ae9b0c3b0cfab9025e587c1ec4b34722cac7c908c861,/Users/damirnurtdinov/Desktop/My Courses/Диплом/RL_VLA_Bootstrapping/RL_VLA_Bootstrapping/robots/cdpr/cdpr_dataset/wrappers/desk__bowl-plate-ycb_apple-ycb_pear_wrapper/desk__bowl-plate-ycb_apple-ycb_pear_wrapper.xml:include@file,1
/Users/damirnurtdinov/Desktop/My Courses/Диплом/RL_VLA_Bootstrapping/RL_VLA_Bootstrapping/robots/cdpr/cdpr_dataset/wrappers/desk__bowl-plate-ycb_apple-ycb_pear_wrapper/desk__bowl-plate-ycb_apple-ycb_pear_wrapper__placed_0_bowl.xml,xml,True,0.002551,,adbc5711454ab19bc36b94d55e8c38dbd9736eef4a5de6048b05fc74351013f3,/Users/damirnurtdinov/Desktop/My Courses/Диплом/RL_VLA_Bootstrapping/RL_VLA_Bootstrapping/robots/cdpr/cdpr_dataset/wrappers/desk__bowl-plate-ycb_apple-ycb_pear_wrapper/desk__bowl-plate-ycb_apple-ycb_pear_wrapper.xml:include@file,1
/Users/damirnurtdinov/Desktop/My Courses/Диплом/RL_VLA_Bootstrapping/RL_VLA_Bootstrapping/robots/cdpr/cdpr_dataset/wrappers/desk__bowl-plate-ycb_apple-ycb_pear_wrapper/desk__bowl-plate-ycb_apple-ycb_pear_wrapper__placed_1_plate.xml,xml,True,0.003538,,fddfcdf17ecb0c5935eccd387621b8b86b470321cdc5b7f10cf466bb61017a7d,/Users/damirnurtdinov/Desktop/My Courses/Диплом/RL_VLA_Bootstrapping/RL_VLA_Bootstrapping/robots/cdpr/cdpr_dataset/wrappers/desk__bowl-plate-ycb_apple-ycb_pear_wrapper/desk__bowl-plate-ycb_apple-ycb_pear_wrapper.xml:include@file,1
/Users/damirnurtdinov/Desktop/My Courses/Диплом/RL_VLA_Bootstrapping/RL_VLA_Bootstrapping/robots/cdpr/cdpr_dataset/wrappers/desk__bowl-plate-ycb_apple-ycb_pear_wrapper/desk__bowl-plate-ycb_apple-ycb_pear_wrapper__placed_2_ycb_apple.xml,xml,True,0.002584,,9bb433b0ef0d9378826cbc6c21732a1415de12555108ef25886b2bcfc288c635,/Users/damirnurtdinov/Desktop/My Courses/Диплом/RL_VLA_Bootstrapping/RL_VLA_Bootstrapping/robots/cdpr/cdpr_dataset/wrappers/desk__bowl-plate-ycb_apple-ycb_pear_wrapper/desk__bowl-plate-ycb_apple-ycb_pear_wrapper.xml:include@file,1
/Users/damirnurtdinov/Desktop/My Courses/Диплом/RL_VLA_Bootstrapping/RL_VLA_Bootstrapping/robots/cdpr/cdpr_dataset/wrappers/desk__bowl-plate-ycb_apple-ycb_pear_wrapper/desk__bowl-plate-ycb_apple-ycb_pear_wrapper__placed_3_ycb_pear.xml,xml,True,0.002232,,91b76936a8f222eec0c884b8d37cdf105fae6633682b5a4326da4e2b920614fe,/Users/damirnurtdinov/Desktop/My Courses/Диплом/RL_VLA_Bootstrapping/RL_VLA_Bootstrapping/robots/cdpr/cdpr_dataset/wrappers/desk__bowl-plate-ycb_apple-ycb_pear_wrapper/desk__bowl-plate-ycb_apple-ycb_pear_wrapper.xml:include@file,1
/Users/damirnurtdinov/Desktop/My Courses/Диплом/RL_VLA_Bootstrapping/RL_VLA_Bootstrapping/robots/cdpr/cdpr_dataset/wrappers/desk__bowl-plate-ycb_apple_wrapper/desk__bowl-plate-ycb_apple_wrapper__cdpr_ee_override.xml,xml,True,0.008195,,aeeb2a68f382e5157745215c84be87bea1ccca99b9c9091b59d905b75f7a43b9,/Users/damirnurtdinov/Desktop/My Courses/Диплом/RL_VLA_Bootstrapping/RL_VLA_Bootstrapping/robots/cdpr/cdpr_dataset/wrappers/desk__bowl-plate-ycb_apple_wrapper/desk__bowl-plate-ycb_apple_wrapper.xml:include@file,1
/Users/damirnurtdinov/Desktop/My Courses/Диплом/RL_VLA_Bootstrapping/RL_VLA_Bootstrapping/robots/cdpr/cdpr_dataset/wrappers/desk__bowl-plate-ycb_apple_wrapper/desk__bowl-plate-ycb_apple_wrapper__desk_zshift.xml,xml,True,0.002652,,8dc381b03aeb113f5a75ae9b0c3b0cfab9025e587c1ec4b34722cac7c908c861,/Users/damirnurtdinov/Desktop/My Courses/Диплом/RL_VLA_Bootstrapping/RL_VLA_Bootstrapping/robots/cdpr/cdpr_dataset/wrappers/desk__bowl-plate-ycb_apple_wrapper/desk__bowl-plate-ycb_apple_wrapper.xml:include@file,1
/Users/damirnurtdinov/Desktop/My Courses/Диплом/RL_VLA_Bootstrapping/RL_VLA_Bootstrapping/robots/cdpr/cdpr_dataset/wrappers/desk__bowl-plate-ycb_apple_wrapper/desk__bowl-plate-ycb_apple_wrapper__placed_0_bowl.xml,xml,True,0.002552,,9b9371766626a5ccda5984f80d9772e954be69c7e73514d1845561ec902680c8,/Users/damirnurtdinov/Desktop/My Courses/Диплом/RL_VLA_Bootstrapping/RL_VLA_Bootstrapping/robots/cdpr/cdpr_dataset/wrappers/desk__bowl-plate-ycb_apple_wrapper/desk__bowl-plate-ycb_apple_wrapper.xml:include@file,1
/Users/damirnurtdinov/Desktop/My Courses/Диплом/RL_VLA_Bootstrapping/RL_VLA_Bootstrapping/robots/cdpr/cdpr_dataset/wrappers/desk__bowl-plate-ycb_apple_wrapper/desk__bowl-plate-ycb_apple_wrapper__placed_1_plate.xml,xml,True,0.003541,,b6d2fb336b95b2be1a4cb7cf30ede2d149d23c466f889f8b4ce56f50431a01a6,/Users/damirnurtdinov/Desktop/My Courses/Диплом/RL_VLA_Bootstrapping/RL_VLA_Bootstrapping/robots/cdpr/cdpr_dataset/wrappers/desk__bowl-plate-ycb_apple_wrapper/desk__bowl-plate-ycb_apple_wrapper.xml:include@file,1
/Users/damirnurtdinov/Desktop/My Courses/Диплом/RL_VLA_Bootstrapping/RL_VLA_Bootstrapping/robots/cdpr/cdpr_dataset/wrappers/desk__bowl-plate-ycb_apple_wrapper/desk__bowl-plate-ycb_apple_wrapper__placed_2_ycb_apple.xml,xml,True,0.002585,,017e9ddb996767084ad3210b237dc9ee1120194c295ab8bc189900a5f9681620,/Users/damirnurtdinov/Desktop/My Courses/Диплом/RL_VLA_Bootstrapping/RL_VLA_Bootstrapping/robots/cdpr/cdpr_dataset/wrappers/desk__bowl-plate-ycb_apple_wrapper/desk__bowl-plate-ycb_apple_wrapper.xml:include@file,1
/Users/damirnurtdinov/Desktop/My Courses/Диплом/RL_VLA_Bootstrapping/RL_VLA_Bootstrapping/robots/cdpr/cdpr_dataset/wrappers/desk__bowl-plate-ycb_baseball-ycb_pear_wrapper/desk__bowl-plate-ycb_baseball-ycb_pear_wrapper__cdpr_ee_override.xml,xml,True,0.008195,,aeeb2a68f382e5157745215c84be87bea1ccca99b9c9091b59d905b75f7a43b9,/Users/damirnurtdinov/Desktop/My Courses/Диплом/RL_VLA_Bootstrapping/RL_VLA_Bootstrapping/robots/cdpr/cdpr_dataset/wrappers/desk__bowl-plate-ycb_baseball-ycb_pear_wrapper/desk__bowl-plate-ycb_baseball-ycb_pear_wrapper.xml:include@file,1
/Users/damirnurtdinov/Desktop/My Courses/Диплом/RL_VLA_Bootstrapping/RL_VLA_Bootstrapping/robots/cdpr/cdpr_dataset/wrappers/desk__bowl-plate-ycb_baseball-ycb_pear_wrapper/desk__bowl-plate-ycb_baseball-ycb_pear_wrapper__desk_zshift.xml,xml,True,0.002652,,8dc381b03aeb113f5a75ae9b0c3b0cfab9025e587c1ec4b34722cac7c908c861,/Users/damirnurtdinov/Desktop/My Courses/Диплом/RL_VLA_Bootstrapping/RL_VLA_Bootstrapping/robots/cdpr/cdpr_dataset/wrappers/desk__bowl-plate-ycb_baseball-ycb_pear_wrapper/desk__bowl-plate-ycb_baseball-ycb_pear_wrapper.xml:include@file,1
/Users/damirnurtdinov/Desktop/My Courses/Диплом/RL_VLA_Bootstrapping/RL_VLA_Bootstrapping/robots/cdpr/cdpr_dataset/wrappers/desk__bowl-plate-ycb_baseball-ycb_pear_wrapper/desk__bowl-plate-ycb_baseball-ycb_pear_wrapper__placed_0_bowl.xml,xml,True,0.002552,,ab13f095fb0c2e9589eb58be8ba0192d01adcf3ac3071530d3dc132cafab401e,/Users/damirnurtdinov/Desktop/My Courses/Диплом/RL_VLA_Bootstrapping/RL_VLA_Bootstrapping/robots/cdpr/cdpr_dataset/wrappers/desk__bowl-plate-ycb_baseball-ycb_pear_wrapper/desk__bowl-plate-ycb_baseball-ycb_pear_wrapper.xml:include@file,1
/Users/damirnurtdinov/Desktop/My Courses/Диплом/RL_VLA_Bootstrapping/RL_VLA_Bootstrapping/robots/cdpr/cdpr_dataset/wrappers/desk__bowl-plate-ycb_baseball-ycb_pear_wrapper/desk__bowl-plate-ycb_baseball-ycb_pear_wrapper__placed_1_plate.xml,xml,True,0.003539,,cf96b0d99e8ae8f8a7f8ca5bd20a7a8497b075e16f5a3483f27e4136b3c7921a,/Users/damirnurtdinov/Desktop/My Courses/Диплом/RL_VLA_Bootstrapping/RL_VLA_Bootstrapping/robots/cdpr/cdpr_dataset/wrappers/desk__bowl-plate-ycb_baseball-ycb_pear_wrapper/desk__bowl-plate-ycb_baseball-ycb_pear_wrapper.xml:include@file,1
/Users/damirnurtdinov/Desktop/My Courses/Диплом/RL_VLA_Bootstrapping/RL_VLA_Bootstrapping/robots/cdpr/cdpr_dataset/wrappers/desk__bowl-plate-ycb_baseball-ycb_pear_wrapper/desk__bowl-plate-ycb_baseball-ycb_pear_wrapper__placed_2_ycb_baseball.xml,xml,True,0.001311,,730657b2d9721fe3b825ddc92d3acd0173a607c4d6b8b2bc11a84a79d0671b69,/Users/damirnurtdinov/Desktop/My Courses/Диплом/RL_VLA_Bootstrapping/RL_VLA_Bootstrapping/robots/cdpr/cdpr_dataset/wrappers/desk__bowl-plate-ycb_baseball-ycb_pear_wrapper/desk__bowl-plate-ycb_baseball-ycb_pear_wrapper.xml:include@file,1
/Users/damirnurtdinov/Desktop/My Courses/Диплом/RL_VLA_Bootstrapping/RL_VLA_Bootstrapping/robots/cdpr/cdpr_dataset/wrappers/desk__bowl-plate-ycb_baseball-ycb_pear_wrapper/desk__bowl-plate-ycb_baseball-ycb_pear_wrapper__placed_3_ycb_pear.xml,xml,True,0.002233,,ceda04678523a8494f212a44a96e36f34526e65ef26c0fb5e7f656f51a11f2d0,/Users/damirnurtdinov/Desktop/My Courses/Диплом/RL_VLA_Bootstrapping/RL_VLA_Bootstrapping/robots/cdpr/cdpr_dataset/wrappers/desk__bowl-plate-ycb_baseball-ycb_pear_wrapper/desk__bowl-plate-ycb_baseball-ycb_pear_wrapper.xml:include@file,1
/Users/damirnurtdinov/Desktop/My Courses/Диплом/RL_VLA_Bootstrapping/RL_VLA_Bootstrapping/robots/cdpr/cdpr_dataset/wrappers/desk__bowl-plate-ycb_baseball_wrapper/desk__bowl-plate-ycb_baseball_wrapper__cdpr_ee_override.xml,xml,True,0.008195,,aeeb2a68f382e5157745215c84be87bea1ccca99b9c9091b59d905b75f7a43b9,/Users/damirnurtdinov/Desktop/My Courses/Диплом/RL_VLA_Bootstrapping/RL_VLA_Bootstrapping/robots/cdpr/cdpr_dataset/wrappers/desk__bowl-plate-ycb_baseball_wrapper/desk__bowl-plate-ycb_baseball_wrapper.xml:include@file,1
/Users/damirnurtdinov/Desktop/My Courses/Диплом/RL_VLA_Bootstrapping/RL_VLA_Bootstrapping/robots/cdpr/cdpr_dataset/wrappers/desk__bowl-plate-ycb_baseball_wrapper/desk__bowl-plate-ycb_baseball_wrapper__desk_zshift.xml,xml,True,0.002652,,8dc381b03aeb113f5a75ae9b0c3b0cfab9025e587c1ec4b34722cac7c908c861,/Users/damirnurtdinov/Desktop/My Courses/Диплом/RL_VLA_Bootstrapping/RL_VLA_Bootstrapping/robots/cdpr/cdpr_dataset/wrappers/desk__bowl-plate-ycb_baseball_wrapper/desk__bowl-plate-ycb_baseball_wrapper.xml:include@file,1
/Users/damirnurtdinov/Desktop/My Courses/Диплом/RL_VLA_Bootstrapping/RL_VLA_Bootstrapping/robots/cdpr/cdpr_dataset/wrappers/desk__bowl-plate-ycb_baseball_wrapper/desk__bowl-plate-ycb_baseball_wrapper__placed_0_bowl.xml,xml,True,0.002552,,c0731303169987f24336de276a36efe9b3e7a8446ca4276522885a2f24c1e2f3,/Users/damirnurtdinov/Desktop/My Courses/Диплом/RL_VLA_Bootstrapping/RL_VLA_Bootstrapping/robots/cdpr/cdpr_dataset/wrappers/desk__bowl-plate-ycb_baseball_wrapper/desk__bowl-plate-ycb_baseball_wrapper.xml:include@file,1
/Users/damirnurtdinov/Desktop/My Courses/Диплом/RL_VLA_Bootstrapping/RL_VLA_Bootstrapping/robots/cdpr/cdpr_dataset/wrappers/desk__bowl-plate-ycb_baseball_wrapper/desk__bowl-plate-ycb_baseball_wrapper__placed_1_plate.xml,xml,True,0.003539,,08ee7283d7606dc19922be641c373f5b3f1ad78625ab861bc691fc8d9e504810,/Users/damirnurtdinov/Desktop/My Courses/Диплом/RL_VLA_Bootstrapping/RL_VLA_Bootstrapping/robots/cdpr/cdpr_dataset/wrappers/desk__bowl-plate-ycb_baseball_wrapper/desk__bowl-plate-ycb_baseball_wrapper.xml:include@file,1
/Users/damirnurtdinov/Desktop/My Courses/Диплом/RL_VLA_Bootstrapping/RL_VLA_Bootstrapping/robots/cdpr/cdpr_dataset/wrappers/desk__bowl-plate-ycb_baseball_wrapper/desk__bowl-plate-ycb_baseball_wrapper__placed_2_ycb_baseball.xml,xml,True,0.001310,,970550a37c7e80212a59e92843a3d5bba8fbf5404f0cfa2ca769e24da21bc09a,/Users/damirnurtdinov/Desktop/My Courses/Диплом/RL_VLA_Bootstrapping/RL_VLA_Bootstrapping/robots/cdpr/cdpr_dataset/wrappers/desk__bowl-plate-ycb_baseball_wrapper/desk__bowl-plate-ycb_baseball_wrapper.xml:include@file,1
/Users/damirnurtdinov/Desktop/My Courses/Диплом/RL_VLA_Bootstrapping/RL_VLA_Bootstrapping/robots/cdpr/cdpr_dataset/wrappers/desk__bowl-ycb_apple-ycb_baseball-ycb_pear_wrapper/desk__bowl-ycb_apple-ycb_baseball-ycb_pear_wrapper__cdpr_ee_override.xml,xml,True,0.008195,,aeeb2a68f382e5157745215c84be87bea1ccca99b9c9091b59d905b75f7a43b9,/Users/damirnurtdinov/Desktop/My Courses/Диплом/RL_VLA_Bootstrapping/RL_VLA_Bootstrapping/robots/cdpr/cdpr_dataset/wrappers/desk__bowl-ycb_apple-ycb_baseball-ycb_pear_wrapper/desk__bowl-ycb_apple-ycb_baseball-ycb_pear_wrapper.xml:include@file,1
/Users/damirnurtdinov/Desktop/My Courses/Диплом/RL_VLA_Bootstrapping/RL_VLA_Bootstrapping/robots/cdpr/cdpr_dataset/wrappers/desk__bowl-ycb_apple-ycb_baseball-ycb_pear_wrapper/desk__bowl-ycb_apple-ycb_baseball-ycb_pear_wrapper__desk_zshift.xml,xml,True,0.002652,,8dc381b03aeb113f5a75ae9b0c3b0cfab9025e587c1ec4b34722cac7c908c861,/Users/damirnurtdinov/Desktop/My Courses/Диплом/RL_VLA_Bootstrapping/RL_VLA_Bootstrapping/robots/cdpr/cdpr_dataset/wrappers/desk__bowl-ycb_apple-ycb_baseball-ycb_pear_wrapper/desk__bowl-ycb_apple-ycb_baseball-ycb_pear_wrapper.xml:include@file,1
/Users/damirnurtdinov/Desktop/My Courses/Диплом/RL_VLA_Bootstrapping/RL_VLA_Bootstrapping/robots/cdpr/cdpr_dataset/wrappers/desk__bowl-ycb_apple-ycb_baseball-ycb_pear_wrapper/desk__bowl-ycb_apple-ycb_baseball-ycb_pear_wrapper__placed_0_bowl.xml,xml,True,0.002553,,1ef22dc0f53187cfd2e968e2ce46665b40a01fe02d80cc10773e6df94e70b443,/Users/damirnurtdinov/Desktop/My Courses/Диплом/RL_VLA_Bootstrapping/RL_VLA_Bootstrapping/robots/cdpr/cdpr_dataset/wrappers/desk__bowl-ycb_apple-ycb_baseball-ycb_pear_wrapper/desk__bowl-ycb_apple-ycb_baseball-ycb_pear_wrapper.xml:include@file,1
/Users/damirnurtdinov/Desktop/My Courses/Диплом/RL_VLA_Bootstrapping/RL_VLA_Bootstrapping/robots/cdpr/cdpr_dataset/wrappers/desk__bowl-ycb_apple-ycb_baseball-ycb_pear_wrapper/desk__bowl-ycb_apple-ycb_baseball-ycb_pear_wrapper__placed_1_ycb_apple.xml,xml,True,0.002583,,fbc8b3e31801c8c039009b7fc37cc9977539e56b69d8e9f8be1f45030065c750,/Users/damirnurtdinov/Desktop/My Courses/Диплом/RL_VLA_Bootstrapping/RL_VLA_Bootstrapping/robots/cdpr/cdpr_dataset/wrappers/desk__bowl-ycb_apple-ycb_baseball-ycb_pear_wrapper/desk__bowl-ycb_apple-ycb_baseball-ycb_pear_wrapper.xml:include@file,1
/Users/damirnurtdinov/Desktop/My Courses/Диплом/RL_VLA_Bootstrapping/RL_VLA_Bootstrapping/robots/cdpr/cdpr_dataset/wrappers/desk__bowl-ycb_apple-ycb_baseball-ycb_pear_wrapper/desk__bowl-ycb_apple-ycb_baseball-ycb_pear_wrapper__placed_2_ycb_baseball.xml,xml,True,0.001309,,28156eb0e03cce5fc9dd280d5ab8a871584c168624ad3c01b4fae237e655c242,/Users/damirnurtdinov/Desktop/My Courses/Диплом/RL_VLA_Bootstrapping/RL_VLA_Bootstrapping/robots/cdpr/cdpr_dataset/wrappers/desk__bowl-ycb_apple-ycb_baseball-ycb_pear_wrapper/desk__bowl-ycb_apple-ycb_baseball-ycb_pear_wrapper.xml:include@file,1
/Users/damirnurtdinov/Desktop/My Courses/Диплом/RL_VLA_Bootstrapping/RL_VLA_Bootstrapping/robots/cdpr/cdpr_dataset/wrappers/desk__bowl-ycb_apple-ycb_baseball-ycb_pear_wrapper/desk__bowl-ycb_apple-ycb_baseball-ycb_pear_wrapper__placed_3_ycb_pear.xml,xml,True,0.002231,,a1d64386e7920db9f32f967b1ce6ae7a098e221897a3af81060a859d3d050881,/Users/damirnurtdinov/Desktop/My Courses/Диплом/RL_VLA_Bootstrapping/RL_VLA_Bootstrapping/robots/cdpr/cdpr_dataset/wrappers/desk__bowl-ycb_apple-ycb_baseball-ycb_pear_wrapper/desk__bowl-ycb_apple-ycb_baseball-ycb_pear_wrapper.xml:include@file,1
/Users/damirnurtdinov/Desktop/My Courses/Диплом/RL_VLA_Bootstrapping/RL_VLA_Bootstrapping/robots/cdpr/cdpr_dataset/wrappers/desk__bowl-ycb_apple-ycb_baseball_wrapper/desk__bowl-ycb_apple-ycb_baseball_wrapper__cdpr_ee_override.xml,xml,True,0.008195,,aeeb2a68f382e5157745215c84be87bea1ccca99b9c9091b59d905b75f7a43b9,/Users/damirnurtdinov/Desktop/My Courses/Диплом/RL_VLA_Bootstrapping/RL_VLA_Bootstrapping/robots/cdpr/cdpr_dataset/wrappers/desk__bowl-ycb_apple-ycb_baseball_wrapper/desk__bowl-ycb_apple-ycb_baseball_wrapper.xml:include@file,1
/Users/damirnurtdinov/Desktop/My Courses/Диплом/RL_VLA_Bootstrapping/RL_VLA_Bootstrapping/robots/cdpr/cdpr_dataset/wrappers/desk__bowl-ycb_apple-ycb_baseball_wrapper/desk__bowl-ycb_apple-ycb_baseball_wrapper__desk_zshift.xml,xml,True,0.002652,,8dc381b03aeb113f5a75ae9b0c3b0cfab9025e587c1ec4b34722cac7c908c861,/Users/damirnurtdinov/Desktop/My Courses/Диплом/RL_VLA_Bootstrapping/RL_VLA_Bootstrapping/robots/cdpr/cdpr_dataset/wrappers/desk__bowl-ycb_apple-ycb_baseball_wrapper/desk__bowl-ycb_apple-ycb_baseball_wrapper.xml:include@file,1
/Users/damirnurtdinov/Desktop/My Courses/Диплом/RL_VLA_Bootstrapping/RL_VLA_Bootstrapping/robots/cdpr/cdpr_dataset/wrappers/desk__bowl-ycb_apple-ycb_baseball_wrapper/desk__bowl-ycb_apple-ycb_baseball_wrapper__placed_0_bowl.xml,xml,True,0.002552,,442beed65b289f5811e9546388a7c957db7368e9ae1bd8d7d229430453c0f657,/Users/damirnurtdinov/Desktop/My Courses/Диплом/RL_VLA_Bootstrapping/RL_VLA_Bootstrapping/robots/cdpr/cdpr_dataset/wrappers/desk__bowl-ycb_apple-ycb_baseball_wrapper/desk__bowl-ycb_apple-ycb_baseball_wrapper.xml:include@file,1
/Users/damirnurtdinov/Desktop/My Courses/Диплом/RL_VLA_Bootstrapping/RL_VLA_Bootstrapping/robots/cdpr/cdpr_dataset/wrappers/desk__bowl-ycb_apple-ycb_baseball_wrapper/desk__bowl-ycb_apple-ycb_baseball_wrapper__placed_1_ycb_apple.xml,xml,True,0.002584,,29d042ead4a97be1694758a42020149e863e432440c0800c8dbd0cc58e42ef22,/Users/damirnurtdinov/Desktop/My Courses/Диплом/RL_VLA_Bootstrapping/RL_VLA_Bootstrapping/robots/cdpr/cdpr_dataset/wrappers/desk__bowl-ycb_apple-ycb_baseball_wrapper/desk__bowl-ycb_apple-ycb_baseball_wrapper.xml:include@file,1
/Users/damirnurtdinov/Desktop/My Courses/Диплом/RL_VLA_Bootstrapping/RL_VLA_Bootstrapping/robots/cdpr/cdpr_dataset/wrappers/desk__bowl-ycb_apple-ycb_baseball_wrapper/desk__bowl-ycb_apple-ycb_baseball_wrapper__placed_2_ycb_baseball.xml,xml,True,0.001309,,4f45ad21678719dc94309815350bbe2879c7dc5b97df20e35982b97979dc5548,/Users/damirnurtdinov/Desktop/My Courses/Диплом/RL_VLA_Bootstrapping/RL_VLA_Bootstrapping/robots/cdpr/cdpr_dataset/wrappers/desk__bowl-ycb_apple-ycb_baseball_wrapper/desk__bowl-ycb_apple-ycb_baseball_wrapper.xml:include@file,1
/Users/damirnurtdinov/Desktop/My Courses/Диплом/RL_VLA_Bootstrapping/RL_VLA_Bootstrapping/robots/cdpr/cdpr_dataset/wrappers/desk__bowl-ycb_apple-ycb_pear_wrapper/desk__bowl-ycb_apple-ycb_pear_wrapper__cdpr_ee_override.xml,xml,True,0.008195,,aeeb2a68f382e5157745215c84be87bea1ccca99b9c9091b59d905b75f7a43b9,/Users/damirnurtdinov/Desktop/My Courses/Диплом/RL_VLA_Bootstrapping/RL_VLA_Bootstrapping/robots/cdpr/cdpr_dataset/wrappers/desk__bowl-ycb_apple-ycb_pear_wrapper/desk__bowl-ycb_apple-ycb_pear_wrapper.xml:include@file,1
/Users/damirnurtdinov/Desktop/My Courses/Диплом/RL_VLA_Bootstrapping/RL_VLA_Bootstrapping/robots/cdpr/cdpr_dataset/wrappers/desk__bowl-ycb_apple-ycb_pear_wrapper/desk__bowl-ycb_apple-ycb_pear_wrapper__desk_zshift.xml,xml,True,0.002652,,8dc381b03aeb113f5a75ae9b0c3b0cfab9025e587c1ec4b34722cac7c908c861,/Users/damirnurtdinov/Desktop/My Courses/Диплом/RL_VLA_Bootstrapping/RL_VLA_Bootstrapping/robots/cdpr/cdpr_dataset/wrappers/desk__bowl-ycb_apple-ycb_pear_wrapper/desk__bowl-ycb_apple-ycb_pear_wrapper.xml:include@file,1
/Users/damirnurtdinov/Desktop/My Courses/Диплом/RL_VLA_Bootstrapping/RL_VLA_Bootstrapping/robots/cdpr/cdpr_dataset/wrappers/desk__bowl-ycb_apple-ycb_pear_wrapper/desk__bowl-ycb_apple-ycb_pear_wrapper__placed_0_bowl.xml,xml,True,0.002552,,2ac500774287e4c1a948b617bfc57a352e3a03379ae5cdb0c158672d8ca80f78,/Users/damirnurtdinov/Desktop/My Courses/Диплом/RL_VLA_Bootstrapping/RL_VLA_Bootstrapping/robots/cdpr/cdpr_dataset/wrappers/desk__bowl-ycb_apple-ycb_pear_wrapper/desk__bowl-ycb_apple-ycb_pear_wrapper.xml:include@file,1
/Users/damirnurtdinov/Desktop/My Courses/Диплом/RL_VLA_Bootstrapping/RL_VLA_Bootstrapping/robots/cdpr/cdpr_dataset/wrappers/desk__bowl-ycb_apple-ycb_pear_wrapper/desk__bowl-ycb_apple-ycb_pear_wrapper__placed_1_ycb_apple.xml,xml,True,0.002584,,2a78ceed92d71ad9ae4396ad3ed1b11374b936776c07011254ced26e69d3f6e9,/Users/damirnurtdinov/Desktop/My Courses/Диплом/RL_VLA_Bootstrapping/RL_VLA_Bootstrapping/robots/cdpr/cdpr_dataset/wrappers/desk__bowl-ycb_apple-ycb_pear_wrapper/desk__bowl-ycb_apple-ycb_pear_wrapper.xml:include@file,1
/Users/damirnurtdinov/Desktop/My Courses/Диплом/RL_VLA_Bootstrapping/RL_VLA_Bootstrapping/robots/cdpr/cdpr_dataset/wrappers/desk__bowl-ycb_apple-ycb_pear_wrapper/desk__bowl-ycb_apple-ycb_pear_wrapper__placed_2_ycb_pear.xml,xml,True,0.002232,,b015807c519e6725269d45ac1a8f3fefd17de1f58a480a2b16fd0c0f9ecac0cd,/Users/damirnurtdinov/Desktop/My Courses/Диплом/RL_VLA_Bootstrapping/RL_VLA_Bootstrapping/robots/cdpr/cdpr_dataset/wrappers/desk__bowl-ycb_apple-ycb_pear_wrapper/desk__bowl-ycb_apple-ycb_pear_wrapper.xml:include@file,1
/Users/damirnurtdinov/Desktop/My Courses/Диплом/RL_VLA_Bootstrapping/RL_VLA_Bootstrapping/robots/cdpr/cdpr_dataset/wrappers/desk__plate-ycb_apple-ycb_baseball-ycb_pear_wrapper/desk__plate-ycb_apple-ycb_baseball-ycb_pear_wrapper__cdpr_ee_override.xml,xml,True,0.008195,,aeeb2a68f382e5157745215c84be87bea1ccca99b9c9091b59d905b75f7a43b9,/Users/damirnurtdinov/Desktop/My Courses/Диплом/RL_VLA_Bootstrapping/RL_VLA_Bootstrapping/robots/cdpr/cdpr_dataset/wrappers/desk__plate-ycb_apple-ycb_baseball-ycb_pear_wrapper/desk__plate-ycb_apple-ycb_baseball-ycb_pear_wrapper.xml:include@file,1
/Users/damirnurtdinov/Desktop/My Courses/Диплом/RL_VLA_Bootstrapping/RL_VLA_Bootstrapping/robots/cdpr/cdpr_dataset/wrappers/desk__plate-ycb_apple-ycb_baseball-ycb_pear_wrapper/desk__plate-ycb_apple-ycb_baseball-ycb_pear_wrapper__desk_zshift.xml,xml,True,0.002652,,8dc381b03aeb113f5a75ae9b0c3b0cfab9025e587c1ec4b34722cac7c908c861,/Users/damirnurtdinov/Desktop/My Courses/Диплом/RL_VLA_Bootstrapping/RL_VLA_Bootstrapping/robots/cdpr/cdpr_dataset/wrappers/desk__plate-ycb_apple-ycb_baseball-ycb_pear_wrapper/desk__plate-ycb_apple-ycb_baseball-ycb_pear_wrapper.xml:include@file,1
/Users/damirnurtdinov/Desktop/My Courses/Диплом/RL_VLA_Bootstrapping/RL_VLA_Bootstrapping/robots/cdpr/cdpr_dataset/wrappers/desk__plate-ycb_apple-ycb_baseball-ycb_pear_wrapper/desk__plate-ycb_apple-ycb_baseball-ycb_pear_wrapper__placed_0_plate.xml,xml,True,0.003541,,923f3bf112a5e288b4d259f97efd7bfd932d9c5d258c2b95cde51b3dd259abbd,/Users/damirnurtdinov/Desktop/My Courses/Диплом/RL_VLA_Bootstrapping/RL_VLA_Bootstrapping/robots/cdpr/cdpr_dataset/wrappers/desk__plate-ycb_apple-ycb_baseball-ycb_pear_wrapper/desk__plate-ycb_apple-ycb_baseball-ycb_pear_wrapper.xml:include@file,1
/Users/damirnurtdinov/Desktop/My Courses/Диплом/RL_VLA_Bootstrapping/RL_VLA_Bootstrapping/robots/cdpr/cdpr_dataset/wrappers/desk__plate-ycb_apple-ycb_baseball-ycb_pear_wrapper/desk__plate-ycb_apple-ycb_baseball-ycb_pear_wrapper__placed_1_ycb_apple.xml,xml,True,0.002584,,8d90c223b1f21c8db3f27e678d854d014d3eb0578f1a2279e603b1d518a3c557,/Users/damirnurtdinov/Desktop/My Courses/Диплом/RL_VLA_Bootstrapping/RL_VLA_Bootstrapping/robots/cdpr/cdpr_dataset/wrappers/desk__plate-ycb_apple-ycb_baseball-ycb_pear_wrapper/desk__plate-ycb_apple-ycb_baseball-ycb_pear_wrapper.xml:include@file,1
/Users/damirnurtdinov/Desktop/My Courses/Диплом/RL_VLA_Bootstrapping/RL_VLA_Bootstrapping/robots/cdpr/cdpr_dataset/wrappers/desk__plate-ycb_apple-ycb_baseball-ycb_pear_wrapper/desk__plate-ycb_apple-ycb_baseball-ycb_pear_wrapper__placed_2_ycb_baseball.xml,xml,True,0.001311,,5e8b60134fc3df3da4bee514b098fb3818de79a8bdae8268033e64e9fb5679b5,/Users/damirnurtdinov/Desktop/My Courses/Диплом/RL_VLA_Bootstrapping/RL_VLA_Bootstrapping/robots/cdpr/cdpr_dataset/wrappers/desk__plate-ycb_apple-ycb_baseball-ycb_pear_wrapper/desk__plate-ycb_apple-ycb_baseball-ycb_pear_wrapper.xml:include@file,1
/Users/damirnurtdinov/Desktop/My Courses/Диплом/RL_VLA_Bootstrapping/RL_VLA_Bootstrapping/robots/cdpr/cdpr_dataset/wrappers/desk__plate-ycb_apple-ycb_baseball-ycb_pear_wrapper/desk__plate-ycb_apple-ycb_baseball-ycb_pear_wrapper__placed_3_ycb_pear.xml,xml,True,0.002232,,715f0273dcbf0ec9e596f55a3cabb540132e4431f2ad3edbaa83979f8ebcfb1b,/Users/damirnurtdinov/Desktop/My Courses/Диплом/RL_VLA_Bootstrapping/RL_VLA_Bootstrapping/robots/cdpr/cdpr_dataset/wrappers/desk__plate-ycb_apple-ycb_baseball-ycb_pear_wrapper/desk__plate-ycb_apple-ycb_baseball-ycb_pear_wrapper.xml:include@file,1
/Users/damirnurtdinov/Desktop/My Courses/Диплом/RL_VLA_Bootstrapping/RL_VLA_Bootstrapping/robots/cdpr/cdpr_dataset/wrappers/desk__plate-ycb_apple-ycb_baseball_wrapper/desk__plate-ycb_apple-ycb_baseball_wrapper__cdpr_ee_override.xml,xml,True,0.008195,,aeeb2a68f382e5157745215c84be87bea1ccca99b9c9091b59d905b75f7a43b9,/Users/damirnurtdinov/Desktop/My Courses/Диплом/RL_VLA_Bootstrapping/RL_VLA_Bootstrapping/robots/cdpr/cdpr_dataset/wrappers/desk__plate-ycb_apple-ycb_baseball_wrapper/desk__plate-ycb_apple-ycb_baseball_wrapper.xml:include@file,1
/Users/damirnurtdinov/Desktop/My Courses/Диплом/RL_VLA_Bootstrapping/RL_VLA_Bootstrapping/robots/cdpr/cdpr_dataset/wrappers/desk__plate-ycb_apple-ycb_baseball_wrapper/desk__plate-ycb_apple-ycb_baseball_wrapper__desk_zshift.xml,xml,True,0.002652,,8dc381b03aeb113f5a75ae9b0c3b0cfab9025e587c1ec4b34722cac7c908c861,/Users/damirnurtdinov/Desktop/My Courses/Диплом/RL_VLA_Bootstrapping/RL_VLA_Bootstrapping/robots/cdpr/cdpr_dataset/wrappers/desk__plate-ycb_apple-ycb_baseball_wrapper/desk__plate-ycb_apple-ycb_baseball_wrapper.xml:include@file,1
/Users/damirnurtdinov/Desktop/My Courses/Диплом/RL_VLA_Bootstrapping/RL_VLA_Bootstrapping/robots/cdpr/cdpr_dataset/wrappers/desk__plate-ycb_apple-ycb_baseball_wrapper/desk__plate-ycb_apple-ycb_baseball_wrapper__placed_0_plate.xml,xml,True,0.003541,,8251c4465813ff0d06bd8841c7b0c01d6c72f5ffc32f7edefa786cd855adaa27,/Users/damirnurtdinov/Desktop/My Courses/Диплом/RL_VLA_Bootstrapping/RL_VLA_Bootstrapping/robots/cdpr/cdpr_dataset/wrappers/desk__plate-ycb_apple-ycb_baseball_wrapper/desk__plate-ycb_apple-ycb_baseball_wrapper.xml:include@file,1
/Users/damirnurtdinov/Desktop/My Courses/Диплом/RL_VLA_Bootstrapping/RL_VLA_Bootstrapping/robots/cdpr/cdpr_dataset/wrappers/desk__plate-ycb_apple-ycb_baseball_wrapper/desk__plate-ycb_apple-ycb_baseball_wrapper__placed_1_ycb_apple.xml,xml,True,0.002584,,36b1aa133086c29d1ceaa2887f23acf659d5cccdceda801ef01b7215cec1c046,/Users/damirnurtdinov/Desktop/My Courses/Диплом/RL_VLA_Bootstrapping/RL_VLA_Bootstrapping/robots/cdpr/cdpr_dataset/wrappers/desk__plate-ycb_apple-ycb_baseball_wrapper/desk__plate-ycb_apple-ycb_baseball_wrapper.xml:include@file,1
/Users/damirnurtdinov/Desktop/My Courses/Диплом/RL_VLA_Bootstrapping/RL_VLA_Bootstrapping/robots/cdpr/cdpr_dataset/wrappers/desk__plate-ycb_apple-ycb_baseball_wrapper/desk__plate-ycb_apple-ycb_baseball_wrapper__placed_2_ycb_baseball.xml,xml,True,0.001311,,e6c75c5855223bb8865f7399af974f90c9a5b9cffa62b43d1fe53582ccde1fa3,/Users/damirnurtdinov/Desktop/My Courses/Диплом/RL_VLA_Bootstrapping/RL_VLA_Bootstrapping/robots/cdpr/cdpr_dataset/wrappers/desk__plate-ycb_apple-ycb_baseball_wrapper/desk__plate-ycb_apple-ycb_baseball_wrapper.xml:include@file,1
/Users/damirnurtdinov/Desktop/My Courses/Диплом/RL_VLA_Bootstrapping/RL_VLA_Bootstrapping/robots/cdpr/cdpr_dataset/wrappers/desk__plate-ycb_apple-ycb_pear_wrapper/desk__plate-ycb_apple-ycb_pear_wrapper__cdpr_ee_override.xml,xml,True,0.008195,,aeeb2a68f382e5157745215c84be87bea1ccca99b9c9091b59d905b75f7a43b9,/Users/damirnurtdinov/Desktop/My Courses/Диплом/RL_VLA_Bootstrapping/RL_VLA_Bootstrapping/robots/cdpr/cdpr_dataset/wrappers/desk__plate-ycb_apple-ycb_pear_wrapper/desk__plate-ycb_apple-ycb_pear_wrapper.xml:include@file,1
/Users/damirnurtdinov/Desktop/My Courses/Диплом/RL_VLA_Bootstrapping/RL_VLA_Bootstrapping/robots/cdpr/cdpr_dataset/wrappers/desk__plate-ycb_apple-ycb_pear_wrapper/desk__plate-ycb_apple-ycb_pear_wrapper__desk_zshift.xml,xml,True,0.002652,,8dc381b03aeb113f5a75ae9b0c3b0cfab9025e587c1ec4b34722cac7c908c861,/Users/damirnurtdinov/Desktop/My Courses/Диплом/RL_VLA_Bootstrapping/RL_VLA_Bootstrapping/robots/cdpr/cdpr_dataset/wrappers/desk__plate-ycb_apple-ycb_pear_wrapper/desk__plate-ycb_apple-ycb_pear_wrapper.xml:include@file,1
/Users/damirnurtdinov/Desktop/My Courses/Диплом/RL_VLA_Bootstrapping/RL_VLA_Bootstrapping/robots/cdpr/cdpr_dataset/wrappers/desk__plate-ycb_apple-ycb_pear_wrapper/desk__plate-ycb_apple-ycb_pear_wrapper__placed_0_plate.xml,xml,True,0.003540,,6279b40e5747485f9c80a7d8fc9668007a92da866de8f2f6f476fc1354460c90,/Users/damirnurtdinov/Desktop/My Courses/Диплом/RL_VLA_Bootstrapping/RL_VLA_Bootstrapping/robots/cdpr/cdpr_dataset/wrappers/desk__plate-ycb_apple-ycb_pear_wrapper/desk__plate-ycb_apple-ycb_pear_wrapper.xml:include@file,1
/Users/damirnurtdinov/Desktop/My Courses/Диплом/RL_VLA_Bootstrapping/RL_VLA_Bootstrapping/robots/cdpr/cdpr_dataset/wrappers/desk__plate-ycb_apple-ycb_pear_wrapper/desk__plate-ycb_apple-ycb_pear_wrapper__placed_1_ycb_apple.xml,xml,True,0.002582,,7663ba06ec045ae27833692ee151efe4a0d15e9c3735271cb9caf1c74103486d,/Users/damirnurtdinov/Desktop/My Courses/Диплом/RL_VLA_Bootstrapping/RL_VLA_Bootstrapping/robots/cdpr/cdpr_dataset/wrappers/desk__plate-ycb_apple-ycb_pear_wrapper/desk__plate-ycb_apple-ycb_pear_wrapper.xml:include@file,1
/Users/damirnurtdinov/Desktop/My Courses/Диплом/RL_VLA_Bootstrapping/RL_VLA_Bootstrapping/robots/cdpr/cdpr_dataset/wrappers/desk__plate-ycb_apple-ycb_pear_wrapper/desk__plate-ycb_apple-ycb_pear_wrapper__placed_2_ycb_pear.xml,xml,True,0.002231,,958a33f2073194526159e57f165719b2fdc339197afa7c09b13f5cc9a9d8e69b,/Users/damirnurtdinov/Desktop/My Courses/Диплом/RL_VLA_Bootstrapping/RL_VLA_Bootstrapping/robots/cdpr/cdpr_dataset/wrappers/desk__plate-ycb_apple-ycb_pear_wrapper/desk__plate-ycb_apple-ycb_pear_wrapper.xml:include@file,1
/Users/damirnurtdinov/Desktop/My Courses/Диплом/RL_VLA_Bootstrapping/RL_VLA_Bootstrapping/robots/cdpr/cdpr_dataset/wrappers/desk__plate-ycb_apple_wrapper/desk__plate-ycb_apple_wrapper__cdpr_ee_override.xml,xml,True,0.008195,,aeeb2a68f382e5157745215c84be87bea1ccca99b9c9091b59d905b75f7a43b9,/Users/damirnurtdinov/Desktop/My Courses/Диплом/RL_VLA_Bootstrapping/RL_VLA_Bootstrapping/robots/cdpr/cdpr_dataset/wrappers/desk__plate-ycb_apple_wrapper/desk__plate-ycb_apple_wrapper.xml:include@file,1
/Users/damirnurtdinov/Desktop/My Courses/Диплом/RL_VLA_Bootstrapping/RL_VLA_Bootstrapping/robots/cdpr/cdpr_dataset/wrappers/desk__plate-ycb_apple_wrapper/desk__plate-ycb_apple_wrapper__desk_zshift.xml,xml,True,0.002652,,8dc381b03aeb113f5a75ae9b0c3b0cfab9025e587c1ec4b34722cac7c908c861,/Users/damirnurtdinov/Desktop/My Courses/Диплом/RL_VLA_Bootstrapping/RL_VLA_Bootstrapping/robots/cdpr/cdpr_dataset/wrappers/desk__plate-ycb_apple_wrapper/desk__plate-ycb_apple_wrapper.xml:include@file,1
/Users/damirnurtdinov/Desktop/My Courses/Диплом/RL_VLA_Bootstrapping/RL_VLA_Bootstrapping/robots/cdpr/cdpr_dataset/wrappers/desk__plate-ycb_apple_wrapper/desk__plate-ycb_apple_wrapper__placed_0_plate.xml,xml,True,0.003540,,b4b0f3967dfc376393058cefd37e52b3b3bff4f76cb103d5d1e6f10d341f6e97,/Users/damirnurtdinov/Desktop/My Courses/Диплом/RL_VLA_Bootstrapping/RL_VLA_Bootstrapping/robots/cdpr/cdpr_dataset/wrappers/desk__plate-ycb_apple_wrapper/desk__plate-ycb_apple_wrapper.xml:include@file,1
/Users/damirnurtdinov/Desktop/My Courses/Диплом/RL_VLA_Bootstrapping/RL_VLA_Bootstrapping/robots/cdpr/cdpr_dataset/wrappers/desk__plate-ycb_apple_wrapper/desk__plate-ycb_apple_wrapper__placed_1_ycb_apple.xml,xml,True,0.002585,,21a2bae1de391c67ebb1abc460ae41e20ef51a3f25ae021ed724b2e902899d55,/Users/damirnurtdinov/Desktop/My Courses/Диплом/RL_VLA_Bootstrapping/RL_VLA_Bootstrapping/robots/cdpr/cdpr_dataset/wrappers/desk__plate-ycb_apple_wrapper/desk__plate-ycb_apple_wrapper.xml:include@file,1
/Users/damirnurtdinov/Desktop/My Courses/Диплом/RL_VLA_Bootstrapping/RL_VLA_Bootstrapping/robots/cdpr/cdpr_dataset/wrappers/desk__plate-ycb_baseball-ycb_pear/desk__plate-ycb_baseball-ycb_pear__rltmp_1779358383892150000__cdpr_ee_override.xml,xml,True,0.008228,,c9789e046b0b3386048211f5cdd7ec9f60b71ceda6428bd51033050c52002c1b,/Users/damirnurtdinov/Desktop/My Courses/Диплом/RL_VLA_Bootstrapping/RL_VLA_Bootstrapping/robots/cdpr/cdpr_dataset/wrappers/desk__plate-ycb_baseball-ycb_pear/desk__plate-ycb_baseball-ycb_pear__rltmp_1779358383892150000.xml:include@file,1
/Users/damirnurtdinov/Desktop/My Courses/Диплом/RL_VLA_Bootstrapping/RL_VLA_Bootstrapping/robots/cdpr/cdpr_dataset/wrappers/desk__plate-ycb_baseball-ycb_pear/desk__plate-ycb_baseball-ycb_pear__rltmp_1779358383892150000__desk_zshift.xml,xml,True,0.002652,,8dc381b03aeb113f5a75ae9b0c3b0cfab9025e587c1ec4b34722cac7c908c861,/Users/damirnurtdinov/Desktop/My Courses/Диплом/RL_VLA_Bootstrapping/RL_VLA_Bootstrapping/robots/cdpr/cdpr_dataset/wrappers/desk__plate-ycb_baseball-ycb_pear/desk__plate-ycb_baseball-ycb_pear__rltmp_1779358383892150000.xml:include@file,1
/Users/damirnurtdinov/Desktop/My Courses/Диплом/RL_VLA_Bootstrapping/RL_VLA_Bootstrapping/robots/cdpr/cdpr_dataset/wrappers/desk__plate-ycb_baseball-ycb_pear/desk__plate-ycb_baseball-ycb_pear__rltmp_1779358383892150000__placed_0_ycb_pear.xml,xml,True,0.002232,,f8b2685a7eeda36b4dff8409843e8cbe3a9ce1c6038b74a65a43dfbe895c8865,/Users/damirnurtdinov/Desktop/My Courses/Диплом/RL_VLA_Bootstrapping/RL_VLA_Bootstrapping/robots/cdpr/cdpr_dataset/wrappers/desk__plate-ycb_baseball-ycb_pear/desk__plate-ycb_baseball-ycb_pear__rltmp_1779358383892150000.xml:include@file,1
/Users/damirnurtdinov/Desktop/My Courses/Диплом/RL_VLA_Bootstrapping/RL_VLA_Bootstrapping/robots/cdpr/cdpr_dataset/wrappers/desk__plate-ycb_baseball-ycb_pear/desk__plate-ycb_baseball-ycb_pear__rltmp_1779358383892150000__placed_1_plate.xml,xml,True,0.003540,,38e498912364ae82549ee92ac9f562f8073b6f73054a8b8f7bb8996a61f9f655,/Users/damirnurtdinov/Desktop/My Courses/Диплом/RL_VLA_Bootstrapping/RL_VLA_Bootstrapping/robots/cdpr/cdpr_dataset/wrappers/desk__plate-ycb_baseball-ycb_pear/desk__plate-ycb_baseball-ycb_pear__rltmp_1779358383892150000.xml:include@file,1
/Users/damirnurtdinov/Desktop/My Courses/Диплом/RL_VLA_Bootstrapping/RL_VLA_Bootstrapping/robots/cdpr/cdpr_dataset/wrappers/desk__plate-ycb_baseball-ycb_pear/desk__plate-ycb_baseball-ycb_pear__rltmp_1779358383892150000__placed_2_ycb_baseball.xml,xml,True,0.001311,,f2faf255965d1e8292d2d050758f30c37529915055904dbbfcef5bc5401e0878,/Users/damirnurtdinov/Desktop/My Courses/Диплом/RL_VLA_Bootstrapping/RL_VLA_Bootstrapping/robots/cdpr/cdpr_dataset/wrappers/desk__plate-ycb_baseball-ycb_pear/desk__plate-ycb_baseball-ycb_pear__rltmp_1779358383892150000.xml:include@file,1
/Users/damirnurtdinov/Desktop/My Courses/Диплом/RL_VLA_Bootstrapping/RL_VLA_Bootstrapping/robots/cdpr/cdpr_dataset/wrappers/desk__plate-ycb_baseball-ycb_pear/desk__plate-ycb_baseball-ycb_pear__rltmp_1779358406810652000__cdpr_ee_override.xml,xml,True,0.008228,,c9789e046b0b3386048211f5cdd7ec9f60b71ceda6428bd51033050c52002c1b,/Users/damirnurtdinov/Desktop/My Courses/Диплом/RL_VLA_Bootstrapping/RL_VLA_Bootstrapping/robots/cdpr/cdpr_dataset/wrappers/desk__plate-ycb_baseball-ycb_pear/desk__plate-ycb_baseball-ycb_pear__rltmp_1779358406810652000.xml:include@file,1
/Users/damirnurtdinov/Desktop/My Courses/Диплом/RL_VLA_Bootstrapping/RL_VLA_Bootstrapping/robots/cdpr/cdpr_dataset/wrappers/desk__plate-ycb_baseball-ycb_pear/desk__plate-ycb_baseball-ycb_pear__rltmp_1779358406810652000__desk_zshift.xml,xml,True,0.002652,,8dc381b03aeb113f5a75ae9b0c3b0cfab9025e587c1ec4b34722cac7c908c861,/Users/damirnurtdinov/Desktop/My Courses/Диплом/RL_VLA_Bootstrapping/RL_VLA_Bootstrapping/robots/cdpr/cdpr_dataset/wrappers/desk__plate-ycb_baseball-ycb_pear/desk__plate-ycb_baseball-ycb_pear__rltmp_1779358406810652000.xml:include@file,1
/Users/damirnurtdinov/Desktop/My Courses/Диплом/RL_VLA_Bootstrapping/RL_VLA_Bootstrapping/robots/cdpr/cdpr_dataset/wrappers/desk__plate-ycb_baseball-ycb_pear/desk__plate-ycb_baseball-ycb_pear__rltmp_1779358406810652000__placed_0_ycb_pear.xml,xml,True,0.002233,,49e427f02b636e412ccfeb02e1c293894bc530479291f0a59f65ce3d2f419693,/Users/damirnurtdinov/Desktop/My Courses/Диплом/RL_VLA_Bootstrapping/RL_VLA_Bootstrapping/robots/cdpr/cdpr_dataset/wrappers/desk__plate-ycb_baseball-ycb_pear/desk__plate-ycb_baseball-ycb_pear__rltmp_1779358406810652000.xml:include@file,1
/Users/damirnurtdinov/Desktop/My Courses/Диплом/RL_VLA_Bootstrapping/RL_VLA_Bootstrapping/robots/cdpr/cdpr_dataset/wrappers/desk__plate-ycb_baseball-ycb_pear/desk__plate-ycb_baseball-ycb_pear__rltmp_1779358406810652000__placed_1_plate.xml,xml,True,0.003539,,5f2334e62d69b9338e310caee627d14c62155e8b467b004ebcc9be4906c34373,/Users/damirnurtdinov/Desktop/My Courses/Диплом/RL_VLA_Bootstrapping/RL_VLA_Bootstrapping/robots/cdpr/cdpr_dataset/wrappers/desk__plate-ycb_baseball-ycb_pear/desk__plate-ycb_baseball-ycb_pear__rltmp_1779358406810652000.xml:include@file,1
/Users/damirnurtdinov/Desktop/My Courses/Диплом/RL_VLA_Bootstrapping/RL_VLA_Bootstrapping/robots/cdpr/cdpr_dataset/wrappers/desk__plate-ycb_baseball-ycb_pear/desk__plate-ycb_baseball-ycb_pear__rltmp_1779358406810652000__placed_2_ycb_baseball.xml,xml,True,0.001310,,ba37dba1aea3b1580bfff376e3602d876db76f90a46019f25b96a84edd01c58d,/Users/damirnurtdinov/Desktop/My Courses/Диплом/RL_VLA_Bootstrapping/RL_VLA_Bootstrapping/robots/cdpr/cdpr_dataset/wrappers/desk__plate-ycb_baseball-ycb_pear/desk__plate-ycb_baseball-ycb_pear__rltmp_1779358406810652000.xml:include@file,1
/Users/damirnurtdinov/Desktop/My Courses/Диплом/RL_VLA_Bootstrapping/RL_VLA_Bootstrapping/robots/cdpr/cdpr_dataset/wrappers/desk__plate-ycb_baseball-ycb_pear_wrapper/desk__plate-ycb_baseball-ycb_pear_wrapper__cdpr_ee_override.xml,xml,True,0.008195,,aeeb2a68f382e5157745215c84be87bea1ccca99b9c9091b59d905b75f7a43b9,/Users/damirnurtdinov/Desktop/My Courses/Диплом/RL_VLA_Bootstrapping/RL_VLA_Bootstrapping/robots/cdpr/cdpr_dataset/wrappers/desk__plate-ycb_baseball-ycb_pear_wrapper/desk__plate-ycb_baseball-ycb_pear_wrapper.xml:include@file,1
/Users/damirnurtdinov/Desktop/My Courses/Диплом/RL_VLA_Bootstrapping/RL_VLA_Bootstrapping/robots/cdpr/cdpr_dataset/wrappers/desk__plate-ycb_baseball-ycb_pear_wrapper/desk__plate-ycb_baseball-ycb_pear_wrapper__desk_zshift.xml,xml,True,0.002652,,8dc381b03aeb113f5a75ae9b0c3b0cfab9025e587c1ec4b34722cac7c908c861,/Users/damirnurtdinov/Desktop/My Courses/Диплом/RL_VLA_Bootstrapping/RL_VLA_Bootstrapping/robots/cdpr/cdpr_dataset/wrappers/desk__plate-ycb_baseball-ycb_pear_wrapper/desk__plate-ycb_baseball-ycb_pear_wrapper.xml:include@file,1
/Users/damirnurtdinov/Desktop/My Courses/Диплом/RL_VLA_Bootstrapping/RL_VLA_Bootstrapping/robots/cdpr/cdpr_dataset/wrappers/desk__plate-ycb_baseball-ycb_pear_wrapper/desk__plate-ycb_baseball-ycb_pear_wrapper__placed_0_plate.xml,xml,True,0.003540,,e8c44d7dbe3a245e3e9833c0b780a532f864c570e11247012be73c4ba6669aa4,/Users/damirnurtdinov/Desktop/My Courses/Диплом/RL_VLA_Bootstrapping/RL_VLA_Bootstrapping/robots/cdpr/cdpr_dataset/wrappers/desk__plate-ycb_baseball-ycb_pear_wrapper/desk__plate-ycb_baseball-ycb_pear_wrapper.xml:include@file,1
/Users/damirnurtdinov/Desktop/My Courses/Диплом/RL_VLA_Bootstrapping/RL_VLA_Bootstrapping/robots/cdpr/cdpr_dataset/wrappers/desk__plate-ycb_baseball-ycb_pear_wrapper/desk__plate-ycb_baseball-ycb_pear_wrapper__placed_1_ycb_baseball.xml,xml,True,0.001309,,4cf725ff26012eb94a5f4e39e32c52b88a9796bae8b667e324411bd61e9fe3d4,/Users/damirnurtdinov/Desktop/My Courses/Диплом/RL_VLA_Bootstrapping/RL_VLA_Bootstrapping/robots/cdpr/cdpr_dataset/wrappers/desk__plate-ycb_baseball-ycb_pear_wrapper/desk__plate-ycb_baseball-ycb_pear_wrapper.xml:include@file,1
/Users/damirnurtdinov/Desktop/My Courses/Диплом/RL_VLA_Bootstrapping/RL_VLA_Bootstrapping/robots/cdpr/cdpr_dataset/wrappers/desk__plate-ycb_baseball-ycb_pear_wrapper/desk__plate-ycb_baseball-ycb_pear_wrapper__placed_2_ycb_pear.xml,xml,True,0.002233,,8910480218ee4e4328195f4120dfba5a037a5c1d0ad3d6bb75c84ad66dec2953,/Users/damirnurtdinov/Desktop/My Courses/Диплом/RL_VLA_Bootstrapping/RL_VLA_Bootstrapping/robots/cdpr/cdpr_dataset/wrappers/desk__plate-ycb_baseball-ycb_pear_wrapper/desk__plate-ycb_baseball-ycb_pear_wrapper.xml:include@file,1
/Users/damirnurtdinov/Desktop/My Courses/Диплом/RL_VLA_Bootstrapping/RL_VLA_Bootstrapping/robots/cdpr/cdpr_dataset/wrappers/desk__ycb_apple-ycb_baseball-ycb_pear_wrapper/desk__ycb_apple-ycb_baseball-ycb_pear_wrapper__cdpr_ee_override.xml,xml,True,0.008195,,aeeb2a68f382e5157745215c84be87bea1ccca99b9c9091b59d905b75f7a43b9,/Users/damirnurtdinov/Desktop/My Courses/Диплом/RL_VLA_Bootstrapping/RL_VLA_Bootstrapping/robots/cdpr/cdpr_dataset/wrappers/desk__ycb_apple-ycb_baseball-ycb_pear_wrapper/desk__ycb_apple-ycb_baseball-ycb_pear_wrapper.xml:include@file,1
/Users/damirnurtdinov/Desktop/My Courses/Диплом/RL_VLA_Bootstrapping/RL_VLA_Bootstrapping/robots/cdpr/cdpr_dataset/wrappers/desk__ycb_apple-ycb_baseball-ycb_pear_wrapper/desk__ycb_apple-ycb_baseball-ycb_pear_wrapper__desk_zshift.xml,xml,True,0.002652,,8dc381b03aeb113f5a75ae9b0c3b0cfab9025e587c1ec4b34722cac7c908c861,/Users/damirnurtdinov/Desktop/My Courses/Диплом/RL_VLA_Bootstrapping/RL_VLA_Bootstrapping/robots/cdpr/cdpr_dataset/wrappers/desk__ycb_apple-ycb_baseball-ycb_pear_wrapper/desk__ycb_apple-ycb_baseball-ycb_pear_wrapper.xml:include@file,1
/Users/damirnurtdinov/Desktop/My Courses/Диплом/RL_VLA_Bootstrapping/RL_VLA_Bootstrapping/robots/cdpr/cdpr_dataset/wrappers/desk__ycb_apple-ycb_baseball-ycb_pear_wrapper/desk__ycb_apple-ycb_baseball-ycb_pear_wrapper__placed_0_ycb_apple.xml,xml,True,0.002584,,fef46012f52ec4b2f8e0919ef85474faa9c4c6ae86ef76d9fb627aac7effb75d,/Users/damirnurtdinov/Desktop/My Courses/Диплом/RL_VLA_Bootstrapping/RL_VLA_Bootstrapping/robots/cdpr/cdpr_dataset/wrappers/desk__ycb_apple-ycb_baseball-ycb_pear_wrapper/desk__ycb_apple-ycb_baseball-ycb_pear_wrapper.xml:include@file,1
/Users/damirnurtdinov/Desktop/My Courses/Диплом/RL_VLA_Bootstrapping/RL_VLA_Bootstrapping/robots/cdpr/cdpr_dataset/wrappers/desk__ycb_apple-ycb_baseball-ycb_pear_wrapper/desk__ycb_apple-ycb_baseball-ycb_pear_wrapper__placed_1_ycb_baseball.xml,xml,True,0.001309,,6b8b9aab8ee2706ea2995edf39eb31fc4965117287a8dd106f73add69e550bd2,/Users/damirnurtdinov/Desktop/My Courses/Диплом/RL_VLA_Bootstrapping/RL_VLA_Bootstrapping/robots/cdpr/cdpr_dataset/wrappers/desk__ycb_apple-ycb_baseball-ycb_pear_wrapper/desk__ycb_apple-ycb_baseball-ycb_pear_wrapper.xml:include@file,1
/Users/damirnurtdinov/Desktop/My Courses/Диплом/RL_VLA_Bootstrapping/RL_VLA_Bootstrapping/robots/cdpr/cdpr_dataset/wrappers/desk__ycb_apple-ycb_baseball-ycb_pear_wrapper/desk__ycb_apple-ycb_baseball-ycb_pear_wrapper__placed_2_ycb_pear.xml,xml,True,0.002233,,72df79fe1d9cfb03e6ca879bfef545135e0780d46f984715f1e7fa27ccb27555,/Users/damirnurtdinov/Desktop/My Courses/Диплом/RL_VLA_Bootstrapping/RL_VLA_Bootstrapping/robots/cdpr/cdpr_dataset/wrappers/desk__ycb_apple-ycb_baseball-ycb_pear_wrapper/desk__ycb_apple-ycb_baseball-ycb_pear_wrapper.xml:include@file,1
/Users/damirnurtdinov/Desktop/My Courses/Диплом/RL_VLA_Bootstrapping/RL_VLA_Bootstrapping/robots/cdpr/cdpr_mujoco/cdpr.xml,xml,True,0.010585,,a5d3b9f167b2f54fd9a868e8fd87ba1010ae66c3cecff0db7e7de6aa572aefa8,/Users/damirnurtdinov/Desktop/My Courses/Диплом/RL_VLA_Bootstrapping/RL_VLA_Bootstrapping/configs/examples/cdpr_openvla_blac_in_tree.yaml; /Users/damirnurtdinov/Desktop/My Courses/Диплом/RL_VLA_Bootstrapping/RL_VLA_Bootstrapping/configs/examples/cdpr_openvla_bootstrap.yaml; /Users/damirnurtdinov/Desktop/My Courses/Диплом/RL_VLA_Bootstrapping/RL_VLA_Bootstrapping/configs/examples/cdpr_openvla_bootstrap_fast.yaml; /Users/damirnurtdinov/Desktop/My Courses/Диплом/RL_VLA_Bootstrapping/RL_VLA_Bootstrapping/configs/examples/cdpr_openvla_bootstrap_fast_resume_120_to_180.yaml; /Users/damirnurtdinov/Desktop/My Courses/Диплом/RL_VLA_Bootstrapping/RL_VLA_Bootstrapping/configs/examples/cdpr_openvla_bootstrap_fast_resume_180_to_280.yaml; /Users/damirnurtdinov/Desktop/My Courses/Диплом/RL_VLA_Bootstrapping/RL_VLA_Bootstrapping/configs/examples/cdpr_openvla_bootstrap_fast_resume_280_to_380.yaml; /Users/damirnurtdinov/Desktop/My Courses/Диплом/RL_VLA_Bootstrapping/RL_VLA_Bootstrapping/configs/examples/cdpr_openvla_bootstrap_fast_resume_380_to_480_move_to_object.yaml; /Users/damirnurtdinov/Desktop/My Courses/Диплом/RL_VLA_Bootstrapping/RL_VLA_Bootstrapping/configs/examples/cdpr_openvla_bootstrap_pick_up_fast.yaml; /Users/damirnurtdinov/Desktop/My Courses/Диплом/RL_VLA_Bootstrapping/RL_VLA_Bootstrapping/configs/examples/cdpr_openvla_grpo_complex_tasks.yaml; /Users/damirnurtdinov/Desktop/My Courses/Диплом/RL_VLA_Bootstrapping/RL_VLA_Bootstrapping/configs/examples/cdpr_openvla_grpo_resume_380_to_480_move_to_object.yaml; /Users/damirnurtdinov/Desktop/My Courses/Диплом/RL_VLA_Bootstrapping/RL_VLA_Bootstrapping/configs/examples/cdpr_openvla_grpo_step_390_to_490_movetoobj.yaml,11
