phase,iteration,duration_s,fps,cache_hit,cache_miss,cache_size,rss_mb,gpu_vram_mb,note
reset_direct_sim,0,0.6760538340000001,,0,1,1,319.66015625,,/Users/damirnurtdinov/Desktop/My Courses/Диплом/RL_VLA_Bootstrapping/RL_VLA_Bootstrapping/robots/cdpr/cdpr_dataset/wrappers/desk__plate-ycb_apple_wrapper/desk__plate-ycb_apple_wrapper.xml
reset_direct_sim,1,0.004381500000000038,,1,0,1,319.671875,,/Users/damirnurtdinov/Desktop/My Courses/Диплом/RL_VLA_Bootstrapping/RL_VLA_Bootstrapping/robots/cdpr/cdpr_dataset/wrappers/desk__plate-ycb_apple_wrapper/desk__plate-ycb_apple_wrapper.xml
reset_direct_sim,2,0.004084624999999953,,1,0,1,319.671875,,/Users/damirnurtdinov/Desktop/My Courses/Диплом/RL_VLA_Bootstrapping/RL_VLA_Bootstrapping/robots/cdpr/cdpr_dataset/wrappers/desk__plate-ycb_apple_wrapper/desk__plate-ycb_apple_wrapper.xml
reset_direct_sim,3,0.004123042000000021,,1,0,1,319.671875,,/Users/damirnurtdinov/Desktop/My Courses/Диплом/RL_VLA_Bootstrapping/RL_VLA_Bootstrapping/robots/cdpr/cdpr_dataset/wrappers/desk__plate-ycb_apple_wrapper/desk__plate-ycb_apple_wrapper.xml
reset_direct_sim,4,0.003614084000000073,,1,0,1,319.671875,,/Users/damirnurtdinov/Desktop/My Courses/Диплом/RL_VLA_Bootstrapping/RL_VLA_Bootstrapping/robots/cdpr/cdpr_dataset/wrappers/desk__plate-ycb_apple_wrapper/desk__plate-ycb_apple_wrapper.xml
reset_direct_sim,5,0.004561666999999936,,1,0,1,319.671875,,/Users/damirnurtdinov/Desktop/My Courses/Диплом/RL_VLA_Bootstrapping/RL_VLA_Bootstrapping/robots/cdpr/cdpr_dataset/wrappers/desk__plate-ycb_apple_wrapper/desk__plate-ycb_apple_wrapper.xml
reset_direct_sim,6,0.0045714169999999665,,1,0,1,319.671875,,/Users/damirnurtdinov/Desktop/My Courses/Диплом/RL_VLA_Bootstrapping/RL_VLA_Bootstrapping/robots/cdpr/cdpr_dataset/wrappers/desk__plate-ycb_apple_wrapper/desk__plate-ycb_apple_wrapper.xml
reset_direct_sim,7,0.004111709000000019,,1,0,1,319.671875,,/Users/damirnurtdinov/Desktop/My Courses/Диплом/RL_VLA_Bootstrapping/RL_VLA_Bootstrapping/robots/cdpr/cdpr_dataset/wrappers/desk__plate-ycb_apple_wrapper/desk__plate-ycb_apple_wrapper.xml
reset_direct_sim,8,0.004034416999999957,,1,0,1,319.671875,,/Users/damirnurtdinov/Desktop/My Courses/Диплом/RL_VLA_Bootstrapping/RL_VLA_Bootstrapping/robots/cdpr/cdpr_dataset/wrappers/desk__plate-ycb_apple_wrapper/desk__plate-ycb_apple_wrapper.xml
reset_direct_sim,9,0.003946333999999885,,1,0,1,319.671875,,/Users/damirnurtdinov/Desktop/My Courses/Диплом/RL_VLA_Bootstrapping/RL_VLA_Bootstrapping/robots/cdpr/cdpr_dataset/wrappers/desk__plate-ycb_apple_wrapper/desk__plate-ycb_apple_wrapper.xml
reset_direct_sim,10,0.004016291000000116,,1,0,1,319.671875,,/Users/damirnurtdinov/Desktop/My Courses/Диплом/RL_VLA_Bootstrapping/RL_VLA_Bootstrapping/robots/cdpr/cdpr_dataset/wrappers/desk__plate-ycb_apple_wrapper/desk__plate-ycb_apple_wrapper.xml
reset_direct_sim,11,0.0037620420000001875,,1,0,1,319.671875,,/Users/damirnurtdinov/Desktop/My Courses/Диплом/RL_VLA_Bootstrapping/RL_VLA_Bootstrapping/robots/cdpr/cdpr_dataset/wrappers/desk__plate-ycb_apple_wrapper/desk__plate-ycb_apple_wrapper.xml
reset_direct_sim,12,0.003670000000000062,,1,0,1,319.671875,,/Users/damirnurtdinov/Desktop/My Courses/Диплом/RL_VLA_Bootstrapping/RL_VLA_Bootstrapping/robots/cdpr/cdpr_dataset/wrappers/desk__plate-ycb_apple_wrapper/desk__plate-ycb_apple_wrapper.xml
reset_direct_sim,13,0.004128375000000073,,1,0,1,319.671875,,/Users/damirnurtdinov/Desktop/My Courses/Диплом/RL_VLA_Bootstrapping/RL_VLA_Bootstrapping/robots/cdpr/cdpr_dataset/wrappers/desk__plate-ycb_apple_wrapper/desk__plate-ycb_apple_wrapper.xml
reset_direct_sim,14,0.0037503749999998615,,1,0,1,319.671875,,/Users/damirnurtdinov/Desktop/My Courses/Диплом/RL_VLA_Bootstrapping/RL_VLA_Bootstrapping/robots/cdpr/cdpr_dataset/wrappers/desk__plate-ycb_apple_wrapper/desk__plate-ycb_apple_wrapper.xml
reset_direct_sim,15,0.003955291999999888,,1,0,1,319.671875,,/Users/damirnurtdinov/Desktop/My Courses/Диплом/RL_VLA_Bootstrapping/RL_VLA_Bootstrapping/robots/cdpr/cdpr_dataset/wrappers/desk__plate-ycb_apple_wrapper/desk__plate-ycb_apple_wrapper.xml
reset_direct_sim,16,0.003960167000000014,,1,0,1,319.671875,,/Users/damirnurtdinov/Desktop/My Courses/Диплом/RL_VLA_Bootstrapping/RL_VLA_Bootstrapping/robots/cdpr/cdpr_dataset/wrappers/desk__plate-ycb_apple_wrapper/desk__plate-ycb_apple_wrapper.xml
reset_direct_sim,17,0.003815874999999913,,1,0,1,319.671875,,/Users/damirnurtdinov/Desktop/My Courses/Диплом/RL_VLA_Bootstrapping/RL_VLA_Bootstrapping/robots/cdpr/cdpr_dataset/wrappers/desk__plate-ycb_apple_wrapper/desk__plate-ycb_apple_wrapper.xml
reset_direct_sim,18,0.00425929199999997,,1,0,1,319.671875,,/Users/damirnurtdinov/Desktop/My Courses/Диплом/RL_VLA_Bootstrapping/RL_VLA_Bootstrapping/robots/cdpr/cdpr_dataset/wrappers/desk__plate-ycb_apple_wrapper/desk__plate-ycb_apple_wrapper.xml
reset_direct_sim,19,0.004594916999999921,,1,0,1,319.671875,,/Users/damirnurtdinov/Desktop/My Courses/Диплом/RL_VLA_Bootstrapping/RL_VLA_Bootstrapping/robots/cdpr/cdpr_dataset/wrappers/desk__plate-ycb_apple_wrapper/desk__plate-ycb_apple_wrapper.xml
reset_direct_sim,20,0.0038121659999998947,,1,0,1,319.671875,,/Users/damirnurtdinov/Desktop/My Courses/Диплом/RL_VLA_Bootstrapping/RL_VLA_Bootstrapping/robots/cdpr/cdpr_dataset/wrappers/desk__plate-ycb_apple_wrapper/desk__plate-ycb_apple_wrapper.xml
reset_direct_sim,21,0.0034791249999999163,,1,0,1,319.671875,,/Users/damirnurtdinov/Desktop/My Courses/Диплом/RL_VLA_Bootstrapping/RL_VLA_Bootstrapping/robots/cdpr/cdpr_dataset/wrappers/desk__plate-ycb_apple_wrapper/desk__plate-ycb_apple_wrapper.xml
reset_direct_sim,22,0.003910250000000115,,1,0,1,319.671875,,/Users/damirnurtdinov/Desktop/My Courses/Диплом/RL_VLA_Bootstrapping/RL_VLA_Bootstrapping/robots/cdpr/cdpr_dataset/wrappers/desk__plate-ycb_apple_wrapper/desk__plate-ycb_apple_wrapper.xml
reset_direct_sim,23,0.00466058299999994,,1,0,1,319.671875,,/Users/damirnurtdinov/Desktop/My Courses/Диплом/RL_VLA_Bootstrapping/RL_VLA_Bootstrapping/robots/cdpr/cdpr_dataset/wrappers/desk__plate-ycb_apple_wrapper/desk__plate-ycb_apple_wrapper.xml
reset_direct_sim,24,0.0040129159999999775,,1,0,1,319.671875,,/Users/damirnurtdinov/Desktop/My Courses/Диплом/RL_VLA_Bootstrapping/RL_VLA_Bootstrapping/robots/cdpr/cdpr_dataset/wrappers/desk__plate-ycb_apple_wrapper/desk__plate-ycb_apple_wrapper.xml
reset_direct_sim,25,0.0037280840000000204,,1,0,1,319.671875,,/Users/damirnurtdinov/Desktop/My Courses/Диплом/RL_VLA_Bootstrapping/RL_VLA_Bootstrapping/robots/cdpr/cdpr_dataset/wrappers/desk__plate-ycb_apple_wrapper/desk__plate-ycb_apple_wrapper.xml
reset_direct_sim,26,0.003973790999999949,,1,0,1,319.671875,,/Users/damirnurtdinov/Desktop/My Courses/Диплом/RL_VLA_Bootstrapping/RL_VLA_Bootstrapping/robots/cdpr/cdpr_dataset/wrappers/desk__plate-ycb_apple_wrapper/desk__plate-ycb_apple_wrapper.xml
reset_direct_sim,27,0.004695791999999921,,1,0,1,319.671875,,/Users/damirnurtdinov/Desktop/My Courses/Диплом/RL_VLA_Bootstrapping/RL_VLA_Bootstrapping/robots/cdpr/cdpr_dataset/wrappers/desk__plate-ycb_apple_wrapper/desk__plate-ycb_apple_wrapper.xml
reset_direct_sim,28,0.004146625000000181,,1,0,1,319.671875,,/Users/damirnurtdinov/Desktop/My Courses/Диплом/RL_VLA_Bootstrapping/RL_VLA_Bootstrapping/robots/cdpr/cdpr_dataset/wrappers/desk__plate-ycb_apple_wrapper/desk__plate-ycb_apple_wrapper.xml
reset_direct_sim,29,0.003565166999999869,,1,0,1,319.671875,,/Users/damirnurtdinov/Desktop/My Courses/Диплом/RL_VLA_Bootstrapping/RL_VLA_Bootstrapping/robots/cdpr/cdpr_dataset/wrappers/desk__plate-ycb_apple_wrapper/desk__plate-ycb_apple_wrapper.xml
reset_direct_sim,30,0.004095083000000166,,1,0,1,319.671875,,/Users/damirnurtdinov/Desktop/My Courses/Диплом/RL_VLA_Bootstrapping/RL_VLA_Bootstrapping/robots/cdpr/cdpr_dataset/wrappers/desk__plate-ycb_apple_wrapper/desk__plate-ycb_apple_wrapper.xml
reset_direct_sim,31,0.003923707999999859,,1,0,1,319.671875,,/Users/damirnurtdinov/Desktop/My Courses/Диплом/RL_VLA_Bootstrapping/RL_VLA_Bootstrapping/robots/cdpr/cdpr_dataset/wrappers/desk__plate-ycb_apple_wrapper/desk__plate-ycb_apple_wrapper.xml
reset_direct_sim,32,0.004067958999999899,,1,0,1,319.671875,,/Users/damirnurtdinov/Desktop/My Courses/Диплом/RL_VLA_Bootstrapping/RL_VLA_Bootstrapping/robots/cdpr/cdpr_dataset/wrappers/desk__plate-ycb_apple_wrapper/desk__plate-ycb_apple_wrapper.xml
reset_direct_sim,33,0.0041119999999998935,,1,0,1,319.671875,,/Users/damirnurtdinov/Desktop/My Courses/Диплом/RL_VLA_Bootstrapping/RL_VLA_Bootstrapping/robots/cdpr/cdpr_dataset/wrappers/desk__plate-ycb_apple_wrapper/desk__plate-ycb_apple_wrapper.xml
reset_direct_sim,34,0.003995082999999955,,1,0,1,319.671875,,/Users/damirnurtdinov/Desktop/My Courses/Диплом/RL_VLA_Bootstrapping/RL_VLA_Bootstrapping/robots/cdpr/cdpr_dataset/wrappers/desk__plate-ycb_apple_wrapper/desk__plate-ycb_apple_wrapper.xml
reset_direct_sim,35,0.0037507920000001693,,1,0,1,319.671875,,/Users/damirnurtdinov/Desktop/My Courses/Диплом/RL_VLA_Bootstrapping/RL_VLA_Bootstrapping/robots/cdpr/cdpr_dataset/wrappers/desk__plate-ycb_apple_wrapper/desk__plate-ycb_apple_wrapper.xml
reset_direct_sim,36,0.004047416999999998,,1,0,1,319.671875,,/Users/damirnurtdinov/Desktop/My Courses/Диплом/RL_VLA_Bootstrapping/RL_VLA_Bootstrapping/robots/cdpr/cdpr_dataset/wrappers/desk__plate-ycb_apple_wrapper/desk__plate-ycb_apple_wrapper.xml
reset_direct_sim,37,0.003861290999999989,,1,0,1,319.671875,,/Users/damirnurtdinov/Desktop/My Courses/Диплом/RL_VLA_Bootstrapping/RL_VLA_Bootstrapping/robots/cdpr/cdpr_dataset/wrappers/desk__plate-ycb_apple_wrapper/desk__plate-ycb_apple_wrapper.xml
reset_direct_sim,38,0.004075625000000027,,1,0,1,319.671875,,/Users/damirnurtdinov/Desktop/My Courses/Диплом/RL_VLA_Bootstrapping/RL_VLA_Bootstrapping/robots/cdpr/cdpr_dataset/wrappers/desk__plate-ycb_apple_wrapper/desk__plate-ycb_apple_wrapper.xml
reset_direct_sim,39,0.004192750000000078,,1,0,1,319.671875,,/Users/damirnurtdinov/Desktop/My Courses/Диплом/RL_VLA_Bootstrapping/RL_VLA_Bootstrapping/robots/cdpr/cdpr_dataset/wrappers/desk__plate-ycb_apple_wrapper/desk__plate-ycb_apple_wrapper.xml
reset_direct_sim,40,0.003884375000000162,,1,0,1,319.671875,,/Users/damirnurtdinov/Desktop/My Courses/Диплом/RL_VLA_Bootstrapping/RL_VLA_Bootstrapping/robots/cdpr/cdpr_dataset/wrappers/desk__plate-ycb_apple_wrapper/desk__plate-ycb_apple_wrapper.xml
reset_direct_sim,41,0.003459291999999836,,1,0,1,319.671875,,/Users/damirnurtdinov/Desktop/My Courses/Диплом/RL_VLA_Bootstrapping/RL_VLA_Bootstrapping/robots/cdpr/cdpr_dataset/wrappers/desk__plate-ycb_apple_wrapper/desk__plate-ycb_apple_wrapper.xml
reset_direct_sim,42,0.003812874999999938,,1,0,1,319.671875,,/Users/damirnurtdinov/Desktop/My Courses/Диплом/RL_VLA_Bootstrapping/RL_VLA_Bootstrapping/robots/cdpr/cdpr_dataset/wrappers/desk__plate-ycb_apple_wrapper/desk__plate-ycb_apple_wrapper.xml
reset_direct_sim,43,0.0036227920000000413,,1,0,1,319.671875,,/Users/damirnurtdinov/Desktop/My Courses/Диплом/RL_VLA_Bootstrapping/RL_VLA_Bootstrapping/robots/cdpr/cdpr_dataset/wrappers/desk__plate-ycb_apple_wrapper/desk__plate-ycb_apple_wrapper.xml
reset_direct_sim,44,0.0035207500000000724,,1,0,1,319.671875,,/Users/damirnurtdinov/Desktop/My Courses/Диплом/RL_VLA_Bootstrapping/RL_VLA_Bootstrapping/robots/cdpr/cdpr_dataset/wrappers/desk__plate-ycb_apple_wrapper/desk__plate-ycb_apple_wrapper.xml
reset_direct_sim,45,0.0038302909999998747,,1,0,1,319.671875,,/Users/damirnurtdinov/Desktop/My Courses/Диплом/RL_VLA_Bootstrapping/RL_VLA_Bootstrapping/robots/cdpr/cdpr_dataset/wrappers/desk__plate-ycb_apple_wrapper/desk__plate-ycb_apple_wrapper.xml
reset_direct_sim,46,0.003999791999999891,,1,0,1,319.671875,,/Users/damirnurtdinov/Desktop/My Courses/Диплом/RL_VLA_Bootstrapping/RL_VLA_Bootstrapping/robots/cdpr/cdpr_dataset/wrappers/desk__plate-ycb_apple_wrapper/desk__plate-ycb_apple_wrapper.xml
reset_direct_sim,47,0.004008833999999961,,1,0,1,319.671875,,/Users/damirnurtdinov/Desktop/My Courses/Диплом/RL_VLA_Bootstrapping/RL_VLA_Bootstrapping/robots/cdpr/cdpr_dataset/wrappers/desk__plate-ycb_apple_wrapper/desk__plate-ycb_apple_wrapper.xml
reset_direct_sim,48,0.0039959169999999045,,1,0,1,319.671875,,/Users/damirnurtdinov/Desktop/My Courses/Диплом/RL_VLA_Bootstrapping/RL_VLA_Bootstrapping/robots/cdpr/cdpr_dataset/wrappers/desk__plate-ycb_apple_wrapper/desk__plate-ycb_apple_wrapper.xml
reset_direct_sim,49,0.00400866699999991,,1,0,1,319.671875,,/Users/damirnurtdinov/Desktop/My Courses/Диплом/RL_VLA_Bootstrapping/RL_VLA_Bootstrapping/robots/cdpr/cdpr_dataset/wrappers/desk__plate-ycb_apple_wrapper/desk__plate-ycb_apple_wrapper.xml
reset_direct_sim,50,0.003544459,,1,0,1,319.671875,,/Users/damirnurtdinov/Desktop/My Courses/Диплом/RL_VLA_Bootstrapping/RL_VLA_Bootstrapping/robots/cdpr/cdpr_dataset/wrappers/desk__plate-ycb_apple_wrapper/desk__plate-ycb_apple_wrapper.xml
reset_direct_sim,51,0.004022667000000091,,1,0,1,319.671875,,/Users/damirnurtdinov/Desktop/My Courses/Диплом/RL_VLA_Bootstrapping/RL_VLA_Bootstrapping/robots/cdpr/cdpr_dataset/wrappers/desk__plate-ycb_apple_wrapper/desk__plate-ycb_apple_wrapper.xml
reset_direct_sim,52,0.003575332999999903,,1,0,1,319.671875,,/Users/damirnurtdinov/Desktop/My Courses/Диплом/RL_VLA_Bootstrapping/RL_VLA_Bootstrapping/robots/cdpr/cdpr_dataset/wrappers/desk__plate-ycb_apple_wrapper/desk__plate-ycb_apple_wrapper.xml
reset_direct_sim,53,0.004264916999999979,,1,0,1,319.671875,,/Users/damirnurtdinov/Desktop/My Courses/Диплом/RL_VLA_Bootstrapping/RL_VLA_Bootstrapping/robots/cdpr/cdpr_dataset/wrappers/desk__plate-ycb_apple_wrapper/desk__plate-ycb_apple_wrapper.xml
reset_direct_sim,54,0.004049125000000098,,1,0,1,319.671875,,/Users/damirnurtdinov/Desktop/My Courses/Диплом/RL_VLA_Bootstrapping/RL_VLA_Bootstrapping/robots/cdpr/cdpr_dataset/wrappers/desk__plate-ycb_apple_wrapper/desk__plate-ycb_apple_wrapper.xml
reset_direct_sim,55,0.003662666999999953,,1,0,1,319.671875,,/Users/damirnurtdinov/Desktop/My Courses/Диплом/RL_VLA_Bootstrapping/RL_VLA_Bootstrapping/robots/cdpr/cdpr_dataset/wrappers/desk__plate-ycb_apple_wrapper/desk__plate-ycb_apple_wrapper.xml
reset_direct_sim,56,0.003957833000000299,,1,0,1,319.671875,,/Users/damirnurtdinov/Desktop/My Courses/Диплом/RL_VLA_Bootstrapping/RL_VLA_Bootstrapping/robots/cdpr/cdpr_dataset/wrappers/desk__plate-ycb_apple_wrapper/desk__plate-ycb_apple_wrapper.xml
reset_direct_sim,57,0.003816374999999983,,1,0,1,319.671875,,/Users/damirnurtdinov/Desktop/My Courses/Диплом/RL_VLA_Bootstrapping/RL_VLA_Bootstrapping/robots/cdpr/cdpr_dataset/wrappers/desk__plate-ycb_apple_wrapper/desk__plate-ycb_apple_wrapper.xml
reset_direct_sim,58,0.003917207999999839,,1,0,1,319.671875,,/Users/damirnurtdinov/Desktop/My Courses/Диплом/RL_VLA_Bootstrapping/RL_VLA_Bootstrapping/robots/cdpr/cdpr_dataset/wrappers/desk__plate-ycb_apple_wrapper/desk__plate-ycb_apple_wrapper.xml
reset_direct_sim,59,0.005395707999999999,,1,0,1,319.671875,,/Users/damirnurtdinov/Desktop/My Courses/Диплом/RL_VLA_Bootstrapping/RL_VLA_Bootstrapping/robots/cdpr/cdpr_dataset/wrappers/desk__plate-ycb_apple_wrapper/desk__plate-ycb_apple_wrapper.xml
reset_direct_sim,60,0.0035609170000001633,,1,0,1,319.671875,,/Users/damirnurtdinov/Desktop/My Courses/Диплом/RL_VLA_Bootstrapping/RL_VLA_Bootstrapping/robots/cdpr/cdpr_dataset/wrappers/desk__plate-ycb_apple_wrapper/desk__plate-ycb_apple_wrapper.xml
reset_direct_sim,61,0.004044209000000354,,1,0,1,319.671875,,/Users/damirnurtdinov/Desktop/My Courses/Диплом/RL_VLA_Bootstrapping/RL_VLA_Bootstrapping/robots/cdpr/cdpr_dataset/wrappers/desk__plate-ycb_apple_wrapper/desk__plate-ycb_apple_wrapper.xml
reset_direct_sim,62,0.003565207999999931,,1,0,1,319.671875,,/Users/damirnurtdinov/Desktop/My Courses/Диплом/RL_VLA_Bootstrapping/RL_VLA_Bootstrapping/robots/cdpr/cdpr_dataset/wrappers/desk__plate-ycb_apple_wrapper/desk__plate-ycb_apple_wrapper.xml
reset_direct_sim,63,0.004712124999999734,,1,0,1,319.671875,,/Users/damirnurtdinov/Desktop/My Courses/Диплом/RL_VLA_Bootstrapping/RL_VLA_Bootstrapping/robots/cdpr/cdpr_dataset/wrappers/desk__plate-ycb_apple_wrapper/desk__plate-ycb_apple_wrapper.xml
reset_direct_sim,64,0.0039402499999998675,,1,0,1,319.671875,,/Users/damirnurtdinov/Desktop/My Courses/Диплом/RL_VLA_Bootstrapping/RL_VLA_Bootstrapping/robots/cdpr/cdpr_dataset/wrappers/desk__plate-ycb_apple_wrapper/desk__plate-ycb_apple_wrapper.xml
reset_direct_sim,65,0.0037173749999999117,,1,0,1,319.671875,,/Users/damirnurtdinov/Desktop/My Courses/Диплом/RL_VLA_Bootstrapping/RL_VLA_Bootstrapping/robots/cdpr/cdpr_dataset/wrappers/desk__plate-ycb_apple_wrapper/desk__plate-ycb_apple_wrapper.xml
reset_direct_sim,66,0.003590083999999827,,1,0,1,319.671875,,/Users/damirnurtdinov/Desktop/My Courses/Диплом/RL_VLA_Bootstrapping/RL_VLA_Bootstrapping/robots/cdpr/cdpr_dataset/wrappers/desk__plate-ycb_apple_wrapper/desk__plate-ycb_apple_wrapper.xml
reset_direct_sim,67,0.00397874999999992,,1,0,1,319.671875,,/Users/damirnurtdinov/Desktop/My Courses/Диплом/RL_VLA_Bootstrapping/RL_VLA_Bootstrapping/robots/cdpr/cdpr_dataset/wrappers/desk__plate-ycb_apple_wrapper/desk__plate-ycb_apple_wrapper.xml
reset_direct_sim,68,0.003928999999999849,,1,0,1,319.671875,,/Users/damirnurtdinov/Desktop/My Courses/Диплом/RL_VLA_Bootstrapping/RL_VLA_Bootstrapping/robots/cdpr/cdpr_dataset/wrappers/desk__plate-ycb_apple_wrapper/desk__plate-ycb_apple_wrapper.xml
reset_direct_sim,69,0.003639082999999932,,1,0,1,319.671875,,/Users/damirnurtdinov/Desktop/My Courses/Диплом/RL_VLA_Bootstrapping/RL_VLA_Bootstrapping/robots/cdpr/cdpr_dataset/wrappers/desk__plate-ycb_apple_wrapper/desk__plate-ycb_apple_wrapper.xml
reset_direct_sim,70,0.00397033300000027,,1,0,1,319.671875,,/Users/damirnurtdinov/Desktop/My Courses/Диплом/RL_VLA_Bootstrapping/RL_VLA_Bootstrapping/robots/cdpr/cdpr_dataset/wrappers/desk__plate-ycb_apple_wrapper/desk__plate-ycb_apple_wrapper.xml
reset_direct_sim,71,0.003749334000000104,,1,0,1,319.671875,,/Users/damirnurtdinov/Desktop/My Courses/Диплом/RL_VLA_Bootstrapping/RL_VLA_Bootstrapping/robots/cdpr/cdpr_dataset/wrappers/desk__plate-ycb_apple_wrapper/desk__plate-ycb_apple_wrapper.xml
reset_direct_sim,72,0.0037669579999999314,,1,0,1,319.671875,,/Users/damirnurtdinov/Desktop/My Courses/Диплом/RL_VLA_Bootstrapping/RL_VLA_Bootstrapping/robots/cdpr/cdpr_dataset/wrappers/desk__plate-ycb_apple_wrapper/desk__plate-ycb_apple_wrapper.xml
reset_direct_sim,73,0.0035947090000001403,,1,0,1,319.671875,,/Users/damirnurtdinov/Desktop/My Courses/Диплом/RL_VLA_Bootstrapping/RL_VLA_Bootstrapping/robots/cdpr/cdpr_dataset/wrappers/desk__plate-ycb_apple_wrapper/desk__plate-ycb_apple_wrapper.xml
reset_direct_sim,74,0.0034257920000002606,,1,0,1,319.671875,,/Users/damirnurtdinov/Desktop/My Courses/Диплом/RL_VLA_Bootstrapping/RL_VLA_Bootstrapping/robots/cdpr/cdpr_dataset/wrappers/desk__plate-ycb_apple_wrapper/desk__plate-ycb_apple_wrapper.xml
reset_direct_sim,75,0.003973542000000219,,1,0,1,319.671875,,/Users/damirnurtdinov/Desktop/My Courses/Диплом/RL_VLA_Bootstrapping/RL_VLA_Bootstrapping/robots/cdpr/cdpr_dataset/wrappers/desk__plate-ycb_apple_wrapper/desk__plate-ycb_apple_wrapper.xml
reset_direct_sim,76,0.003825333999999625,,1,0,1,319.671875,,/Users/damirnurtdinov/Desktop/My Courses/Диплом/RL_VLA_Bootstrapping/RL_VLA_Bootstrapping/robots/cdpr/cdpr_dataset/wrappers/desk__plate-ycb_apple_wrapper/desk__plate-ycb_apple_wrapper.xml
reset_direct_sim,77,0.003974208000000257,,1,0,1,319.671875,,/Users/damirnurtdinov/Desktop/My Courses/Диплом/RL_VLA_Bootstrapping/RL_VLA_Bootstrapping/robots/cdpr/cdpr_dataset/wrappers/desk__plate-ycb_apple_wrapper/desk__plate-ycb_apple_wrapper.xml
reset_direct_sim,78,0.0037337920000002356,,1,0,1,319.671875,,/Users/damirnurtdinov/Desktop/My Courses/Диплом/RL_VLA_Bootstrapping/RL_VLA_Bootstrapping/robots/cdpr/cdpr_dataset/wrappers/desk__plate-ycb_apple_wrapper/desk__plate-ycb_apple_wrapper.xml
reset_direct_sim,79,0.004093542000000117,,1,0,1,319.671875,,/Users/damirnurtdinov/Desktop/My Courses/Диплом/RL_VLA_Bootstrapping/RL_VLA_Bootstrapping/robots/cdpr/cdpr_dataset/wrappers/desk__plate-ycb_apple_wrapper/desk__plate-ycb_apple_wrapper.xml
reset_direct_sim,80,0.003501333999999634,,1,0,1,319.671875,,/Users/damirnurtdinov/Desktop/My Courses/Диплом/RL_VLA_Bootstrapping/RL_VLA_Bootstrapping/robots/cdpr/cdpr_dataset/wrappers/desk__plate-ycb_apple_wrapper/desk__plate-ycb_apple_wrapper.xml
reset_direct_sim,81,0.003722666999999902,,1,0,1,319.671875,,/Users/damirnurtdinov/Desktop/My Courses/Диплом/RL_VLA_Bootstrapping/RL_VLA_Bootstrapping/robots/cdpr/cdpr_dataset/wrappers/desk__plate-ycb_apple_wrapper/desk__plate-ycb_apple_wrapper.xml
reset_direct_sim,82,0.0038703749999999815,,1,0,1,319.671875,,/Users/damirnurtdinov/Desktop/My Courses/Диплом/RL_VLA_Bootstrapping/RL_VLA_Bootstrapping/robots/cdpr/cdpr_dataset/wrappers/desk__plate-ycb_apple_wrapper/desk__plate-ycb_apple_wrapper.xml
reset_direct_sim,83,0.003942749999999773,,1,0,1,319.671875,,/Users/damirnurtdinov/Desktop/My Courses/Диплом/RL_VLA_Bootstrapping/RL_VLA_Bootstrapping/robots/cdpr/cdpr_dataset/wrappers/desk__plate-ycb_apple_wrapper/desk__plate-ycb_apple_wrapper.xml
reset_direct_sim,84,0.0039279999999997095,,1,0,1,319.671875,,/Users/damirnurtdinov/Desktop/My Courses/Диплом/RL_VLA_Bootstrapping/RL_VLA_Bootstrapping/robots/cdpr/cdpr_dataset/wrappers/desk__plate-ycb_apple_wrapper/desk__plate-ycb_apple_wrapper.xml
reset_direct_sim,85,0.0036975000000003533,,1,0,1,319.671875,,/Users/damirnurtdinov/Desktop/My Courses/Диплом/RL_VLA_Bootstrapping/RL_VLA_Bootstrapping/robots/cdpr/cdpr_dataset/wrappers/desk__plate-ycb_apple_wrapper/desk__plate-ycb_apple_wrapper.xml
reset_direct_sim,86,0.0038818330000003343,,1,0,1,319.671875,,/Users/damirnurtdinov/Desktop/My Courses/Диплом/RL_VLA_Bootstrapping/RL_VLA_Bootstrapping/robots/cdpr/cdpr_dataset/wrappers/desk__plate-ycb_apple_wrapper/desk__plate-ycb_apple_wrapper.xml
reset_direct_sim,87,0.0038969589999999776,,1,0,1,319.671875,,/Users/damirnurtdinov/Desktop/My Courses/Диплом/RL_VLA_Bootstrapping/RL_VLA_Bootstrapping/robots/cdpr/cdpr_dataset/wrappers/desk__plate-ycb_apple_wrapper/desk__plate-ycb_apple_wrapper.xml
reset_direct_sim,88,0.0040641670000001184,,1,0,1,319.671875,,/Users/damirnurtdinov/Desktop/My Courses/Диплом/RL_VLA_Bootstrapping/RL_VLA_Bootstrapping/robots/cdpr/cdpr_dataset/wrappers/desk__plate-ycb_apple_wrapper/desk__plate-ycb_apple_wrapper.xml
reset_direct_sim,89,0.0037366669999996383,,1,0,1,319.671875,,/Users/damirnurtdinov/Desktop/My Courses/Диплом/RL_VLA_Bootstrapping/RL_VLA_Bootstrapping/robots/cdpr/cdpr_dataset/wrappers/desk__plate-ycb_apple_wrapper/desk__plate-ycb_apple_wrapper.xml
reset_direct_sim,90,0.003996165999999857,,1,0,1,319.671875,,/Users/damirnurtdinov/Desktop/My Courses/Диплом/RL_VLA_Bootstrapping/RL_VLA_Bootstrapping/robots/cdpr/cdpr_dataset/wrappers/desk__plate-ycb_apple_wrapper/desk__plate-ycb_apple_wrapper.xml
reset_direct_sim,91,0.0038455000000001682,,1,0,1,319.671875,,/Users/damirnurtdinov/Desktop/My Courses/Диплом/RL_VLA_Bootstrapping/RL_VLA_Bootstrapping/robots/cdpr/cdpr_dataset/wrappers/desk__plate-ycb_apple_wrapper/desk__plate-ycb_apple_wrapper.xml
reset_direct_sim,92,0.003601917000000121,,1,0,1,319.671875,,/Users/damirnurtdinov/Desktop/My Courses/Диплом/RL_VLA_Bootstrapping/RL_VLA_Bootstrapping/robots/cdpr/cdpr_dataset/wrappers/desk__plate-ycb_apple_wrapper/desk__plate-ycb_apple_wrapper.xml
reset_direct_sim,93,0.003940041999999977,,1,0,1,319.671875,,/Users/damirnurtdinov/Desktop/My Courses/Диплом/RL_VLA_Bootstrapping/RL_VLA_Bootstrapping/robots/cdpr/cdpr_dataset/wrappers/desk__plate-ycb_apple_wrapper/desk__plate-ycb_apple_wrapper.xml
reset_direct_sim,94,0.003803041999999923,,1,0,1,319.671875,,/Users/damirnurtdinov/Desktop/My Courses/Диплом/RL_VLA_Bootstrapping/RL_VLA_Bootstrapping/robots/cdpr/cdpr_dataset/wrappers/desk__plate-ycb_apple_wrapper/desk__plate-ycb_apple_wrapper.xml
reset_direct_sim,95,0.0038867080000000165,,1,0,1,319.671875,,/Users/damirnurtdinov/Desktop/My Courses/Диплом/RL_VLA_Bootstrapping/RL_VLA_Bootstrapping/robots/cdpr/cdpr_dataset/wrappers/desk__plate-ycb_apple_wrapper/desk__plate-ycb_apple_wrapper.xml
reset_direct_sim,96,0.003910541000000212,,1,0,1,319.671875,,/Users/damirnurtdinov/Desktop/My Courses/Диплом/RL_VLA_Bootstrapping/RL_VLA_Bootstrapping/robots/cdpr/cdpr_dataset/wrappers/desk__plate-ycb_apple_wrapper/desk__plate-ycb_apple_wrapper.xml
reset_direct_sim,97,0.003846416000000019,,1,0,1,319.671875,,/Users/damirnurtdinov/Desktop/My Courses/Диплом/RL_VLA_Bootstrapping/RL_VLA_Bootstrapping/robots/cdpr/cdpr_dataset/wrappers/desk__plate-ycb_apple_wrapper/desk__plate-ycb_apple_wrapper.xml
reset_direct_sim,98,0.003885458000000064,,1,0,1,319.671875,,/Users/damirnurtdinov/Desktop/My Courses/Диплом/RL_VLA_Bootstrapping/RL_VLA_Bootstrapping/robots/cdpr/cdpr_dataset/wrappers/desk__plate-ycb_apple_wrapper/desk__plate-ycb_apple_wrapper.xml
reset_direct_sim,99,0.0039140420000003395,,1,0,1,319.671875,,/Users/damirnurtdinov/Desktop/My Courses/Диплом/RL_VLA_Bootstrapping/RL_VLA_Bootstrapping/robots/cdpr/cdpr_dataset/wrappers/desk__plate-ycb_apple_wrapper/desk__plate-ycb_apple_wrapper.xml
step_no_render_direct_sim,0,0.00014829199999999432,6743.452108003387,,,,319.671875,,
step_no_render_direct_sim,1,0.00041662500000017033,2400.240024001419,,,,319.671875,,
step_no_render_direct_sim,2,0.00015954099999992977,6267.981271274721,,,,319.671875,,
step_no_render_direct_sim,3,0.0002470830000000923,4047.2229979384515,,,,319.671875,,
step_no_render_direct_sim,4,0.00016533299999998974,6048.399291127978,,,,319.671875,,
step_no_render_direct_sim,5,0.00015699999999974068,6369.426751602878,,,,319.671875,,
step_no_render_direct_sim,6,0.00016020799999960644,6241.885548801911,,,,319.671875,,
step_no_render_direct_sim,7,0.0013960000000001749,716.332378223406,,,,319.671875,,
step_no_render_direct_sim,8,0.0008349999999999191,1197.6047904192776,,,,319.671875,,
step_no_render_direct_sim,9,0.0009391249999999296,1064.8209769733262,,,,319.671875,,
step_no_render_direct_sim,10,0.0003115000000000201,3210.272873194014,,,,319.671875,,
step_no_render_direct_sim,11,0.00027175000000001504,3679.852805887561,,,,319.671875,,
step_no_render_direct_sim,12,0.00028829099999994057,3468.717372377931,,,,319.671875,,
step_no_render_direct_sim,13,0.00031999999999987594,3125.0000000012114,,,,319.671875,,
step_no_render_direct_sim,14,0.00030629200000031886,3264.8583704404914,,,,319.671875,,
step_no_render_direct_sim,15,0.0004229589999997785,2364.2953572344454,,,,319.671875,,
step_no_render_direct_sim,16,0.000239667000000221,4172.455949292467,,,,319.671875,,
step_no_render_direct_sim,17,0.0002334159999999308,4284.196456113962,,,,319.671875,,
step_no_render_direct_sim,18,0.0006393340000001579,1564.1276703565788,,,,319.671875,,
step_no_render_direct_sim,19,0.0002666669999999982,3749.9953125058846,,,,319.671875,,
step_no_render_direct_sim,20,0.0002599580000000046,3846.7752483092745,,,,319.671875,,
step_no_render_direct_sim,21,0.00027004199999991485,3703.1276616241744,,,,319.671875,,
step_no_render_direct_sim,22,0.0002511670000000521,3981.4147559185426,,,,319.671875,,
step_no_render_direct_sim,23,0.00027079200000024173,3692.8712812753233,,,,319.671875,,
step_no_render_direct_sim,24,0.0002627920000000117,3805.2908764344256,,,,319.671875,,
step_no_render_direct_sim,25,0.00048379199999981637,2067.004001720532,,,,319.671875,,
step_no_render_direct_sim,26,0.00026062500000012534,3836.9304556336465,,,,319.671875,,
step_no_render_direct_sim,27,0.00024208399999992025,4130.7975743970255,,,,319.671875,,
step_no_render_direct_sim,28,0.00029287499999997024,3414.4259496375644,,,,319.671875,,
step_no_render_direct_sim,29,0.00023454100000019906,4263.64686770821,,,,319.671875,,
step_no_render_direct_sim,30,0.0002044580000002405,4890.980054577584,,,,319.671875,,
step_no_render_direct_sim,31,0.00024804199999994836,4031.575297732675,,,,319.671875,,
step_no_render_direct_sim,32,0.00024595799999982404,4065.734800253358,,,,319.671875,,
step_no_render_direct_sim,33,0.0002325410000003636,4300.316933351264,,,,319.671875,,
step_no_render_direct_sim,34,0.00022291699999987813,4485.974600414265,,,,319.671875,,
step_no_render_direct_sim,35,0.00024141599999971675,4142.2275242783135,,,,319.671875,,
step_no_render_direct_sim,36,0.00024399999999991095,4098.3606557392,,,,319.671875,,
step_no_render_direct_sim,37,0.00025033299999988046,3994.6790874574167,,,,319.671875,,
step_no_render_direct_sim,38,0.00020704099999990788,4829.961215413589,,,,319.671875,,
step_no_render_direct_sim,39,0.0001895410000001263,5275.903366550422,,,,319.671875,,
step_no_render_direct_sim,40,0.00030200000000002447,3311.258278145427,,,,319.671875,,
step_no_render_direct_sim,41,0.00043370800000008813,2305.6987650672727,,,,319.671875,,
step_no_render_direct_sim,42,0.00032620799999971695,3065.5287424001485,,,,319.671875,,
step_no_render_direct_sim,43,0.0002844999999997988,3514.9384885789354,,,,319.671875,,
step_no_render_direct_sim,44,0.00030375000000004704,3292.181069958338,,,,319.671875,,
step_no_render_direct_sim,45,0.00031683399999993256,3156.226920091319,,,,319.671875,,
step_no_render_direct_sim,46,0.00033599999999989194,2976.1904761914334,,,,319.671875,,
step_no_render_direct_sim,47,0.0002847500000000558,3511.8525021942196,,,,319.671875,,
step_no_render_direct_sim,48,0.00029212499999964336,3423.192126662288,,,,319.671875,,
step_no_render_direct_sim,49,0.0002998750000000605,3334.72280116648,,,,319.671875,,
step_no_render_direct_sim,50,0.0003103750000001959,3221.9089810692512,,,,319.671875,,
step_no_render_direct_sim,51,0.0003007500000000718,3325.02078137909,,,,319.671875,,
step_no_render_direct_sim,52,0.00025941700000009504,3854.7974882125445,,,,319.671875,,
step_no_render_direct_sim,53,0.0002782919999999578,3593.3479941936944,,,,319.671875,,
step_no_render_direct_sim,54,0.0002511250000001297,3982.080637130845,,,,319.671875,,
step_no_render_direct_sim,55,0.00024937500000010715,4010.0250626549187,,,,319.671875,,
step_no_render_direct_sim,56,0.000292082999999721,3423.684363694413,,,,319.671875,,
step_no_render_direct_sim,57,0.0002452500000003077,4077.4719673751083,,,,319.671875,,
step_no_render_direct_sim,58,0.00023554100000033884,4245.545361523308,,,,319.671875,,
step_no_render_direct_sim,59,0.0002607910000000935,3834.488153347476,,,,319.671875,,
step_no_render_direct_sim,60,0.000254458000000124,3929.9216373606364,,,,319.671875,,
step_no_render_direct_sim,61,0.0002256250000001181,4432.1329639866,,,,319.671875,,
step_no_render_direct_sim,62,0.00026604199999979983,3758.805000717001,,,,319.671875,,
step_no_render_direct_sim,63,0.0002624170000000703,3810.7287256531863,,,,319.671875,,
step_no_render_direct_sim,64,0.00024358300000004718,4105.376812009895,,,,319.671875,,
step_no_render_direct_sim,65,0.0002634580000000497,3795.671416316116,,,,319.671875,,
step_no_render_direct_sim,66,0.0002642499999998549,3784.2951750257303,,,,319.671875,,
step_no_render_direct_sim,67,0.0002578330000000406,3878.4794809036953,,,,319.671875,,
step_no_render_direct_sim,68,0.000256000000000256,3906.2499999960933,,,,319.671875,,
step_no_render_direct_sim,69,0.0002764170000002508,3617.7224989747106,,,,319.671875,,
step_no_render_direct_sim,70,0.0002300000000001745,4347.826086953223,,,,319.671875,,
step_no_render_direct_sim,71,0.00024533299999962566,4076.092494697109,,,,319.671875,,
step_no_render_direct_sim,72,0.00024866699999970265,4021.442330511068,,,,319.671875,,
step_no_render_direct_sim,73,0.0002641250000001705,3786.0861334570927,,,,319.671875,,
step_no_render_direct_sim,74,0.0002457920000003,4068.480666574907,,,,319.671875,,
step_no_render_direct_sim,75,0.0002392090000000735,4180.444715707573,,,,319.671875,,
step_no_render_direct_sim,76,0.00023324999999996265,4287.245444802401,,,,319.671875,,
step_no_render_direct_sim,77,0.0002648330000001309,3775.9644757243464,,,,319.671875,,
step_no_render_direct_sim,78,0.0002686250000003554,3722.6617031128044,,,,319.671875,,
step_no_render_direct_sim,79,0.00026920900000027004,3714.5860650981094,,,,319.671875,,
step_no_render_direct_sim,80,0.00023291700000038773,4293.374893195152,,,,319.671875,,
step_no_render_direct_sim,81,0.00027137500000007364,3684.9378166733436,,,,319.671875,,
step_no_render_direct_sim,82,0.00024308400000006003,4113.80428164648,,,,319.671875,,
step_no_render_direct_sim,83,0.00025362500000003507,3942.8289797924563,,,,319.671875,,
step_no_render_direct_sim,84,0.0002599589999996432,3846.7604506917337,,,,319.671875,,
step_no_render_direct_sim,85,0.00023545900000021547,4247.0238979995875,,,,319.671875,,
step_no_render_direct_sim,86,0.00022520799999981023,4440.339597176134,,,,319.671875,,
step_no_render_direct_sim,87,0.0002564170000001198,3899.897432695698,,,,319.671875,,
step_no_render_direct_sim,88,0.0002559589999999723,3906.8757105634427,,,,319.671875,,
step_no_render_direct_sim,89,0.00023379199999995492,4277.306323570493,,,,319.671875,,
step_no_render_direct_sim,90,0.00025083299999995035,3986.716261417748,,,,319.671875,,
step_no_render_direct_sim,91,0.00023954200000009251,4174.633258466632,,,,319.671875,,
step_no_render_direct_sim,92,0.00023591699999991889,4238.778892578084,,,,319.671875,,
step_no_render_direct_sim,93,0.0002740000000001075,3649.6350364949185,,,,319.671875,,
step_no_render_direct_sim,94,0.00024708400000017505,4047.2066179893945,,,,319.671875,,
step_no_render_direct_sim,95,0.0002457500000003776,4069.1759918553953,,,,319.671875,,
step_no_render_direct_sim,96,0.00025683299999990084,3893.580653577952,,,,319.671875,,
step_no_render_direct_sim,97,0.00025941700000009504,3854.7974882125445,,,,319.671875,,
step_no_render_direct_sim,98,0.0002534999999999066,3944.77317554386,,,,319.671875,,
step_no_render_direct_sim,99,0.00025695900000011207,3891.671433962476,,,,319.671875,,
step_no_render_direct_sim,100,0.00023287500000002126,4294.149221685062,,,,319.671875,,
step_no_render_direct_sim,101,0.00029324999999991164,3410.059676045358,,,,319.671875,,
step_no_render_direct_sim,102,0.0002512920000001806,3979.4342836193805,,,,319.671875,,
step_no_render_direct_sim,103,0.000232666000000048,4298.006584545201,,,,319.671875,,
step_no_render_direct_sim,104,0.0002619589999999228,3817.391271154245,,,,319.671875,,
step_no_render_direct_sim,105,0.0002709589999998485,3690.595256110921,,,,319.671875,,
step_no_render_direct_sim,106,0.00029741699999963345,3362.2825864064007,,,,319.671875,,
step_no_render_direct_sim,107,0.0002502920000000408,3995.3334505291295,,,,319.671875,,
step_no_render_direct_sim,108,0.0002467500000000733,4052.6849037475295,,,,319.671875,,
step_no_render_direct_sim,109,0.000257541999999944,3882.8618244799586,,,,319.671875,,
step_no_render_direct_sim,110,0.00024908300000037187,4014.726015017111,,,,319.671875,,
step_no_render_direct_sim,111,0.00027404200000002987,3649.075689127546,,,,319.671875,,
step_no_render_direct_sim,112,0.00025891700000002515,3862.241567760722,,,,319.671875,,
step_no_render_direct_sim,113,0.0002696659999998907,3708.29099701262,,,,319.671875,,
step_no_render_direct_sim,114,0.00024216700000012636,4129.381790250027,,,,319.671875,,
step_no_render_direct_sim,115,0.00021775000000001654,4592.422502869915,,,,319.671875,,
step_no_render_direct_sim,116,0.00023129200000004957,4323.539076145244,,,,319.671875,,
step_no_render_direct_sim,117,0.0002868340000001801,3486.337045117985,,,,319.671875,,
step_no_render_direct_sim,118,0.0002446670000000317,4087.1878921140583,,,,319.671875,,
step_no_render_direct_sim,119,0.0002418330000000246,4135.084955319986,,,,319.671875,,
step_no_render_direct_sim,120,0.0002592910000003279,3856.6706904548764,,,,319.671875,,
step_no_render_direct_sim,121,0.0002548340000001481,3924.123154678806,,,,319.671875,,
step_no_render_direct_sim,122,0.0002384159999997415,4194.349372529881,,,,319.671875,,
step_no_render_direct_sim,123,0.0002690410000001364,3716.9056017465477,,,,319.671875,,
step_no_render_direct_sim,124,0.00026112500000019523,3829.583532787946,,,,319.671875,,
step_no_render_direct_sim,125,0.00028154199999974594,3551.867927346195,,,,319.671875,,
step_no_render_direct_sim,126,0.00029229200000013833,3421.2362979470076,,,,319.671875,,
step_no_render_direct_sim,127,0.0006202499999998778,1612.2531237407447,,,,319.671875,,
step_no_render_direct_sim,128,0.00027508399999964794,3635.2532317447753,,,,319.671875,,
step_no_render_direct_sim,129,0.0002743750000000489,3644.646924828508,,,,319.671875,,
step_no_render_direct_sim,130,0.0003090839999999595,3235.366437603147,,,,319.671875,,
step_no_render_direct_sim,131,0.0002747080000000679,3640.228897592181,,,,319.671875,,
step_no_render_direct_sim,132,0.00027504200000016965,3635.8083492680507,,,,319.671875,,
step_no_render_direct_sim,133,0.00026020800000026156,3843.079382643865,,,,319.671875,,
step_no_render_direct_sim,134,0.0002452920000002301,4076.773804278419,,,,319.671875,,
step_no_render_direct_sim,135,0.00027124999999994515,3686.6359447012064,,,,319.671875,,
step_no_render_direct_sim,136,0.00027795800000030013,3597.6658344027524,,,,319.671875,,
step_no_render_direct_sim,137,0.0003821249999997889,2616.944717044298,,,,319.671875,,
step_no_render_direct_sim,138,0.0002601659999998951,3843.699791673021,,,,319.671875,,
step_no_render_direct_sim,139,0.00026075000000025383,3835.0910834094975,,,,319.671875,,
step_no_render_direct_sim,140,0.00027233299999984695,3671.9751186986596,,,,319.671875,,
step_no_render_direct_sim,141,0.00026475000000036886,3777.1482530636704,,,,319.671875,,
step_no_render_direct_sim,142,0.00026941700000016056,3711.7182657345456,,,,319.671875,,
step_no_render_direct_sim,143,0.0002731670000000186,3660.7642943691294,,,,319.671875,,
step_no_render_direct_sim,144,0.00023825000000021745,4197.271773343493,,,,319.671875,,
step_no_render_direct_sim,145,0.00027087500000000375,3691.739732348818,,,,319.671875,,
step_no_render_direct_sim,146,0.0002686669999998337,3722.0797492830125,,,,319.671875,,
step_no_render_direct_sim,147,0.0002517920000002505,3971.532058202823,,,,319.671875,,
step_no_render_direct_sim,148,0.00025108299999976325,3982.7467411212347,,,,319.671875,,
step_no_render_direct_sim,149,0.00042795799999995054,2336.677898298701,,,,319.671875,,
step_no_render_direct_sim,150,0.00027129199999986753,3686.065199123042,,,,319.671875,,
step_no_render_direct_sim,151,0.00031241699999995376,3200.850145799198,,,,319.671875,,
step_no_render_direct_sim,152,0.00025387499999984797,3938.946331858587,,,,319.671875,,
step_no_render_direct_sim,153,0.00026075000000025383,3835.0910834094975,,,,319.671875,,
step_no_render_direct_sim,154,0.0002469170000001242,4049.9439082748336,,,,319.671875,,
step_no_render_direct_sim,155,0.00026087499999993824,3833.253473886868,,,,319.671875,,
step_no_render_direct_sim,156,0.0003370839999998765,2966.6195963034925,,,,319.671875,,
step_no_render_direct_sim,157,0.0003552500000001402,2814.9190710755956,,,,319.671875,,
step_no_render_direct_sim,158,0.0002726250000000263,3668.0421824847444,,,,319.671875,,
step_no_render_direct_sim,159,0.0003388749999997387,2950.9406123224526,,,,319.671875,,
step_no_render_direct_sim,160,0.0002564999999998818,3898.635477584642,,,,319.671875,,
step_no_render_direct_sim,161,0.0003014999999999546,3316.7495854068015,,,,319.671875,,
step_no_render_direct_sim,162,0.00028508399999971346,3507.738070186349,,,,319.671875,,
step_no_render_direct_sim,163,0.00028299999999958914,3533.5689045987697,,,,319.671875,,
step_no_render_direct_sim,164,0.0002694580000000002,3711.1535007310945,,,,319.671875,,
step_no_render_direct_sim,165,0.00026866700000027777,3722.0797492768597,,,,319.671875,,
step_no_render_direct_sim,166,0.0002924579999996624,3419.2943944127173,,,,319.671875,,
step_no_render_direct_sim,167,0.0002687500000000398,3720.9302325575886,,,,319.671875,,
step_no_render_direct_sim,168,0.00026416700000009286,3785.4841823530132,,,,319.671875,,
step_no_render_direct_sim,169,0.0013260840000004492,754.1000419277069,,,,319.671875,,
step_no_render_direct_sim,170,0.00028183300000073075,3548.200530091959,,,,319.671875,,
step_no_render_direct_sim,171,0.00026545800000032926,3767.07426409737,,,,319.671875,,
step_no_render_direct_sim,172,0.00028045899999984414,3565.583561235531,,,,319.671875,,
step_no_render_direct_sim,173,0.00026145799999977015,3824.70607134178,,,,319.671875,,
step_no_render_direct_sim,174,0.0005819589999997987,1718.334109448167,,,,319.671875,,
step_no_render_direct_sim,175,0.00032233400000070134,3102.3720736807913,,,,319.671875,,
step_no_render_direct_sim,176,0.00029745800000036127,3361.819147573054,,,,319.671875,,
step_no_render_direct_sim,177,0.00031483300000001435,3176.2871109443877,,,,319.671875,,
step_no_render_direct_sim,178,0.00030312499999940457,3298.9690721714287,,,,319.671875,,
step_no_render_direct_sim,179,0.00026599999999987745,3759.3984962423337,,,,319.671875,,
step_no_render_direct_sim,180,0.00025566699999934883,3911.33779487594,,,,319.671875,,
step_no_render_direct_sim,181,0.00027133300000059535,3685.508213146966,,,,319.671875,,
step_no_render_direct_sim,182,0.0002832919999997685,3529.926718724204,,,,319.671875,,
step_no_render_direct_sim,183,0.0002684999999997828,3724.3947858503125,,,,319.671875,,
step_no_render_direct_sim,184,0.00024020800000013054,4163.058682472926,,,,319.671875,,
step_no_render_direct_sim,185,0.0002709159999998434,3691.181030284583,,,,319.671875,,
step_no_render_direct_sim,186,0.0002482079999994724,4028.8790047142943,,,,319.671875,,
step_no_render_direct_sim,187,0.0003052499999993685,3276.003276010053,,,,319.671875,,
step_no_render_direct_sim,188,0.00029699999999976967,3367.0033670059784,,,,319.671875,,
step_no_render_direct_sim,189,0.00024591599999990166,4066.42918720376,,,,319.671875,,
step_no_render_direct_sim,190,0.00025216600000010914,3965.641680478602,,,,319.671875,,
step_no_render_direct_sim,191,0.00029912499999973363,3343.083994988351,,,,319.671875,,
step_no_render_direct_sim,192,0.00025070800000026594,3988.703990295241,,,,319.671875,,
step_no_render_direct_sim,193,0.00025541699999998,3915.1661792287837,,,,319.671875,,
step_no_render_direct_sim,194,0.0002552920000002956,3917.083183173942,,,,319.671875,,
step_no_render_direct_sim,195,0.00030045899999997516,3328.241124413257,,,,319.671875,,
step_no_render_direct_sim,196,0.0002588329999992922,3863.494994852799,,,,319.671875,,
step_no_render_direct_sim,197,0.00027616699999999383,3620.997439954891,,,,319.671875,,
step_no_render_direct_sim,198,0.0002681669999997638,3729.01960345934,,,,319.671875,,
step_no_render_direct_sim,199,0.00025462500000017485,3927.3441335270036,,,,319.671875,,
step_no_render_direct_sim,200,0.00025395899999924865,3937.643477895875,,,,319.671875,,
step_no_render_direct_sim,201,0.00019541700000047513,5117.2620600949185,,,,319.671875,,
step_no_render_direct_sim,202,0.0002143749999996558,4664.723032077461,,,,319.671875,,
step_no_render_direct_sim,203,0.00027062499999974676,3695.150115476899,,,,319.671875,,
step_no_render_direct_sim,204,0.00024133299999995472,4143.652132116982,,,,319.671875,,
step_no_render_direct_sim,205,0.00023287500000002126,4294.149221685062,,,,319.671875,,
step_no_render_direct_sim,206,0.00027391700000034547,3650.740917864677,,,,319.671875,,
step_no_render_direct_sim,207,0.00026625000000013443,3755.8685445990427,,,,319.671875,,
step_no_render_direct_sim,208,0.0008107089999995765,1233.488218337927,,,,319.671875,,
step_no_render_direct_sim,209,0.00027537500000018866,3631.4117113002812,,,,319.671875,,
step_no_render_direct_sim,210,0.0002868329999996533,3486.3491997127553,,,,319.671875,,
step_no_render_direct_sim,211,0.0002936250000002971,3405.7045551263964,,,,319.671875,,
step_no_render_direct_sim,212,0.00027295800000004533,3663.567288739784,,,,319.671875,,
step_no_render_direct_sim,213,0.0002624170000000703,3810.7287256531863,,,,319.671875,,
step_no_render_direct_sim,214,0.000257874999999963,3877.8477944746232,,,,319.671875,,
step_no_render_direct_sim,215,0.00026770799999997763,3735.4132114097583,,,,319.671875,,
step_no_render_direct_sim,216,0.0002473749999998276,4042.4456796389973,,,,319.671875,,
step_no_render_direct_sim,217,0.00027470900000015064,3640.215646372895,,,,319.671875,,
step_no_render_direct_sim,218,0.0002096250000001021,4770.423375072214,,,,319.671875,,
step_no_render_direct_sim,219,0.0002742499999994763,3646.3081130425144,,,,319.671875,,
step_no_render_direct_sim,220,0.0003064999999997653,3262.6427406224007,,,,319.671875,,
step_no_render_direct_sim,221,0.00027220800000016254,3673.6613178135945,,,,319.671875,,
step_no_render_direct_sim,222,0.00024641599999952746,4058.17804039477,,,,319.671875,,
step_no_render_direct_sim,223,0.00025412499999966087,3935.0713231729837,,,,319.671875,,
step_no_render_direct_sim,224,0.00026633299999989646,3754.698065956486,,,,319.671875,,
step_no_render_direct_sim,225,0.0002420000000000755,4132.231404957389,,,,319.671875,,
step_no_render_direct_sim,226,0.0002763339999996006,3618.8091222992657,,,,319.671875,,
step_no_render_direct_sim,227,0.00026770799999997763,3735.4132114097583,,,,319.671875,,
step_no_render_direct_sim,228,0.0002773750000004682,3605.2275799849012,,,,319.671875,,
step_no_render_direct_sim,229,0.00025879200000034075,3864.1070821303724,,,,319.671875,,
step_no_render_direct_sim,230,0.00026695800000009484,3745.9075959500924,,,,319.671875,,
step_no_render_direct_sim,231,0.00024920800000050036,4012.7122724711576,,,,319.671875,,
step_no_render_direct_sim,232,0.0002659160000000327,3760.5860497295275,,,,319.671875,,
step_no_render_direct_sim,233,0.00026975000000017957,3707.1362372542512,,,,319.671875,,
step_no_render_direct_sim,234,0.0002820840000001823,3545.043320427085,,,,319.671875,,
step_no_render_direct_sim,235,0.0002850419999997911,3508.254923838357,,,,319.671875,,
step_no_render_direct_sim,236,0.000257624999999706,3881.6108685148615,,,,319.671875,,
step_no_render_direct_sim,237,0.0003792919999998645,2636.4911466636713,,,,319.671875,,
step_no_render_direct_sim,238,0.0002522910000006817,3963.6768651965303,,,,319.671875,,
step_no_render_direct_sim,239,0.0002552089999996454,3918.3571112358472,,,,319.671875,,
step_no_render_direct_sim,240,0.000270791000000159,3692.8849186251127,,,,319.671875,,
step_no_render_direct_sim,241,0.0002532909999999333,3948.0281573378575,,,,319.671875,,
step_no_render_direct_sim,242,0.00022066699999978567,4531.715208893814,,,,319.671875,,
step_no_render_direct_sim,243,0.00027712500000021123,3608.479927827651,,,,319.671875,,
step_no_render_direct_sim,244,0.0002516250000006437,3974.1679085839714,,,,319.671875,,
step_no_render_direct_sim,245,0.0002787499999996612,3587.443946192701,,,,319.671875,,
step_no_render_direct_sim,246,0.00026158299999945456,3822.8783980690073,,,,319.671875,,
step_no_render_direct_sim,247,0.00026608299999963947,3758.2258167615178,,,,319.671875,,
step_no_render_direct_sim,248,0.00027575000000013006,3626.4732547580356,,,,319.671875,,
step_no_render_direct_sim,249,0.00024779099999960863,4035.6590836696223,,,,319.671875,,
step_no_render_direct_sim,250,0.00026820900000057435,3728.435660242045,,,,319.671875,,
step_no_render_direct_sim,251,0.0002659160000000327,3760.5860497295275,,,,319.671875,,
step_no_render_direct_sim,252,0.0002425830000003515,4122.300408513997,,,,319.671875,,
step_no_render_direct_sim,253,0.0003162500000000179,3162.0553359682003,,,,319.671875,,
step_no_render_direct_sim,254,0.00026637499999981884,3754.1060534985645,,,,319.671875,,
step_no_render_direct_sim,255,0.000248082999999788,4030.9090102943555,,,,319.671875,,
step_no_render_direct_sim,256,0.00028637500000083804,3491.9249236039236,,,,319.671875,,
step_no_render_direct_sim,257,0.00027558399999971783,3628.6576869521596,,,,319.671875,,
step_no_render_direct_sim,258,0.00029687500000008527,3368.4210526306115,,,,319.671875,,
step_no_render_direct_sim,259,0.000280583000000334,3564.00779804482,,,,319.671875,,
step_no_render_direct_sim,260,0.00026975000000017957,3707.1362372542512,,,,319.671875,,
step_no_render_direct_sim,261,0.00026329099999955474,3798.0789316827813,,,,319.671875,,
step_no_render_direct_sim,262,0.0003039170000000979,3290.3720423657705,,,,319.671875,,
step_no_render_direct_sim,263,0.00026149999999969253,3824.0917782071733,,,,319.671875,,
step_no_render_direct_sim,264,0.0002630830000001083,3801.0817878752646,,,,319.671875,,
step_no_render_direct_sim,265,0.0002580410000003752,3875.353141549389,,,,319.671875,,
step_no_render_direct_sim,266,0.0002561669999998628,3903.703443458898,,,,319.671875,,
step_no_render_direct_sim,267,0.000250540999999771,3991.3626911400293,,,,319.671875,,
step_no_render_direct_sim,268,0.00025791700000077356,3877.216313763733,,,,319.671875,,
step_no_render_direct_sim,269,0.00025937500000061675,3855.4216867378204,,,,319.671875,,
step_no_render_direct_sim,270,0.00037191699999983285,2688.7719571852035,,,,319.671875,,
step_no_render_direct_sim,271,0.0002578330000000406,3878.4794809036953,,,,319.671875,,
step_no_render_direct_sim,272,0.0002721250000004005,3674.7818098246325,,,,319.671875,,
step_no_render_direct_sim,273,0.00024104099999977535,4148.671802726225,,,,319.671875,,
step_no_render_direct_sim,274,0.000290916999999169,3437.406545519363,,,,319.671875,,
step_no_render_direct_sim,275,0.0002537080000006853,3941.53909217407,,,,319.671875,,
step_no_render_direct_sim,276,0.0002795410000002718,3577.2927763692182,,,,319.671875,,
step_no_render_direct_sim,277,0.00030712500000085186,3256.003255994225,,,,319.671875,,
step_no_render_direct_sim,278,0.000258375000000477,3870.3434929778577,,,,319.671875,,
step_no_render_direct_sim,279,0.00027054199999998474,3696.283756311613,,,,319.671875,,
step_no_render_direct_sim,280,0.00023516700000048019,4252.297303609597,,,,319.671875,,
step_no_render_direct_sim,281,0.00026004199999984934,3845.532644728849,,,,319.671875,,
step_no_render_direct_sim,282,0.0002479169999993758,4033.60802204979,,,,319.671875,,
step_no_render_direct_sim,283,0.0002730420000007783,3662.4402106531215,,,,319.671875,,
step_no_render_direct_sim,284,0.0002522080000000315,3964.981285287838,,,,319.671875,,
step_no_render_direct_sim,285,0.0002906249999998778,3440.8602150552106,,,,319.671875,,
step_no_render_direct_sim,286,0.0002510840000002901,3982.730878904449,,,,319.671875,,
step_no_render_direct_sim,287,0.00025524999999948506,3917.727717931508,,,,319.671875,,
step_no_render_direct_sim,288,0.00025537499999916946,3915.8100832236996,,,,319.671875,,
step_no_render_direct_sim,289,0.00028025000000031497,3568.2426404955436,,,,319.671875,,
step_no_render_direct_sim,290,0.0002625839999996771,3808.305151879893,,,,319.671875,,
step_no_render_direct_sim,291,0.0002611659999995908,3828.9823330815148,,,,319.671875,,
step_no_render_direct_sim,292,0.0002961669999992367,3376.473408592373,,,,319.671875,,
step_no_render_direct_sim,293,0.00030179200000013395,3313.5404517003635,,,,319.671875,,
step_no_render_direct_sim,294,0.0002929590000002591,3413.4469328442397,,,,319.671875,,
step_no_render_direct_sim,295,0.00028616699999961526,3494.4630233442167,,,,319.671875,,
step_no_render_direct_sim,296,0.00026637499999981884,3754.1060534985645,,,,319.671875,,
step_no_render_direct_sim,297,0.00030399999999985994,3289.473684212042,,,,319.671875,,
step_no_render_direct_sim,298,0.0002802499999994268,3568.2426405068522,,,,319.671875,,
step_no_render_direct_sim,299,0.00026929200000047615,3713.4411716583927,,,,319.671875,,
step_no_render_direct_sim,300,0.00026004199999984934,3845.532644728849,,,,319.671875,,
step_no_render_direct_sim,301,0.00030195899999974074,3311.7078808740876,,,,319.671875,,
step_no_render_direct_sim,302,0.0002677089999991722,3735.399258161258,,,,319.671875,,
step_no_render_direct_sim,303,0.000256958999999668,3891.6714339692016,,,,319.671875,,
step_no_render_direct_sim,304,0.00028600000000000847,3496.503496503393,,,,319.671875,,
step_no_render_direct_sim,305,0.0002510000000004453,3984.063745012852,,,,319.671875,,
step_no_render_direct_sim,306,0.0002720409999996676,3675.916497885326,,,,319.671875,,
step_no_render_direct_sim,307,0.00025608300000001805,3904.983930990849,,,,319.671875,,
step_no_render_direct_sim,308,0.00024120799999938214,4145.799475981566,,,,319.671875,,
step_no_render_direct_sim,309,0.00024425000000061203,4094.1658137051963,,,,319.671875,,
step_no_render_direct_sim,310,0.00021566699999997496,4636.7779957068815,,,,319.671875,,
step_no_render_direct_sim,311,0.00024154100000028933,4140.083878094411,,,,319.671875,,
step_no_render_direct_sim,312,0.0002101660000004557,4758.143562697257,,,,319.671875,,
step_no_render_direct_sim,313,0.00020791599999991917,4809.634660153085,,,,319.671875,,
step_no_render_direct_sim,314,0.00026662499999918765,3750.586029078469,,,,319.671875,,
step_no_render_direct_sim,315,0.00037691699999964356,2653.1039990261665,,,,319.671875,,
step_no_render_direct_sim,316,0.00029162500000001756,3429.061294470432,,,,319.671875,,
step_no_render_direct_sim,317,0.00027195799999990555,3677.03836621959,,,,319.671875,,
step_no_render_direct_sim,318,0.0003181249999997249,3143.4184675862157,,,,319.671875,,
step_no_render_direct_sim,319,0.0002612500000003237,3827.751196167506,,,,319.671875,,
step_no_render_direct_sim,320,0.0002727089999998711,3666.9123497958362,,,,319.671875,,
step_no_render_direct_sim,321,0.0003547079999997038,2819.2203164316425,,,,319.671875,,
step_no_render_direct_sim,322,0.00026554200000017403,3765.882609904816,,,,319.671875,,
step_no_render_direct_sim,323,0.00028100000000019776,3558.71886120746,,,,319.671875,,
step_no_render_direct_sim,324,0.0002667919999996826,3748.2383279903056,,,,319.671875,,
step_no_render_direct_sim,325,0.00042049999999971277,2378.121284187118,,,,319.671875,,
step_no_render_direct_sim,326,0.00033929199999960247,2947.3138181895583,,,,319.671875,,
step_no_render_direct_sim,327,0.00036483399999998056,2740.9726067199144,,,,319.671875,,
step_no_render_direct_sim,328,0.00024475000000023783,4085.801838606857,,,,319.671875,,
step_no_render_direct_sim,329,0.00029774999999965246,3358.5222502138276,,,,319.671875,,
step_no_render_direct_sim,330,0.0002887500000001708,3463.2034632014147,,,,319.671875,,
step_no_render_direct_sim,331,0.00024679200000043977,4051.99520243046,,,,319.671875,,
step_no_render_direct_sim,332,0.00027858400000013717,3589.581598367127,,,,319.671875,,
step_no_render_direct_sim,333,0.00025845900000032174,3869.0856189908463,,,,319.671875,,
step_no_render_direct_sim,334,0.0002882909999994965,3468.7173723832743,,,,319.671875,,
step_no_render_direct_sim,335,0.0002930409999999384,3412.491767364329,,,,319.671875,,
step_no_render_direct_sim,336,0.0002845420000001653,3514.419663878862,,,,319.671875,,
step_no_render_direct_sim,337,0.0002717920000003815,3679.2841584689627,,,,319.671875,,
step_no_render_direct_sim,338,0.0002996250000002476,3337.50521484914,,,,319.671875,,
step_no_render_direct_sim,339,0.0002444160000001361,4091.3851793640483,,,,319.671875,,
step_no_render_direct_sim,340,0.0002551670000006112,3919.0020653047013,,,,319.671875,,
step_no_render_direct_sim,341,0.0002357919999997904,4241.025989011031,,,,319.671875,,
step_no_render_direct_sim,342,0.00023549999999961102,4246.284501068585,,,,319.671875,,
step_no_render_direct_sim,343,0.00024545799999931006,4074.016736072203,,,,319.671875,,
step_no_render_direct_sim,344,0.0002302500000004315,4343.105320295878,,,,319.671875,,
step_no_render_direct_sim,345,0.00026795900000031736,3731.914210751703,,,,319.671875,,
step_no_render_direct_sim,346,0.0002715420000001245,3682.671557252806,,,,319.671875,,
step_no_render_direct_sim,347,0.0002526249999998953,3958.436417616683,,,,319.671875,,
step_no_render_direct_sim,348,0.00027075000000031935,3693.444136653077,,,,319.671875,,
step_no_render_direct_sim,349,0.0002631250000000307,3800.4750593819795,,,,319.671875,,
step_no_render_direct_sim,350,0.00027270799999978834,3666.9257960924365,,,,319.671875,,
step_no_render_direct_sim,351,0.0002683750000000984,3726.129482998168,,,,319.671875,,
step_no_render_direct_sim,352,0.0002748749999996747,3638.0172805863886,,,,319.671875,,
step_no_render_direct_sim,353,0.0002832090000000065,3530.9612335765355,,,,319.671875,,
step_no_render_direct_sim,354,0.00023570799999994563,4242.537376755268,,,,319.671875,,
step_no_render_direct_sim,355,0.00021745799999983717,4598.589152851349,,,,319.671875,,
step_no_render_direct_sim,356,0.00023808300000016658,4200.215891093863,,,,319.671875,,
step_no_render_direct_sim,357,0.00022374999999996703,4469.273743017418,,,,319.671875,,
step_no_render_direct_sim,358,0.0002193750000003547,4558.404558397188,,,,319.671875,,
step_no_render_direct_sim,359,0.00022516699999997059,4441.148125614014,,,,319.671875,,
step_no_render_direct_sim,360,0.00024733399999998795,4043.115786750098,,,,319.671875,,
step_no_render_direct_sim,361,0.0002656659999997757,3764.124878610151,,,,319.671875,,
step_no_render_direct_sim,362,0.0002631250000000307,3800.4750593819795,,,,319.671875,,
step_no_render_direct_sim,363,0.00023054100000052813,4337.623242710447,,,,319.671875,,
step_no_render_direct_sim,364,0.00024166700000005648,4137.925326998582,,,,319.671875,,
step_no_render_direct_sim,365,0.00028645899999979463,3490.9009666329803,,,,319.671875,,
step_no_render_direct_sim,366,0.00029083399999940696,3438.3875337891686,,,,319.671875,,
step_no_render_direct_sim,367,0.0002246250000004224,4451.864218132975,,,,319.671875,,
step_no_render_direct_sim,368,0.00026762499999932743,3736.571695478797,,,,319.671875,,
step_no_render_direct_sim,369,0.00022154199999935287,4513.816793217183,,,,319.671875,,
step_no_render_direct_sim,370,0.000214916999999204,4652.959049324641,,,,319.671875,,
step_no_render_direct_sim,371,0.00024841700000077793,4025.489398861062,,,,319.671875,,
step_no_render_direct_sim,372,0.0002908750000001348,3437.9028792420686,,,,319.671875,,
step_no_render_direct_sim,373,0.00024208399999992025,4130.7975743970255,,,,319.671875,,
step_no_render_direct_sim,374,0.00023508300000063542,4253.816737055836,,,,319.671875,,
step_no_render_direct_sim,375,0.00025024999999967434,3996.0039960091963,,,,319.671875,,
step_no_render_direct_sim,376,0.0002422080000004101,4128.682785037269,,,,319.671875,,
step_no_render_direct_sim,377,0.00022237499999988586,4496.908375494158,,,,319.671875,,
step_no_render_direct_sim,378,0.00023979199999946132,4170.280910131474,,,,319.671875,,
step_no_render_direct_sim,379,0.00025525000000037323,3917.727717917876,,,,319.671875,,
step_no_render_direct_sim,380,0.0002040830000007432,4899.967170202116,,,,319.671875,,
step_no_render_direct_sim,381,0.00019083399999964001,5240.156366275854,,,,319.671875,,
step_no_render_direct_sim,382,0.0002532080000001713,3949.322296291284,,,,319.671875,,
step_no_render_direct_sim,383,0.00023504099999982486,4254.576861061454,,,,319.671875,,
step_no_render_direct_sim,384,0.00032374999999973397,3088.803088805627,,,,319.671875,,
step_no_render_direct_sim,385,0.00025304200000064725,3951.9131211318363,,,,319.671875,,
step_no_render_direct_sim,386,0.0002475000000004002,4040.4040403975077,,,,319.671875,,
step_no_render_direct_sim,387,0.0002301250000007471,4345.464421495942,,,,319.671875,,
step_no_render_direct_sim,388,0.0002595840000001459,3852.3175542384656,,,,319.671875,,
step_no_render_direct_sim,389,0.00025416700000047143,3934.4210696044142,,,,319.671875,,
step_no_render_direct_sim,390,0.0002475410000002398,4039.7348318017266,,,,319.671875,,
step_no_render_direct_sim,391,0.0003408340000001786,2933.9795912364257,,,,319.671875,,
step_no_render_direct_sim,392,0.00027554199999979545,3629.210791823905,,,,319.671875,,
step_no_render_direct_sim,393,0.00026029200000010633,3841.8391652436167,,,,319.671875,,
step_no_render_direct_sim,394,0.00021345900000024898,4684.74039510554,,,,319.671875,,
step_no_render_direct_sim,395,0.00027124999999994515,3686.6359447012064,,,,319.671875,,
step_no_render_direct_sim,396,0.00029529200000055766,3386.4784687635,,,,319.671875,,
step_no_render_direct_sim,397,0.0003312909999992897,3018.4943146724304,,,,319.671875,,
step_no_render_direct_sim,398,0.0002805409999995234,3564.541368290905,,,,319.671875,,
step_no_render_direct_sim,399,0.00024424999999972385,4094.1658137200843,,,,319.671875,,
step_no_render_direct_sim,400,0.0002539160000001317,3938.3103073436937,,,,319.671875,,
step_no_render_direct_sim,401,0.0002177090000001769,4593.287369833987,,,,319.671875,,
step_no_render_direct_sim,402,0.00029641699999949367,3373.625669248755,,,,319.671875,,
step_no_render_direct_sim,403,0.00023695799999945422,4220.157158662309,,,,319.671875,,
step_no_render_direct_sim,404,0.00026570800000058625,3763.529889946082,,,,319.671875,,
step_no_render_direct_sim,405,0.0002620000000002065,3816.7938931267627,,,,319.671875,,
step_no_render_direct_sim,406,0.0002439159999996221,4099.772052680223,,,,319.671875,,
step_no_render_direct_sim,407,0.0003085409999998845,3241.0603453037825,,,,319.671875,,
step_no_render_direct_sim,408,0.00026391699999983587,3789.0700485403436,,,,319.671875,,
step_no_render_direct_sim,409,0.0002500410000001452,3999.344107564037,,,,319.671875,,
step_no_render_direct_sim,410,0.00025620799999970245,3903.0787485213627,,,,319.671875,,
step_no_render_direct_sim,411,0.0002729999999999677,3663.0036630040963,,,,319.671875,,
step_no_render_direct_sim,412,0.0002515000000000711,3976.1431411519575,,,,319.671875,,
step_no_render_direct_sim,413,0.00028062500000025636,3563.4743875245845,,,,319.671875,,
step_no_render_direct_sim,414,0.0002831250000001617,3532.0088300200578,,,,319.671875,,
step_no_render_direct_sim,415,0.0002894580000001312,3454.7326382395604,,,,319.671875,,
step_no_render_direct_sim,416,0.00026524999999999466,3770.02827521214,,,,319.671875,,
step_no_render_direct_sim,417,0.00030862499999972925,3240.1782098043814,,,,319.671875,,
step_no_render_direct_sim,418,0.0002894589999993258,3454.720703112804,,,,319.671875,,
step_no_render_direct_sim,419,0.00025108300000020733,3982.74674111419,,,,319.671875,,
step_no_render_direct_sim,420,0.00025320900000025404,3949.3066992049917,,,,319.671875,,
step_no_render_direct_sim,421,0.000260082999999689,3844.926427337411,,,,319.671875,,
step_no_render_direct_sim,422,0.000245291999999786,4076.7738042857995,,,,319.671875,,
step_no_render_direct_sim,423,0.0002562909999994645,3901.8147340409514,,,,319.671875,,
step_no_render_direct_sim,424,0.0002684160000008262,3725.560324261303,,,,319.671875,,
step_no_render_direct_sim,425,0.00025195799999977453,3968.915454166547,,,,319.671875,,
step_no_render_direct_sim,426,0.0002413749999998771,4142.931123772177,,,,319.671875,,
step_no_render_direct_sim,427,0.00024475000000023783,4085.801838606857,,,,319.671875,,
step_no_render_direct_sim,428,0.00024804200000083654,4031.575297718239,,,,319.671875,,
step_no_render_direct_sim,429,0.000248666000000064,4021.458502568677,,,,319.671875,,
step_no_render_direct_sim,430,0.0002648330000001309,3775.9644757243464,,,,319.671875,,
step_no_render_direct_sim,431,0.00024112499999962012,4147.226542256404,,,,319.671875,,
step_no_render_direct_sim,432,0.00020825000000002092,4801.920768306841,,,,319.671875,,
step_no_render_direct_sim,433,0.00020775000000039512,4813.477737656309,,,,319.671875,,
step_no_render_direct_sim,434,0.0002165829999993818,4617.167552406488,,,,319.671875,,
step_no_render_direct_sim,435,0.00023933299999967517,4178.2787998368685,,,,319.671875,,
step_no_render_direct_sim,436,0.0002825419999998857,3539.2968125107222,,,,319.671875,,
step_no_render_direct_sim,437,0.00023883300000004937,4187.026080984593,,,,319.671875,,
step_no_render_direct_sim,438,0.00024416699999996183,4095.557548727536,,,,319.671875,,
step_no_render_direct_sim,439,0.00027491699999959707,3637.461488381823,,,,319.671875,,
step_no_render_direct_sim,440,0.0002454159999993877,4074.71395509052,,,,319.671875,,
step_no_render_direct_sim,441,0.00024608299999950844,4063.669574907643,,,,319.671875,,
step_no_render_direct_sim,442,0.00024475000000023783,4085.801838606857,,,,319.671875,,
step_no_render_direct_sim,443,0.0002430410000000549,4114.532115979502,,,,319.671875,,
step_no_render_direct_sim,444,0.00023508400000071816,4253.798642174478,,,,319.671875,,
step_no_render_direct_sim,445,0.0002507920000001107,3987.36801811684,,,,319.671875,,
step_no_render_direct_sim,446,0.0002588750000001028,3862.8681796218366,,,,319.671875,,
step_no_render_direct_sim,447,0.00024133299999995472,4143.652132116982,,,,319.671875,,
step_no_render_direct_sim,448,0.0002534580000004283,3945.4268557248547,,,,319.671875,,
step_no_render_direct_sim,449,0.0002988750000003648,3345.88038477216,,,,319.671875,,
step_no_render_direct_sim,450,0.0002659170000001154,3760.5719077741023,,,,319.671875,,
step_no_render_direct_sim,451,0.000257957999999725,3876.6000666816535,,,,319.671875,,
step_no_render_direct_sim,452,0.00024129200000011508,4144.356215703476,,,,319.671875,,
step_no_render_direct_sim,453,0.0002562089999997852,3903.063514555845,,,,319.671875,,
step_no_render_direct_sim,454,0.00024116600000034794,4146.521483121822,,,,319.671875,,
step_no_render_direct_sim,455,0.0002536660000007629,3942.191700886175,,,,319.671875,,
step_no_render_direct_sim,456,0.0003059580000002171,3268.4224632115856,,,,319.671875,,
step_no_render_direct_sim,457,0.0002717090000006195,3680.408083639924,,,,319.671875,,
step_no_render_direct_sim,458,0.00026295799999953573,3802.888674243665,,,,319.671875,,
step_no_render_direct_sim,459,0.00025108299999931916,3982.7467411282787,,,,319.671875,,
step_no_render_direct_sim,460,0.00029804199999983183,3355.231812967851,,,,319.671875,,
step_no_render_direct_sim,461,0.00026149999999969253,3824.0917782071733,,,,319.671875,,
step_no_render_direct_sim,462,0.00023420800000018005,4269.70897663287,,,,319.671875,,
step_no_render_direct_sim,463,0.00026187499999963393,3818.6157517953143,,,,319.671875,,
step_no_render_direct_sim,464,0.0002494579999998692,4008.6908417470054,,,,319.671875,,
step_no_render_direct_sim,465,0.000249957999999495,4000.6721129230527,,,,319.671875,,
step_no_render_direct_sim,466,0.0002537499999997195,3940.886699511746,,,,319.671875,,
step_no_render_direct_sim,467,0.00028029200000023735,3567.7079616940664,,,,319.671875,,
step_no_render_direct_sim,468,0.0002660409999997171,3758.8191293863106,,,,319.671875,,
step_no_render_direct_sim,469,0.00028175000000008055,3549.245785269615,,,,319.671875,,
step_no_render_direct_sim,470,0.00025412499999966087,3935.0713231729837,,,,319.671875,,
step_no_render_direct_sim,471,0.00023800000000040455,4201.680672261766,,,,319.671875,,
step_no_render_direct_sim,472,0.00021383300000010763,4676.546650888762,,,,319.671875,,
step_no_render_direct_sim,473,0.00021091699999953306,4741.2015152985,,,,319.671875,,
step_no_render_direct_sim,474,0.00028395799999980653,3521.6475676004243,,,,319.671875,,
step_no_render_direct_sim,475,0.0002657079999996981,3763.5298899586624,,,,319.671875,,
step_no_render_direct_sim,476,0.0002822920000005169,3542.431241403118,,,,319.671875,,
step_no_render_direct_sim,477,0.00028941600000020884,3455.2339884432045,,,,319.671875,,
step_no_render_direct_sim,478,0.0002779999999997784,3597.1223021611404,,,,319.671875,,
step_no_render_direct_sim,479,0.0002612919999993579,3827.135924568901,,,,319.671875,,
step_no_render_direct_sim,480,0.00025845899999943356,3869.0856190041422,,,,319.671875,,
step_no_render_direct_sim,481,0.00023966599999969418,4172.473358762929,,,,319.671875,,
step_no_render_direct_sim,482,0.0002665000000003914,3752.345215754339,,,,319.671875,,
step_no_render_direct_sim,483,0.0002362919999994162,4232.051868038151,,,,319.671875,,
step_no_render_direct_sim,484,0.0002489159999994328,4017.4195310959467,,,,319.671875,,
step_no_render_direct_sim,485,0.0002517080000004057,3972.8574379772917,,,,319.671875,,
step_no_render_direct_sim,486,0.0002962079999999645,3376.006049803246,,,,319.671875,,
step_no_render_direct_sim,487,0.00027404200000002987,3649.075689127546,,,,319.671875,,
step_no_render_direct_sim,488,0.00026575000000050863,3762.9350893625065,,,,319.671875,,
step_no_render_direct_sim,489,0.00024241599999985652,4125.140254771104,,,,319.671875,,
step_no_render_direct_sim,490,0.000245624999999805,4071.246819341654,,,,319.671875,,
step_no_render_direct_sim,491,0.0002547079999999369,3926.0643560478975,,,,319.671875,,
step_no_render_direct_sim,492,0.00023850000000003035,4192.872117399886,,,,319.671875,,
step_no_render_direct_sim,493,0.00022908299999979675,4365.230069454683,,,,319.671875,,
step_no_render_direct_sim,494,0.00023425000000010243,4268.9434364976,,,,319.671875,,
step_no_render_direct_sim,495,0.00028141700000006153,3553.4455985238324,,,,319.671875,,
step_no_render_direct_sim,496,0.0002041249999997774,4898.9589712239585,,,,319.671875,,
step_no_render_direct_sim,497,0.00025045800000000895,3992.6854003464223,,,,319.671875,,
step_no_render_direct_sim,498,0.00029920800000038383,3342.156626823872,,,,319.671875,,
step_no_render_direct_sim,499,0.0002719170000000659,3677.592794859305,,,,319.671875,,
step_no_render_direct_sim,500,0.0002416250000001341,4138.644593893202,,,,319.671875,,
step_no_render_direct_sim,501,0.00027770799999959905,3600.904547227461,,,,319.671875,,
step_no_render_direct_sim,502,0.0002478330000004192,4034.9751647210364,,,,319.671875,,
step_no_render_direct_sim,503,0.0002533329999998557,3947.3736149675315,,,,319.671875,,
step_no_render_direct_sim,504,0.00026879099999987943,3720.3626609538583,,,,319.671875,,
step_no_render_direct_sim,505,0.00025825000000079257,3872.2168441313884,,,,319.671875,,
step_no_render_direct_sim,506,0.00023387499999927286,4275.788348490044,,,,319.671875,,
step_no_render_direct_sim,507,0.0002955829999997661,3383.144497487309,,,,319.671875,,
step_no_render_direct_sim,508,0.0002595840000001459,3852.3175542384656,,,,319.671875,,
step_no_render_direct_sim,509,0.0002532500000000937,3948.667324776427,,,,319.671875,,
step_no_render_direct_sim,510,0.0002672919999993084,3741.226823109511,,,,319.671875,,
step_no_render_direct_sim,511,0.0002676250000002156,3736.5716954663967,,,,319.671875,,
step_no_render_direct_sim,512,0.0002634999999999721,3795.066413662641,,,,319.671875,,
step_no_render_direct_sim,513,0.00025291700000007467,3953.8662881487003,,,,319.671875,,
step_no_render_direct_sim,514,0.0002424999999997013,4123.711340211265,,,,319.671875,,
step_no_render_direct_sim,515,0.0002032500000002102,4920.049200486917,,,,319.671875,,
step_no_render_direct_sim,516,0.0002615000000005807,3824.091778194185,,,,319.671875,,
step_no_render_direct_sim,517,0.0002470419999998086,4047.894689974882,,,,319.671875,,
step_no_render_direct_sim,518,0.000269624999999607,3708.854891057794,,,,319.671875,,
step_no_render_direct_sim,519,0.00027579200000005244,3625.920983929229,,,,319.671875,,
step_no_render_direct_sim,520,0.0002112910000002799,4732.8092535823835,,,,319.671875,,
step_no_render_direct_sim,521,0.0002751659999997713,3634.169919251765,,,,319.671875,,
step_no_render_direct_sim,522,0.0002466249999999448,4054.738976179316,,,,319.671875,,
step_no_render_direct_sim,523,0.0002627500000000893,3805.899143671399,,,,319.671875,,
step_no_render_direct_sim,524,0.0002820840000001823,3545.043320427085,,,,319.671875,,
step_no_render_direct_sim,525,0.00028187499999976495,3547.6718403577256,,,,319.671875,,
step_no_render_direct_sim,526,0.00025941699999965095,3854.7974882191434,,,,319.671875,,
step_no_render_direct_sim,527,0.0002479580000001036,4032.941062597626,,,,319.671875,,
step_no_render_direct_sim,528,0.0002678749999995844,3733.0844610417225,,,,319.671875,,
step_no_render_direct_sim,529,0.00024558299999988265,4071.9430905253125,,,,319.671875,,
step_no_render_direct_sim,530,0.0002655410000000913,3765.8967918312283,,,,319.671875,,
step_no_render_direct_sim,531,0.00024116599999945976,4146.521483137093,,,,319.671875,,
step_no_render_direct_sim,532,0.000225874999999931,4427.227448811535,,,,319.671875,,
step_no_render_direct_sim,533,0.00022799999999989495,4385.964912282722,,,,319.671875,,
step_no_render_direct_sim,534,0.0002420830000007257,4130.814637942368,,,,319.671875,,
step_no_render_direct_sim,535,0.0002537499999997195,3940.886699511746,,,,319.671875,,
step_no_render_direct_sim,536,0.00028604199999993085,3495.9900993568835,,,,319.671875,,
step_no_render_direct_sim,537,0.00022191700000018244,4506.189250932456,,,,319.671875,,
step_no_render_direct_sim,538,0.00029020900000009675,3445.79251504835,,,,319.671875,,
step_no_render_direct_sim,539,0.00023979100000026676,4170.298301432863,,,,319.671875,,
step_no_render_direct_sim,540,0.00029337500000004013,3408.6067319978292,,,,319.671875,,
step_no_render_direct_sim,541,0.00027041699999941216,3697.9923599558233,,,,319.671875,,
step_no_render_direct_sim,542,0.000268000000000157,3731.3432835799035,,,,319.671875,,
step_no_render_direct_sim,543,0.0003224169999995752,3101.5734282042126,,,,319.671875,,
step_no_render_direct_sim,544,0.00025329200000001606,3948.012570471774,,,,319.671875,,
step_no_render_direct_sim,545,0.00027812499999946283,3595.5056179844723,,,,319.671875,,
step_no_render_direct_sim,546,0.00025987499999935437,3848.003848013408,,,,319.671875,,
step_no_render_direct_sim,547,0.00023224999999982288,4305.705059206728,,,,319.671875,,
step_no_render_direct_sim,548,0.0002057909999999552,4859.298997527674,,,,319.671875,,
step_no_render_direct_sim,549,0.0002624999999998323,3809.523809526243,,,,319.671875,,
step_no_render_direct_sim,550,0.00028137500000013915,3553.9760106601702,,,,319.671875,,
step_no_render_direct_sim,551,0.0002677919999998224,3734.241500868821,,,,319.671875,,
step_no_render_direct_sim,552,0.00025395899999924865,3937.643477895875,,,,319.671875,,
step_no_render_direct_sim,553,0.00025412500000054905,3935.0713231592304,,,,319.671875,,
step_no_render_direct_sim,554,0.00025708400000024056,3889.7792161280527,,,,319.671875,,
step_no_render_direct_sim,555,0.0002632919999996375,3798.0645063328047,,,,319.671875,,
step_no_render_direct_sim,556,0.0002675419999995654,3737.7308983323155,,,,319.671875,,
step_no_render_direct_sim,557,0.0003167080000006095,3157.482602264785,,,,319.671875,,
step_no_render_direct_sim,558,0.00024545800000019824,4074.0167360574615,,,,319.671875,,
step_no_render_direct_sim,559,0.0002720409999996676,3675.916497885326,,,,319.671875,,
step_no_render_direct_sim,560,0.00025595800000033364,3906.8909742953783,,,,319.671875,,
step_no_render_direct_sim,561,0.00027491699999959707,3637.461488381823,,,,319.671875,,
step_no_render_direct_sim,562,0.00025070800000026594,3988.703990295241,,,,319.671875,,
step_no_render_direct_sim,563,0.0002472500000001432,4044.489383213027,,,,319.671875,,
step_no_render_direct_sim,564,0.0002521249999993813,3966.2865642139964,,,,319.671875,,
step_no_render_direct_sim,565,0.00024670799999970683,4053.3748398965104,,,,319.671875,,
step_no_render_direct_sim,566,0.00027650000000001285,3616.636528028765,,,,319.671875,,
step_no_render_direct_sim,567,0.0002571250000000802,3889.15896937166,,,,319.671875,,
step_no_render_direct_sim,568,0.00026745799999972064,3738.9048000098874,,,,319.671875,,
step_no_render_direct_sim,569,0.0002356250000001836,4244.03183023542,,,,319.671875,,
step_no_render_direct_sim,570,0.00022187500000026006,4507.042253515844,,,,319.671875,,
step_no_render_direct_sim,571,0.00024479199999927204,4085.100820300393,,,,319.671875,,
step_no_render_direct_sim,572,0.00024112499999962012,4147.226542256404,,,,319.671875,,
step_no_render_direct_sim,573,0.00019366600000036982,5163.528962224089,,,,319.671875,,
step_no_render_direct_sim,574,0.00018574999999998454,5383.580080754149,,,,319.671875,,
step_no_render_direct_sim,575,0.0002759159999996541,3624.291451025869,,,,319.671875,,
step_no_render_direct_sim,576,0.0002606670000000477,3836.312229779055,,,,319.671875,,
step_no_render_direct_sim,577,0.00027820800000011303,3594.432942257569,,,,319.671875,,
step_no_render_direct_sim,578,0.0002969579999998473,3367.479576238102,,,,319.671875,,
step_no_render_direct_sim,579,0.0002691659999998208,3715.1794803231674,,,,319.671875,,
step_no_render_direct_sim,580,0.0002803749999999994,3566.6518056174846,,,,319.671875,,
step_no_render_direct_sim,581,0.0002824589999992355,3540.3368276553642,,,,319.671875,,
step_no_render_direct_sim,582,0.00028991599999983464,3449.27496240487,,,,319.671875,,
step_no_render_direct_sim,583,0.00026991700000067453,3704.8425997528907,,,,319.671875,,
step_no_render_direct_sim,584,0.00024874999999990877,4020.100502514037,,,,319.671875,,
step_no_render_direct_sim,585,0.00021887499999984072,4568.817818392817,,,,319.671875,,
step_no_render_direct_sim,586,0.0002615839999995373,3822.8637837244205,,,,319.671875,,
step_no_render_direct_sim,587,0.0002462500000000034,4060.9137055837,,,,319.671875,,
step_no_render_direct_sim,588,0.0002509170000006833,3985.381620206191,,,,319.671875,,
step_no_render_direct_sim,589,0.00025525000000037323,3917.727717917876,,,,319.671875,,
step_no_render_direct_sim,590,0.0002803749999999994,3566.6518056174846,,,,319.671875,,
step_no_render_direct_sim,591,0.00024004100000052375,4165.954982681367,,,,319.671875,,
step_no_render_direct_sim,592,0.0002352500000002422,4250.797024437707,,,,319.671875,,
step_no_render_direct_sim,593,0.0002949589999996505,3390.301702952563,,,,319.671875,,
step_no_render_direct_sim,594,0.0002563750000001974,3900.5363237415113,,,,319.671875,,
step_no_render_direct_sim,595,0.0002588330000001804,3863.4949948395415,,,,319.671875,,
step_no_render_direct_sim,596,0.00026025000000018395,3842.4591738685617,,,,319.671875,,
step_no_render_direct_sim,597,0.0002423330000000945,4126.553131433235,,,,319.671875,,
step_no_render_direct_sim,598,0.00024929199999945695,4011.3601720158626,,,,319.671875,,
step_no_render_direct_sim,599,0.00025495800000019386,3922.2146392709374,,,,319.671875,,
step_no_render_direct_sim,600,0.0002798749999994854,3573.023671288392,,,,319.671875,,
step_no_render_direct_sim,601,0.00025154099999991075,3975.4950485223276,,,,319.671875,,
step_no_render_direct_sim,602,0.00025362500000003507,3942.8289797924563,,,,319.671875,,
step_no_render_direct_sim,603,0.0002570000000003958,3891.050583651595,,,,319.671875,,
step_no_render_direct_sim,604,0.00025362500000003507,3942.8289797924563,,,,319.671875,,
step_no_render_direct_sim,605,0.00027604200000030943,3622.637134924682,,,,319.671875,,
step_no_render_direct_sim,606,0.0002211660000002169,4521.490645031421,,,,319.671875,,
step_no_render_direct_sim,607,0.0001914589999998384,5223.050365879087,,,,319.671875,,
step_no_render_direct_sim,608,0.00025545799999981966,3914.5378105234754,,,,319.671875,,
step_no_render_direct_sim,609,0.0002706660000004746,3694.5903807580066,,,,319.671875,,
step_no_render_direct_sim,610,0.00024591599999990166,4066.42918720376,,,,319.671875,,
step_no_render_direct_sim,611,0.0002808329999997028,3560.8350870483823,,,,319.671875,,
step_no_render_direct_sim,612,0.00023745900000005093,4211.253311097013,,,,319.671875,,
step_no_render_direct_sim,613,0.00025904200000059774,3860.3778537754206,,,,319.671875,,
step_no_render_direct_sim,614,0.00026062500000012534,3836.9304556336465,,,,319.671875,,
step_no_render_direct_sim,615,0.00027920900000033555,3581.5464401176114,,,,319.671875,,
step_no_render_direct_sim,616,0.0002589579999998648,3861.6300712877073,,,,319.671875,,
step_no_render_direct_sim,617,0.00029799999999990945,3355.704697987597,,,,319.671875,,
step_no_render_direct_sim,618,0.0002515839999999159,3974.815568558948,,,,319.671875,,
step_no_render_direct_sim,619,0.00025962499999998556,3851.7091959559198,,,,319.671875,,
step_no_render_direct_sim,620,0.00027345900000064205,3656.8553238242375,,,,319.671875,,
step_no_render_direct_sim,621,0.0002521249999993813,3966.2865642139964,,,,319.671875,,
step_no_render_direct_sim,622,0.0002623330000002255,3811.948935128788,,,,319.671875,,
step_no_render_direct_sim,623,0.0002799580000001356,3571.9643660817537,,,,319.671875,,
step_no_render_direct_sim,624,0.0002644999999992237,3780.7183364950283,,,,319.671875,,
step_no_render_direct_sim,625,0.00026712499999970163,3743.565746377602,,,,319.671875,,
step_no_render_direct_sim,626,0.0002497919999999709,4003.3307712021056,,,,319.671875,,
step_no_render_direct_sim,627,0.0002935419999996469,3406.6675296932053,,,,319.671875,,
step_no_render_direct_sim,628,0.00021625000000025096,4624.277456642032,,,,319.671875,,
step_no_render_direct_sim,629,0.000329792000000495,3032.2142441250817,,,,319.671875,,
step_no_render_direct_sim,630,0.0002560840000001008,3904.968682149632,,,,319.671875,,
step_no_render_direct_sim,631,0.00025549999999974204,3913.8943248571804,,,,319.671875,,
step_no_render_direct_sim,632,0.0002294169999998985,4358.87488721604,,,,319.671875,,
step_no_render_direct_sim,633,0.0002304999999998003,4338.394793930006,,,,319.671875,,
step_no_render_direct_sim,634,0.00028758299999953607,3477.2570005932657,,,,319.671875,,
step_no_render_direct_sim,635,0.0002668750000003328,3747.072599526943,,,,319.671875,,
step_no_render_direct_sim,636,0.0002756249999995575,3628.117913838025,,,,319.671875,,
step_no_render_direct_sim,637,0.00025933399999988893,3856.0312184303957,,,,319.671875,,
step_no_render_direct_sim,638,0.0002862080000003431,3493.9624329117332,,,,319.671875,,
step_no_render_direct_sim,639,0.0002529999999998367,3952.5691699630256,,,,319.671875,,
step_no_render_direct_sim,640,0.00025720799999984223,3887.9039532231245,,,,319.671875,,
step_no_render_direct_sim,641,0.0002296250000011213,4354.9265105938675,,,,319.671875,,
step_no_render_direct_sim,642,0.00021824999999964234,4581.901489125493,,,,319.671875,,
step_no_render_direct_sim,643,0.0002427080000000359,4120.177332431778,,,,319.671875,,
step_no_render_direct_sim,644,0.00032733399999962387,3054.983594741607,,,,319.671875,,
step_no_render_direct_sim,645,0.00031787500000035607,3145.8906802953356,,,,319.671875,,
step_no_render_direct_sim,646,0.0002736250000001661,3654.636820463748,,,,319.671875,,
step_no_render_direct_sim,647,0.00025637499999930924,3900.536323755024,,,,319.671875,,
step_no_render_direct_sim,648,0.00024937499999921897,4010.025062669201,,,,319.671875,,
step_no_render_direct_sim,649,0.0002823750000011671,3541.3899955586253,,,,319.671875,,
step_no_render_direct_sim,650,0.00027249999999945373,3669.724770649558,,,,319.671875,,
step_no_render_direct_sim,651,0.000268000000000157,3731.3432835799035,,,,319.671875,,
step_no_render_direct_sim,652,0.00025254200000013327,3959.7373902141912,,,,319.671875,,
step_no_render_direct_sim,653,0.00023483300000037843,4258.3452921795,,,,319.671875,,
step_no_render_direct_sim,654,0.000246625000000833,4054.7389761647137,,,,319.671875,,
step_no_render_direct_sim,655,0.0002721250000004005,3674.7818098246325,,,,319.671875,,
step_no_render_direct_sim,656,0.00028595800000097427,3497.0170444491605,,,,319.671875,,
step_no_render_direct_sim,657,0.0002727080000006765,3666.9257960804935,,,,319.671875,,
step_no_render_direct_sim,658,0.00022766700000076412,4392.380098989505,,,,319.671875,,
step_no_render_direct_sim,659,0.00027012500000012096,3701.9898195263386,,,,319.671875,,
step_no_render_direct_sim,660,0.0002747499999991021,3639.6724294932415,,,,319.671875,,
step_no_render_direct_sim,661,0.0002814589999999839,3552.915344686285,,,,319.671875,,
step_no_render_direct_sim,662,0.0002859160000010519,3497.530743282366,,,,319.671875,,
step_no_render_direct_sim,663,0.00025929099999899563,3856.6706904746925,,,,319.671875,,
step_no_render_direct_sim,664,0.00024387500000067064,4100.461301885188,,,,319.671875,,
step_no_render_direct_sim,665,0.00022395799999941346,4465.122924845815,,,,319.671875,,
step_no_render_direct_sim,666,0.00025416699999958325,3934.421069618163,,,,319.671875,,
step_no_render_direct_sim,667,0.00027012500000012096,3701.9898195263386,,,,319.671875,,
step_no_render_direct_sim,668,0.00023862499999971476,4190.675746469126,,,,319.671875,,
step_no_render_direct_sim,669,0.00027633300000040606,3618.8222181155725,,,,319.671875,,
step_no_render_direct_sim,670,0.0002651660000001499,3771.2225549257246,,,,319.671875,,
step_no_render_direct_sim,671,0.0002499159999995726,4001.3444517426265,,,,319.671875,,
step_no_render_direct_sim,672,0.0002735000000004817,3656.3071297924635,,,,319.671875,,
step_no_render_direct_sim,673,0.0002705420000008729,3696.2837562994782,,,,319.671875,,
step_no_render_direct_sim,674,0.00025945899999868516,3854.17349178509,,,,319.671875,,
step_no_render_direct_sim,675,0.000278375000000608,3592.2766052907623,,,,319.671875,,
step_no_render_direct_sim,676,0.00025408399999982123,3935.7063018556996,,,,319.671875,,
step_no_render_direct_sim,677,0.00026699999999912905,3745.3183520721423,,,,319.671875,,
step_no_render_direct_sim,678,0.00022225000000020145,4499.437570299634,,,,319.671875,,
step_no_render_direct_sim,679,0.0001960840000005959,5099.855164097841,,,,319.671875,,
step_no_render_direct_sim,680,0.00022683300000103657,4408.529623094657,,,,319.671875,,
step_no_render_direct_sim,681,0.00022537499999941701,4437.049362185631,,,,319.671875,,
step_no_render_direct_sim,682,0.00028445899999951507,3515.4451080883528,,,,319.671875,,
step_no_render_direct_sim,683,0.0002629160000005015,3803.496173675594,,,,319.671875,,
step_no_render_direct_sim,684,0.0003046669999999807,3282.272120052593,,,,319.671875,,
step_no_render_direct_sim,685,0.00023704200000018716,4218.661671767916,,,,319.671875,,
step_no_render_direct_sim,686,0.00029699999999976967,3367.0033670059784,,,,319.671875,,
step_no_render_direct_sim,687,0.00025879200000034075,3864.1070821303724,,,,319.671875,,
step_no_render_direct_sim,688,0.0002769590000006872,3610.6427305035,,,,319.671875,,
step_no_render_direct_sim,689,0.00029958400000040797,3337.961973932647,,,,319.671875,,
step_no_render_direct_sim,690,0.0002650410000004655,3773.001158304729,,,,319.671875,,
step_no_render_direct_sim,691,0.000266875000001221,3747.0725995144726,,,,319.671875,,
step_no_render_direct_sim,692,0.00028358299999986514,3526.304468182069,,,,319.671875,,
step_no_render_direct_sim,693,0.00027495900000040763,3636.9058659600796,,,,319.671875,,
step_no_render_direct_sim,694,0.00028162499999950796,3550.821127391912,,,,319.671875,,
step_no_render_direct_sim,695,0.00030545799999970313,3273.772499004681,,,,319.671875,,
step_no_render_direct_sim,696,0.0002798330000004512,3573.55994467553,,,,319.671875,,
step_no_render_direct_sim,697,0.00027950000000132036,3577.8175312890016,,,,319.671875,,
step_no_render_direct_sim,698,0.00026529199999991704,3769.431418965942,,,,319.671875,,
step_no_render_direct_sim,699,0.0002619169999995563,3818.0034133015192,,,,319.671875,,
step_no_render_direct_sim,700,0.00023187500000076966,4312.668463597545,,,,319.671875,,
step_no_render_direct_sim,701,0.00026508399999869425,3772.3891295020667,,,,319.671875,,
step_no_render_direct_sim,702,0.0002682499999995258,3727.865796837904,,,,319.671875,,
step_no_render_direct_sim,703,0.0002843749999996703,3516.4835164875935,,,,319.671875,,
step_no_render_direct_sim,704,0.00029212499999964336,3423.192126662288,,,,319.671875,,
step_no_render_direct_sim,705,0.0002724169999996917,3670.8428622337506,,,,319.671875,,
step_no_render_direct_sim,706,0.0002739169999994573,3650.7409178765147,,,,319.671875,,
step_no_render_direct_sim,707,0.0003161669999993677,3162.885437132907,,,,319.671875,,
step_no_render_direct_sim,708,0.0002683749999992102,3726.1294830105,,,,319.671875,,
step_no_render_direct_sim,709,0.0002415419999994839,4140.066737884661,,,,319.671875,,
step_no_render_direct_sim,710,0.00028399999999884074,3521.1267605777534,,,,319.671875,,
step_no_render_direct_sim,711,0.0002512499999998141,3980.099502490507,,,,319.671875,,
step_no_render_direct_sim,712,0.0002616670000001875,3821.65118260722,,,,319.671875,,
step_no_render_direct_sim,713,0.00030904199999959303,3235.8061363870183,,,,319.671875,,
step_no_render_direct_sim,714,0.0003599160000007373,2778.426077190098,,,,319.671875,,
step_no_render_direct_sim,715,0.00030737500000022067,3253.35502236448,,,,319.671875,,
step_no_render_direct_sim,716,0.0002523339999989105,3963.0014187716192,,,,319.671875,,
step_no_render_direct_sim,717,0.00026316599999987034,3799.882963606593,,,,319.671875,,
step_no_render_direct_sim,718,0.0002687500000000398,3720.9302325575886,,,,319.671875,,
step_no_render_direct_sim,719,0.00027975000000068917,3574.6201965953046,,,,319.671875,,
step_no_render_direct_sim,720,0.0002981670000004044,3353.8252053333995,,,,319.671875,,
step_no_render_direct_sim,721,0.0002542910000009613,3932.502526618008,,,,319.671875,,
step_no_render_direct_sim,722,0.0002955419999999265,3383.61383492109,,,,319.671875,,
step_no_render_direct_sim,723,0.0002739169999994573,3650.7409178765147,,,,319.671875,,
step_no_render_direct_sim,724,0.00025891700000002515,3862.241567760722,,,,319.671875,,
step_no_render_direct_sim,725,0.0002717080000014249,3680.421629082529,,,,319.671875,,
step_no_render_direct_sim,726,0.0003274580000010019,3053.826750291458,,,,319.671875,,
step_no_render_direct_sim,727,0.00027116699999929494,3687.7643666176195,,,,319.671875,,
step_no_render_direct_sim,728,0.00025562499999942645,3911.9804401065767,,,,319.671875,,
step_no_render_direct_sim,729,0.0002770420000004492,3609.561005184696,,,,319.671875,,
step_no_render_direct_sim,730,0.0002522910000006817,3963.6768651965303,,,,319.671875,,
step_no_render_direct_sim,731,0.0002836660000014035,3525.2726798243434,,,,319.671875,,
step_no_render_direct_sim,732,0.0002808329999997028,3560.8350870483823,,,,319.671875,,
step_no_render_direct_sim,733,0.000364750000001024,2741.603838237677,,,,319.671875,,
step_no_render_direct_sim,734,0.00026100000000006673,3831.4176245200933,,,,319.671875,,
step_no_render_direct_sim,735,0.00030320800000005477,3298.066014088742,,,,319.671875,,
step_no_render_direct_sim,736,0.0002901249999993638,3446.7901766555547,,,,319.671875,,
step_no_render_direct_sim,737,0.00030875000000030184,3238.8663967579673,,,,319.671875,,
step_no_render_direct_sim,738,0.0002777500000004096,3600.3600359982906,,,,319.671875,,
step_no_render_direct_sim,739,0.00025549999999974204,3913.8943248571804,,,,319.671875,,
step_no_render_direct_sim,740,0.00027066699999878097,3694.5767308334734,,,,319.671875,,
step_no_render_direct_sim,741,0.0003011250000000132,3320.880033208655,,,,319.671875,,
step_no_render_direct_sim,742,0.00029145800000129896,3431.026082644989,,,,319.671875,,
step_no_render_direct_sim,743,0.00027516699999985406,3634.156712107667,,,,319.671875,,
step_no_render_direct_sim,744,0.0003275410000007639,3053.052900240482,,,,319.671875,,
step_no_render_direct_sim,745,0.0002937920000007921,3403.76865264304,,,,319.671875,,
step_no_render_direct_sim,746,0.00027658299999977487,3615.5512088624896,,,,319.671875,,
step_no_render_direct_sim,747,0.0002953339999987037,3385.9968713537532,,,,319.671875,,
step_no_render_direct_sim,748,0.00026379200000015146,3790.8655304157282,,,,319.671875,,
step_no_render_direct_sim,749,0.0002304589999990725,4339.166619676492,,,,319.671875,,
step_no_render_direct_sim,750,0.00025850000000104956,3868.47195356263,,,,319.671875,,
step_no_render_direct_sim,751,0.0002767079999994593,3613.917920703247,,,,319.671875,,
step_no_render_direct_sim,752,0.00026720900000043457,3742.3889165348983,,,,319.671875,,
step_no_render_direct_sim,753,0.0002490829999999278,4014.7260150242687,,,,319.671875,,
step_no_render_direct_sim,754,0.00028391600000077233,3522.168528710181,,,,319.671875,,
step_no_render_direct_sim,755,0.0002770000000005268,3610.1083032422316,,,,319.671875,,
step_no_render_direct_sim,756,0.0002752499999996161,3633.060853774368,,,,319.671875,,
step_no_render_direct_sim,757,0.00026137499999911995,3825.9206121601796,,,,319.671875,,
step_no_render_direct_sim,758,0.00026858299999865665,3723.24383898088,,,,319.671875,,
step_no_render_direct_sim,759,0.0002722920000000073,3672.5280213887045,,,,319.671875,,
step_no_render_direct_sim,760,0.00027724999999989564,3606.8530207407625,,,,319.671875,,
step_no_render_direct_sim,761,0.00028187500000065313,3547.671840346547,,,,319.671875,,
step_no_render_direct_sim,762,0.00023875000000117552,4188.481675372048,,,,319.671875,,
step_no_render_direct_sim,763,0.00024083299999944074,4152.25488202332,,,,319.671875,,
step_no_render_direct_sim,764,0.0002715420000001245,3682.671557252806,,,,319.671875,,
step_no_render_direct_sim,765,0.00026758299999940505,3737.158190177341,,,,319.671875,,
step_no_render_direct_sim,766,0.0002496670000002865,4005.335106357077,,,,319.671875,,
step_no_render_direct_sim,767,0.00024591600000078984,4066.4291871890737,,,,319.671875,,
step_no_render_direct_sim,768,0.0002712090000009937,3687.1932715962084,,,,319.671875,,
step_no_render_direct_sim,769,0.00025683299999990084,3893.580653577952,,,,319.671875,,
step_no_render_direct_sim,770,0.0003051670000004947,3276.8942906617654,,,,319.671875,,
step_no_render_direct_sim,771,0.00025595800000033364,3906.8909742953783,,,,319.671875,,
step_no_render_direct_sim,772,0.0002792920000000976,3580.482076105476,,,,319.671875,,
step_no_render_direct_sim,773,0.00029337500000004013,3408.6067319978292,,,,319.671875,,
step_no_render_direct_sim,774,0.0002804580000006496,3565.596274656754,,,,319.671875,,
step_no_render_direct_sim,775,0.0002735420000004041,3655.745735567199,,,,319.671875,,
step_no_render_direct_sim,776,0.00027708300000028885,3609.026898073709,,,,319.671875,,
step_no_render_direct_sim,777,0.00026383400000007384,3790.262058717679,,,,319.671875,,
step_no_render_direct_sim,778,0.0002881250000008606,3470.715835130631,,,,319.671875,,
step_no_render_direct_sim,779,0.0003383750000001129,2955.3010712956525,,,,319.671875,,
step_no_render_direct_sim,780,0.000289291999999719,3456.715014590695,,,,319.671875,,
step_no_render_direct_sim,781,0.0002777500000004096,3600.3600359982906,,,,319.671875,,
step_no_render_direct_sim,782,0.0003163750000005905,3160.806005525511,,,,319.671875,,
step_no_render_direct_sim,783,0.00026491699999908747,3774.7671912464834,,,,319.671875,,
step_no_render_direct_sim,784,0.0002744159999998885,3644.102384702081,,,,319.671875,,
step_no_render_direct_sim,785,0.0002405000000003099,4158.0041579988,,,,319.671875,,
step_no_render_direct_sim,786,0.0002627089999993615,3806.4931159664516,,,,319.671875,,
step_no_render_direct_sim,787,0.00023929099999975278,4179.01216510873,,,,319.671875,,
step_no_render_direct_sim,788,0.00027591699999973684,3624.2783155838665,,,,319.671875,,
step_no_render_direct_sim,789,0.00030270800000131715,3303.513617068755,,,,319.671875,,
step_no_render_direct_sim,790,0.00027979200000061155,3574.083604955875,,,,319.671875,,
step_no_render_direct_sim,791,0.00024825000000028297,4028.19738166711,,,,319.671875,,
step_no_render_direct_sim,792,0.0002364999999997508,4228.329809729614,,,,319.671875,,
step_no_render_direct_sim,793,0.0002704999999991742,3696.8576709909535,,,,319.671875,,
step_no_render_direct_sim,794,0.00025987499999935437,3848.003848013408,,,,319.671875,,
step_no_render_direct_sim,795,0.0002642499999989667,3784.2951750384495,,,,319.671875,,
step_no_render_direct_sim,796,0.0002649999999988495,3773.5849056767606,,,,319.671875,,
step_no_render_direct_sim,797,0.00024441699999933064,4091.368440013332,,,,319.671875,,
step_no_render_direct_sim,798,0.0002557079999991885,3910.710654352518,,,,319.671875,,
step_no_render_direct_sim,799,0.000269041999999331,3716.891786421773,,,,319.671875,,
step_no_render_direct_sim,800,0.0002692910000003934,3713.454961356076,,,,319.671875,,
step_no_render_direct_sim,801,0.0002428329999997203,4118.056442086338,,,,319.671875,,
step_no_render_direct_sim,802,0.0002735000000004817,3656.3071297924635,,,,319.671875,,
step_no_render_direct_sim,803,0.0002761249999991833,3621.548211871282,,,,319.671875,,
step_no_render_direct_sim,804,0.00023683400000074073,4222.366720981246,,,,319.671875,,
step_no_render_direct_sim,805,0.0002610419999999891,3830.8011737576394,,,,319.671875,,
step_no_render_direct_sim,806,0.0002510840000002901,3982.730878904449,,,,319.671875,,
step_no_render_direct_sim,807,0.0002672500000002742,3741.8147801645423,,,,319.671875,,
step_no_render_direct_sim,808,0.0002675419999995654,3737.7308983323155,,,,319.671875,,
step_no_render_direct_sim,809,0.0002506250000013921,3990.024937633698,,,,319.671875,,
step_no_render_direct_sim,810,0.000270207999999883,3700.8526764582584,,,,319.671875,,
step_no_render_direct_sim,811,0.0002549589999993884,3922.1992555759894,,,,319.671875,,
step_no_render_direct_sim,812,0.00028020800000128077,3568.777479570281,,,,319.671875,,
step_no_render_direct_sim,813,0.00022974999999902934,4352.557127330685,,,,319.671875,,
step_no_render_direct_sim,814,0.0002682919999994482,3727.2822149078493,,,,319.671875,,
step_no_render_direct_sim,815,0.00024616600000015865,4062.2994239633235,,,,319.671875,,
step_no_render_direct_sim,816,0.00029895800000012684,3344.951464752827,,,,319.671875,,
step_no_render_direct_sim,817,0.0002798750000003736,3573.023671277053,,,,319.671875,,
step_no_render_direct_sim,818,0.00023712499999994918,4217.185028994051,,,,319.671875,,
step_no_render_direct_sim,819,0.0002474160000005554,4041.775794604048,,,,319.671875,,
step_no_render_direct_sim,820,0.00025162499999886734,3974.1679086120275,,,,319.671875,,
step_no_render_direct_sim,821,0.0002528749999992641,3954.522985676362,,,,319.671875,,
step_no_render_direct_sim,822,0.0002169579999993232,4609.187031605747,,,,319.671875,,
step_no_render_direct_sim,823,0.00024304200000102583,4114.515186658187,,,,319.671875,,
step_no_render_direct_sim,824,0.0002500000000011937,3999.9999999809006,,,,319.671875,,
step_no_render_direct_sim,825,0.0002764590000001732,3617.1728900103576,,,,319.671875,,
step_no_render_direct_sim,826,0.0002903749999987326,3443.8226431489097,,,,319.671875,,
step_no_render_direct_sim,827,0.0003050409999989512,3278.2478421046294,,,,319.671875,,
step_no_render_direct_sim,828,0.00028133300000021677,3554.506581166196,,,,319.671875,,
step_no_render_direct_sim,829,0.0002574580000000992,3884.128673413196,,,,319.671875,,
step_no_render_direct_sim,830,0.00023929199999983553,4178.994701037592,,,,319.671875,,
step_no_render_direct_sim,831,0.0002741249999989037,3647.9708162480592,,,,319.671875,,
step_no_render_direct_sim,832,0.0002701659999999606,3701.4280109271554,,,,319.671875,,
step_no_render_direct_sim,833,0.0002370830000000268,4217.932116600039,,,,319.671875,,
step_no_render_direct_sim,834,0.0002332090000010112,4287.9991766855655,,,,319.671875,,
step_no_render_direct_sim,835,0.0003009999999985524,3322.259136228602,,,,319.671875,,
step_no_render_direct_sim,836,0.00030058399999965957,3326.8570516099744,,,,319.671875,,
step_no_render_direct_sim,837,0.00023070900000021766,4334.4646285973095,,,,319.671875,,
step_no_render_direct_sim,838,0.00023499999999998522,4255.319148936438,,,,319.671875,,
step_no_render_direct_sim,839,0.0002395409999991216,4174.650686119149,,,,319.671875,,
step_no_render_direct_sim,840,0.0002004160000002031,4989.621587093778,,,,319.671875,,
step_no_render_direct_sim,841,0.00024104200000074627,4148.654591303192,,,,319.671875,,
step_no_render_direct_sim,842,0.0002760420000011976,3622.637134913026,,,,319.671875,,
step_no_render_direct_sim,843,0.00030250000000009436,3305.7851239659108,,,,319.671875,,
step_no_render_direct_sim,844,0.0002667089999999206,3749.404781991975,,,,319.671875,,
step_no_render_direct_sim,845,0.00026483300000101906,3775.9644757116826,,,,319.671875,,
step_no_render_direct_sim,846,0.0003068749999997067,3258.6558044837666,,,,319.671875,,
step_no_render_direct_sim,847,0.0002575000000000216,3883.495145630742,,,,319.671875,,
step_no_render_direct_sim,848,0.0002242920000004034,4458.473775249236,,,,319.671875,,
step_no_render_direct_sim,849,0.00025670800000021643,3895.476572600608,,,,319.671875,,
step_no_render_direct_sim,850,0.0002624999999998323,3809.523809526243,,,,319.671875,,
step_no_render_direct_sim,851,0.00024820799999858423,4028.879004728711,,,,319.671875,,
step_no_render_direct_sim,852,0.000257624999999706,3881.6108685148615,,,,319.671875,,
step_no_render_direct_sim,853,0.00024912499999985016,4014.0491721047724,,,,319.671875,,
step_no_render_direct_sim,854,0.0002738329999996125,3651.8608056786984,,,,319.671875,,
step_no_render_direct_sim,855,0.00025450000000049045,3929.2730844717994,,,,319.671875,,
step_no_render_direct_sim,856,0.00025137499999949853,3978.1203381481646,,,,319.671875,,
step_no_render_direct_sim,857,0.0002730419999998901,3662.440210665035,,,,319.671875,,
step_no_render_direct_sim,858,0.0002556659999992661,3911.3530935003896,,,,319.671875,,
step_no_render_direct_sim,859,0.00028991599999983464,3449.27496240487,,,,319.671875,,
step_no_render_direct_sim,860,0.00024191600000023072,4133.666231249881,,,,319.671875,,
step_no_render_direct_sim,861,0.0002480830000006762,4030.909010279924,,,,319.671875,,
step_no_render_direct_sim,862,0.00027162499999988654,3681.546249426296,,,,319.671875,,
step_no_render_direct_sim,863,0.0003016669999986732,3314.9134641985975,,,,319.671875,,
step_no_render_direct_sim,864,0.00025479100000147525,3924.7854123348548,,,,319.671875,,
step_no_render_direct_sim,865,0.00029183300000035217,3426.6172776855024,,,,319.671875,,
step_no_render_direct_sim,866,0.00023862499999971476,4190.675746469126,,,,319.671875,,
step_no_render_direct_sim,867,0.00023412500000041803,4271.222637472352,,,,319.671875,,
step_no_render_direct_sim,868,0.0003067500000000223,3259.9837000812627,,,,319.671875,,
step_no_render_direct_sim,869,0.0002440840000001998,4096.950230245249,,,,319.671875,,
step_no_render_direct_sim,870,0.00025966699999990794,3851.0861988637544,,,,319.671875,,
step_no_render_direct_sim,871,0.00027129199999897935,3686.0651991351097,,,,319.671875,,
step_no_render_direct_sim,872,0.00025399999999997647,3937.007874016113,,,,319.671875,,
step_no_render_direct_sim,873,0.0002680420000000794,3730.758612455152,,,,319.671875,,
step_no_render_direct_sim,874,0.000256583000000532,3897.3743388997964,,,,319.671875,,
step_no_render_direct_sim,875,0.00026095800000014435,3832.0342737124242,,,,319.671875,,
step_no_render_direct_sim,876,0.00024262499999849751,4121.586810947729,,,,319.671875,,
step_no_render_direct_sim,877,0.00024924999999953457,4012.036108332467,,,,319.671875,,
step_no_render_direct_sim,878,0.0002468330000002794,4051.3221489787347,,,,319.671875,,
step_no_render_direct_sim,879,0.00023512499999966963,4253.056884641808,,,,319.671875,,
step_no_render_direct_sim,880,0.00025058299999969336,3990.693702291152,,,,319.671875,,
step_no_render_direct_sim,881,0.00025549999999974204,3913.8943248571804,,,,319.671875,,
step_no_render_direct_sim,882,0.0002445420000007914,4089.2770975814533,,,,319.671875,,
step_no_render_direct_sim,883,0.0002410000000008239,4149.3775933468105,,,,319.671875,,
step_no_render_direct_sim,884,0.00024574999999948943,4069.1759918701023,,,,319.671875,,
step_no_render_direct_sim,885,0.0002479580000009918,4032.94106258318,,,,319.671875,,
step_no_render_direct_sim,886,0.00026858400000051574,3723.229976462037,,,,319.671875,,
step_no_render_direct_sim,887,0.00025545900000167876,3914.522486948702,,,,319.671875,,
step_no_render_direct_sim,888,0.00026212499999900274,3814.9737720698313,,,,319.671875,,
step_no_render_direct_sim,889,0.0002722079999983862,3673.661317837568,,,,319.671875,,
step_no_render_direct_sim,890,0.00030120899999985795,3319.9539190411692,,,,319.671875,,
step_no_render_direct_sim,891,0.0002548329999996213,3924.138553489878,,,,319.671875,,
step_no_render_direct_sim,892,0.0002584999999992732,3868.471953589213,,,,319.671875,,
step_no_render_direct_sim,893,0.00024541600000027586,4074.7139550757734,,,,319.671875,,
step_no_render_direct_sim,894,0.00025570800000096483,3910.710654325351,,,,319.671875,,
step_no_render_direct_sim,895,0.00024516600000090705,4078.8690111854835,,,,319.671875,,
step_no_render_direct_sim,896,0.0002159580000000716,4630.5300104634625,,,,319.671875,,
step_no_render_direct_sim,897,0.0002746249999994177,3641.3290851237884,,,,319.671875,,
step_no_render_direct_sim,898,0.00023387499999927286,4275.788348490044,,,,319.671875,,
step_no_render_direct_sim,899,0.00025170900000048846,3972.841654442469,,,,319.671875,,
step_no_render_direct_sim,900,0.0002519999999996969,3968.253968258741,,,,319.671875,,
step_no_render_direct_sim,901,0.00033099999999919305,3021.148036261142,,,,319.671875,,
step_no_render_direct_sim,902,0.000256000000000256,3906.2499999960933,,,,319.671875,,
step_no_render_direct_sim,903,0.0002474160000005554,4041.775794604048,,,,319.671875,,
step_no_render_direct_sim,904,0.00026512500000031025,3771.805751999358,,,,319.671875,,
step_no_render_direct_sim,905,0.00028212500000002194,3544.5281346917936,,,,319.671875,,
step_no_render_direct_sim,906,0.00024162499999924592,4138.644593908415,,,,319.671875,,
step_no_render_direct_sim,907,0.00020016699999914067,4995.828483237961,,,,319.671875,,
step_no_render_direct_sim,908,0.00032420800000032557,3084.439619006921,,,,319.671875,,
step_no_render_direct_sim,909,0.00029054200000011576,3441.8431758561637,,,,319.671875,,
step_no_render_direct_sim,910,0.0002925420000003953,3418.312584171328,,,,319.671875,,
step_no_render_direct_sim,911,0.00026279200000089986,3805.2908764215645,,,,319.671875,,
step_no_render_direct_sim,912,0.00028387499999915633,3522.67723470884,,,,319.671875,,
step_no_render_direct_sim,913,0.000246042000000557,4064.346737539673,,,,319.671875,,
step_no_render_direct_sim,914,0.00026729100000011385,3741.2408199287447,,,,319.671875,,
step_no_render_direct_sim,915,0.0002996250000002476,3337.50521484914,,,,319.671875,,
step_no_render_direct_sim,916,0.00027150000000020214,3683.2412522992836,,,,319.671875,,
step_no_render_direct_sim,917,0.0002665420000003138,3751.753944964856,,,,319.671875,,
step_no_render_direct_sim,918,0.00025066600000123174,3989.3723121408016,,,,319.671875,,
step_no_render_direct_sim,919,0.0002631250000000307,3800.4750593819795,,,,319.671875,,
step_no_render_direct_sim,920,0.0002694160000000778,3711.7320426393057,,,,319.671875,,
step_no_render_direct_sim,921,0.00026033299999994597,3841.234111696203,,,,319.671875,,
step_no_render_direct_sim,922,0.0002461670000002414,4062.2829217523854,,,,319.671875,,
step_no_render_direct_sim,923,0.00026395899999975825,3788.467148310593,,,,319.671875,,
step_no_render_direct_sim,924,0.00024029199999908712,4161.603382567039,,,,319.671875,,
step_no_render_direct_sim,925,0.00024070899999983908,4154.393894705509,,,,319.671875,,
step_no_render_direct_sim,926,0.0002743750000000489,3644.646924828508,,,,319.671875,,
step_no_render_direct_sim,927,0.00024333300000023428,4109.594670673674,,,,319.671875,,
step_no_render_direct_sim,928,0.00025045800000000895,3992.6854003464223,,,,319.671875,,
step_no_render_direct_sim,929,0.00026108299999982876,3830.199591703236,,,,319.671875,,
step_no_render_direct_sim,930,0.0002777089999987936,3600.8915807710378,,,,319.671875,,
step_no_render_direct_sim,931,0.00026391699999983587,3789.0700485403436,,,,319.671875,,
step_no_render_direct_sim,932,0.00024241599999896835,4125.140254786217,,,,319.671875,,
step_no_render_direct_sim,933,0.0002356250000001836,4244.03183023542,,,,319.671875,,
step_no_render_direct_sim,934,0.0003124579999997934,3200.430137812638,,,,319.671875,,
step_no_render_direct_sim,935,0.0002732499999993365,3659.6523330372484,,,,319.671875,,
step_no_render_direct_sim,936,0.0005308330000008965,1883.8316381956492,,,,319.671875,,
step_no_render_direct_sim,937,0.00025633299999938686,3901.1754241646295,,,,319.671875,,
step_no_render_direct_sim,938,0.0002683750000009866,3726.1294829858366,,,,319.671875,,
step_no_render_direct_sim,939,0.0002693330000003158,3712.8758822677783,,,,319.671875,,
step_no_render_direct_sim,940,0.00025537500000005764,3915.8100832100804,,,,319.671875,,
step_no_render_direct_sim,941,0.0007582500000005155,1318.8262446413719,,,,319.671875,,
step_no_render_direct_sim,942,0.00028191600000049277,3547.1558904008716,,,,319.671875,,
step_no_render_direct_sim,943,0.0003209169999998096,3116.070510445359,,,,319.671875,,
step_no_render_direct_sim,944,0.00028183399999903713,3548.18794043095,,,,319.671875,,
step_no_render_direct_sim,945,0.000282290999999546,3542.443790278855,,,,319.671875,,
step_no_render_direct_sim,946,0.00028008399999990274,3570.3574641905543,,,,319.671875,,
step_no_render_direct_sim,947,0.0003073749999984443,3253.3550223832817,,,,319.671875,,
step_no_render_direct_sim,948,0.00023795800000137035,4202.422276175801,,,,319.671875,,
step_no_render_direct_sim,949,0.00027137500000051773,3684.9378166673137,,,,319.671875,,
step_no_render_direct_sim,950,0.0002267090000014349,4410.940897774993,,,,319.671875,,
step_no_render_direct_sim,951,0.00024287499999964268,4117.344312924225,,,,319.671875,,
step_no_render_direct_sim,952,0.00027916600000033043,3582.098106498701,,,,319.671875,,
step_no_render_direct_sim,953,0.000268458999999055,3724.963588494035,,,,319.671875,,
step_no_render_direct_sim,954,0.00025979199999959235,3849.233232746078,,,,319.671875,,
step_no_render_direct_sim,955,0.0002554589999999024,3914.5224869759218,,,,319.671875,,
step_no_render_direct_sim,956,0.0002566250000004544,3896.736483188424,,,,319.671875,,
step_no_render_direct_sim,957,0.00026883399999988455,3719.7675889226416,,,,319.671875,,
step_no_render_direct_sim,958,0.00026408399999944265,3786.6739370886175,,,,319.671875,,
step_no_render_direct_sim,959,0.00026112499999975114,3829.5835327944587,,,,319.671875,,
step_no_render_direct_sim,960,0.00030362499999903036,3293.5364347573272,,,,319.671875,,
step_no_render_direct_sim,961,0.0002353750000008148,4248.539564509988,,,,319.671875,,
step_no_render_direct_sim,962,0.0002179590000004339,4588.0188475722925,,,,319.671875,,
step_no_render_direct_sim,963,0.00026179200000164826,3819.8264270631034,,,,319.671875,,
step_no_render_direct_sim,964,0.0002566250000004544,3896.736483188424,,,,319.671875,,
step_no_render_direct_sim,965,0.000255334000000218,3916.4388604696055,,,,319.671875,,
step_no_render_direct_sim,966,0.0003001250000007616,3331.945022898667,,,,319.671875,,
step_no_render_direct_sim,967,0.0002612080000012895,3828.3666656268692,,,,319.671875,,
step_no_render_direct_sim,968,0.00027954200000124274,3577.279979378964,,,,319.671875,,
step_no_render_direct_sim,969,0.0002801249999997424,3569.8348951393828,,,,319.671875,,
step_no_render_direct_sim,970,0.0002784170000005304,3591.734700101269,,,,319.671875,,
step_no_render_direct_sim,971,0.0002502079999988638,3996.674766612343,,,,319.671875,,
step_no_render_direct_sim,972,0.0002973749999988229,3362.757461131428,,,,319.671875,,
step_no_render_direct_sim,973,0.0002630830000001083,3801.0817878752646,,,,319.671875,,
step_no_render_direct_sim,974,0.00026816599999968105,3729.033509099548,,,,319.671875,,
step_no_render_direct_sim,975,0.0002526669999998177,3957.778419820244,,,,319.671875,,
step_no_render_direct_sim,976,0.0002648329999992427,3775.9644757370097,,,,319.671875,,
step_no_render_direct_sim,977,0.0002473339999990998,4043.1157867646166,,,,319.671875,,
step_no_render_direct_sim,978,0.00027066699999878097,3694.5767308334734,,,,319.671875,,
step_no_render_direct_sim,979,0.00028229100000132235,3542.4437902565637,,,,319.671875,,
step_no_render_direct_sim,980,0.00025466700000009723,3926.6964310241146,,,,319.671875,,
step_no_render_direct_sim,981,0.0002589999999997872,3861.0038610070337,,,,319.671875,,
step_no_render_direct_sim,982,0.0002801670000014411,3569.2997390658293,,,,319.671875,,
step_no_render_direct_sim,983,0.0002632499999997151,3798.670465341243,,,,319.671875,,
step_no_render_direct_sim,984,0.00028991599999983464,3449.27496240487,,,,319.671875,,
step_no_render_direct_sim,985,0.0002497919999999709,4003.3307712021056,,,,319.671875,,
step_no_render_direct_sim,986,0.00022045800000114468,4536.0113944370705,,,,319.671875,,
step_no_render_direct_sim,987,0.0002902910000006642,3444.8191642100924,,,,319.671875,,
step_no_render_direct_sim,988,0.0002712920000007557,3686.0651991109744,,,,319.671875,,
step_no_render_direct_sim,989,0.0002695829999996846,3709.432716459012,,,,319.671875,,
step_no_render_direct_sim,990,0.0002959160000006733,3379.337379518933,,,,319.671875,,
step_no_render_direct_sim,991,0.00029383300000063173,3403.293707642947,,,,319.671875,,
step_no_render_direct_sim,992,0.0002665420000003138,3751.753944964856,,,,319.671875,,
step_no_render_direct_sim,993,0.0003339160000006558,2994.765150511015,,,,319.671875,,
step_no_render_direct_sim,994,0.00033170799999915346,3014.6996756260087,,,,319.671875,,
step_no_render_direct_sim,995,0.00026566600000066387,3764.1248785975663,,,,319.671875,,
step_no_render_direct_sim,996,0.00022520800000158658,4440.33959714111,,,,319.671875,,
step_no_render_direct_sim,997,0.00027920900000033555,3581.5464401176114,,,,319.671875,,
step_no_render_direct_sim,998,0.0002602910000000236,3841.8539250297144,,,,319.671875,,
step_no_render_direct_sim,999,0.00022262499999925467,4491.858506472085,,,,319.671875,,
two_camera_render_readback_direct_sim,,,,,,,319.671875,,"render worker exited with 1; stdout=''; stderr='>\nTraceback (most recent call last):\n  File ""/Library/Frameworks/Python.framework/Versions/3.9/lib/python3.9/site-packages/mujoco/renderer.py"", line 335, in __del__\n    self.close()\n  File ""/Library/Frameworks/Python.framework/Versions/3.9/lib/python3.9/site-packages/mujoco/renderer.py"", line 323, in close\n    if self._mjr_context:\nAttributeError: \'Renderer\' object has no attribute \'_mjr_context\'\n'; CGLError: invalid CoreGraphics connection"
